<?xml version="1.0" encoding="UTF-8"?>
<gpx creator="Wikiloc - https://www.wikiloc.com" version="1.1" xmlns="http://www.topografix.com/GPX/1/1" xmlns:xsi="http://www.w3.org/2001/XMLSchema-instance" xsi:schemaLocation="http://www.topografix.com/GPX/1/1 http://www.topografix.com/GPX/1/1/gpx.xsd">
  <metadata>
    <name>Wikiloc - Kangas Mountain Maxi Trail 2024</name>
    <author>
      <name>KomtyEventos</name>
      <link href="https://www.wikiloc.com/wikiloc/user.do?id=1008178">
        <text>KomtyEventos on Wikiloc</text>
      </link>
    </author>
    <link href="https://www.wikiloc.com/trail-running-trails/kangas-mountain-maxi-trail-2024-156605635">
      <text>Kangas Mountain Maxi Trail 2024 on Wikiloc</text>
    </link>
    <time>2023-12-26T19:55:51Z</time>
  </metadata>
  <trk>
    <name>Kangas Mountain Maxi Trail 2024</name>
    <cmt>El Maxi Trail de la Kangas Mountain discurre por los concejos de Cangas de Onís y Parres. Con salida desde el centro de Cangas de Onís, el recorrido lleva a los participantes al Pico del Arbolín y al Pico de La Cerica para regresar a Cangas de Onís cruzando el río Sella por el mítico Puente Romano antes de dirigirse hacia La Cogolla y el Collado L´Andrin. 
 
Tras descender, de nuevo toca cruzar el río Sella y remontar el Dobra por su orilla izquierda antes de afrontar la tercera, y más dura, ascensión del día. Al alcanzar la cima del alto de Següenco, los corredores afrontarán la esperada bajada hacia la meta de Cangas de Onís. 
www.kangasmountain.es 
 
Ruta circular desde Cangas de Onís pasando por: 
- Pico Arbolín (7.5 km) 
- Faes (14.7 km) 
- Puente Romano de Cangas de Onís (24.0 km) 
- Pico Cogolla (31.2 km) 
- Caxigos (36.2 km) 
- Puente Dobra (47.2 km)</cmt>
    <desc>El Maxi Trail de la Kangas Mountain discurre por los concejos de Cangas de Onís y Parres. Con salida desde el centro de Cangas de Onís, el recorrido lleva a los participantes al Pico del Arbolín y al Pico de La Cerica para regresar a Cangas de Onís cruzando el río Sella por el mítico Puente Romano antes de dirigirse hacia La Cogolla y el Collado L´Andrin. 
 
Tras descender, de nuevo toca cruzar el río Sella y remontar el Dobra por su orilla izquierda antes de afrontar la tercera, y más dura, ascensión del día. Al alcanzar la cima del alto de Següenco, los corredores afrontarán la esperada bajada hacia la meta de Cangas de Onís. 
www.kangasmountain.es 
 
Ruta circular desde Cangas de Onís pasando por: 
- Pico Arbolín (7.5 km) 
- Faes (14.7 km) 
- Puente Romano de Cangas de Onís (24.0 km) 
- Pico Cogolla (31.2 km) 
- Caxigos (36.2 km) 
- Puente Dobra (47.2 km)</desc>
    <trkseg>
      <trkpt lat="43.349895" lon="-5.128909">
        <ele>65.333</ele>
        <time>2023-12-26T19:55:51Z</time>
      </trkpt>
      <trkpt lat="43.349916" lon="-5.128807">
        <ele>65.523</ele>
        <time>2023-12-26T19:56:31Z</time>
      </trkpt>
      <trkpt lat="43.349932" lon="-5.128706">
        <ele>65.615</ele>
        <time>2023-12-26T19:57:11Z</time>
      </trkpt>
      <trkpt lat="43.349988" lon="-5.128432">
        <ele>65.809</ele>
        <time>2023-12-26T19:57:51Z</time>
      </trkpt>
      <trkpt lat="43.350070" lon="-5.128166">
        <ele>66.234</ele>
        <time>2023-12-26T19:58:31Z</time>
      </trkpt>
      <trkpt lat="43.350133" lon="-5.128016">
        <ele>66.328</ele>
        <time>2023-12-26T19:59:11Z</time>
      </trkpt>
      <trkpt lat="43.350222" lon="-5.127831">
        <ele>65.959</ele>
        <time>2023-12-26T19:59:51Z</time>
      </trkpt>
      <trkpt lat="43.350334" lon="-5.127614">
        <ele>65.369</ele>
        <time>2023-12-26T20:00:31Z</time>
      </trkpt>
      <trkpt lat="43.350404" lon="-5.127477">
        <ele>65.333</ele>
        <time>2023-12-26T20:01:11Z</time>
      </trkpt>
      <trkpt lat="43.350462" lon="-5.127338">
        <ele>65.538</ele>
        <time>2023-12-26T20:01:51Z</time>
      </trkpt>
      <trkpt lat="43.350533" lon="-5.127177">
        <ele>64.799</ele>
        <time>2023-12-26T20:02:31Z</time>
      </trkpt>
      <trkpt lat="43.350650" lon="-5.126857">
        <ele>64.766</ele>
        <time>2023-12-26T20:03:11Z</time>
      </trkpt>
      <trkpt lat="43.350806" lon="-5.126471">
        <ele>64.858</ele>
        <time>2023-12-26T20:03:51Z</time>
      </trkpt>
      <trkpt lat="43.350886" lon="-5.126243">
        <ele>65.234</ele>
        <time>2023-12-26T20:04:31Z</time>
      </trkpt>
      <trkpt lat="43.350944" lon="-5.126047">
        <ele>65.355</ele>
        <time>2023-12-26T20:05:11Z</time>
      </trkpt>
      <trkpt lat="43.350962" lon="-5.125908">
        <ele>65.510</ele>
        <time>2023-12-26T20:05:51Z</time>
      </trkpt>
      <trkpt lat="43.350964" lon="-5.125653">
        <ele>66.209</ele>
        <time>2023-12-26T20:06:31Z</time>
      </trkpt>
      <trkpt lat="43.350936" lon="-5.125302">
        <ele>67.294</ele>
        <time>2023-12-26T20:07:11Z</time>
      </trkpt>
      <trkpt lat="43.350911" lon="-5.125009">
        <ele>66.548</ele>
        <time>2023-12-26T20:07:51Z</time>
      </trkpt>
      <trkpt lat="43.350886" lon="-5.124647">
        <ele>65.549</ele>
        <time>2023-12-26T20:08:31Z</time>
      </trkpt>
      <trkpt lat="43.350870" lon="-5.124312">
        <ele>65.549</ele>
        <time>2023-12-26T20:09:11Z</time>
      </trkpt>
      <trkpt lat="43.350876" lon="-5.124197">
        <ele>65.453</ele>
        <time>2023-12-26T20:09:51Z</time>
      </trkpt>
      <trkpt lat="43.351022" lon="-5.124197">
        <ele>63.358</ele>
        <time>2023-12-26T20:10:31Z</time>
      </trkpt>
      <trkpt lat="43.351285" lon="-5.124170">
        <ele>62.679</ele>
        <time>2023-12-26T20:11:11Z</time>
      </trkpt>
      <trkpt lat="43.351494" lon="-5.124167">
        <ele>62.696</ele>
        <time>2023-12-26T20:11:51Z</time>
      </trkpt>
      <trkpt lat="43.351555" lon="-5.124130">
        <ele>62.328</ele>
        <time>2023-12-26T20:12:31Z</time>
      </trkpt>
      <trkpt lat="43.351592" lon="-5.124009">
        <ele>62.151</ele>
        <time>2023-12-26T20:13:11Z</time>
      </trkpt>
      <trkpt lat="43.351607" lon="-5.123861">
        <ele>62.001</ele>
        <time>2023-12-26T20:13:51Z</time>
      </trkpt>
      <trkpt lat="43.351611" lon="-5.123269">
        <ele>63.011</ele>
        <time>2023-12-26T20:14:31Z</time>
      </trkpt>
      <trkpt lat="43.351597" lon="-5.122941">
        <ele>63.809</ele>
        <time>2023-12-26T20:15:11Z</time>
      </trkpt>
      <trkpt lat="43.351594" lon="-5.122671">
        <ele>64.826</ele>
        <time>2023-12-26T20:15:51Z</time>
      </trkpt>
      <trkpt lat="43.351580" lon="-5.122523">
        <ele>65.320</ele>
        <time>2023-12-26T20:16:31Z</time>
      </trkpt>
      <trkpt lat="43.351539" lon="-5.122394">
        <ele>64.941</ele>
        <time>2023-12-26T20:17:11Z</time>
      </trkpt>
      <trkpt lat="43.351428" lon="-5.122040">
        <ele>65.481</ele>
        <time>2023-12-26T20:17:51Z</time>
      </trkpt>
      <trkpt lat="43.351336" lon="-5.121694">
        <ele>66.055</ele>
        <time>2023-12-26T20:18:31Z</time>
      </trkpt>
      <trkpt lat="43.351297" lon="-5.121482">
        <ele>65.390</ele>
        <time>2023-12-26T20:19:11Z</time>
      </trkpt>
      <trkpt lat="43.351264" lon="-5.121214">
        <ele>65.451</ele>
        <time>2023-12-26T20:19:51Z</time>
      </trkpt>
      <trkpt lat="43.351239" lon="-5.120989">
        <ele>65.358</ele>
        <time>2023-12-26T20:20:31Z</time>
      </trkpt>
      <trkpt lat="43.351223" lon="-5.120664">
        <ele>64.750</ele>
        <time>2023-12-26T20:21:11Z</time>
      </trkpt>
      <trkpt lat="43.351239" lon="-5.120391">
        <ele>64.874</ele>
        <time>2023-12-26T20:21:51Z</time>
      </trkpt>
      <trkpt lat="43.351242" lon="-5.119768">
        <ele>67.156</ele>
        <time>2023-12-26T20:22:31Z</time>
      </trkpt>
      <trkpt lat="43.351235" lon="-5.119468">
        <ele>67.821</ele>
        <time>2023-12-26T20:23:11Z</time>
      </trkpt>
      <trkpt lat="43.351186" lon="-5.119245">
        <ele>66.709</ele>
        <time>2023-12-26T20:23:51Z</time>
      </trkpt>
      <trkpt lat="43.351106" lon="-5.118905">
        <ele>66.888</ele>
        <time>2023-12-26T20:24:31Z</time>
      </trkpt>
      <trkpt lat="43.351014" lon="-5.118492">
        <ele>68.122</ele>
        <time>2023-12-26T20:25:11Z</time>
      </trkpt>
      <trkpt lat="43.350973" lon="-5.118347">
        <ele>67.563</ele>
        <time>2023-12-26T20:25:51Z</time>
      </trkpt>
      <trkpt lat="43.350925" lon="-5.118097">
        <ele>67.153</ele>
        <time>2023-12-26T20:26:31Z</time>
      </trkpt>
      <trkpt lat="43.350872" lon="-5.117894">
        <ele>66.337</ele>
        <time>2023-12-26T20:27:11Z</time>
      </trkpt>
      <trkpt lat="43.350854" lon="-5.117775">
        <ele>66.562</ele>
        <time>2023-12-26T20:27:51Z</time>
      </trkpt>
      <trkpt lat="43.350893" lon="-5.117700">
        <ele>67.873</ele>
        <time>2023-12-26T20:28:31Z</time>
      </trkpt>
      <trkpt lat="43.351182" lon="-5.117593">
        <ele>71.090</ele>
        <time>2023-12-26T20:29:11Z</time>
      </trkpt>
      <trkpt lat="43.351198" lon="-5.117518">
        <ele>70.592</ele>
        <time>2023-12-26T20:29:51Z</time>
      </trkpt>
      <trkpt lat="43.351166" lon="-5.117368">
        <ele>70.224</ele>
        <time>2023-12-26T20:30:31Z</time>
      </trkpt>
      <trkpt lat="43.351118" lon="-5.117207">
        <ele>69.904</ele>
        <time>2023-12-26T20:31:11Z</time>
      </trkpt>
      <trkpt lat="43.351081" lon="-5.117030">
        <ele>69.414</ele>
        <time>2023-12-26T20:31:51Z</time>
      </trkpt>
      <trkpt lat="43.351045" lon="-5.116810">
        <ele>69.209</ele>
        <time>2023-12-26T20:32:31Z</time>
      </trkpt>
      <trkpt lat="43.350999" lon="-5.116515">
        <ele>69.443</ele>
        <time>2023-12-26T20:33:11Z</time>
      </trkpt>
      <trkpt lat="43.350981" lon="-5.116367">
        <ele>69.427</ele>
        <time>2023-12-26T20:33:51Z</time>
      </trkpt>
      <trkpt lat="43.350962" lon="-5.116180">
        <ele>69.178</ele>
        <time>2023-12-26T20:34:31Z</time>
      </trkpt>
      <trkpt lat="43.350960" lon="-5.115957">
        <ele>69.098</ele>
        <time>2023-12-26T20:35:11Z</time>
      </trkpt>
      <trkpt lat="43.350964" lon="-5.115708">
        <ele>68.892</ele>
        <time>2023-12-26T20:35:51Z</time>
      </trkpt>
      <trkpt lat="43.350971" lon="-5.115488">
        <ele>68.597</ele>
        <time>2023-12-26T20:36:31Z</time>
      </trkpt>
      <trkpt lat="43.350977" lon="-5.115292">
        <ele>68.548</ele>
        <time>2023-12-26T20:37:11Z</time>
      </trkpt>
      <trkpt lat="43.351018" lon="-5.114871">
        <ele>69.225</ele>
        <time>2023-12-26T20:37:51Z</time>
      </trkpt>
      <trkpt lat="43.351045" lon="-5.114627">
        <ele>69.277</ele>
        <time>2023-12-26T20:38:31Z</time>
      </trkpt>
      <trkpt lat="43.351131" lon="-5.113932">
        <ele>69.736</ele>
        <time>2023-12-26T20:39:11Z</time>
      </trkpt>
      <trkpt lat="43.351155" lon="-5.113701">
        <ele>70.617</ele>
        <time>2023-12-26T20:39:51Z</time>
      </trkpt>
      <trkpt lat="43.351202" lon="-5.113320">
        <ele>72.318</ele>
        <time>2023-12-26T20:40:31Z</time>
      </trkpt>
      <trkpt lat="43.351260" lon="-5.112835">
        <ele>73.909</ele>
        <time>2023-12-26T20:41:11Z</time>
      </trkpt>
      <trkpt lat="43.351301" lon="-5.112521">
        <ele>74.524</ele>
        <time>2023-12-26T20:41:51Z</time>
      </trkpt>
      <trkpt lat="43.351322" lon="-5.112339">
        <ele>75.188</ele>
        <time>2023-12-26T20:42:31Z</time>
      </trkpt>
      <trkpt lat="43.351334" lon="-5.112186">
        <ele>75.249</ele>
        <time>2023-12-26T20:43:11Z</time>
      </trkpt>
      <trkpt lat="43.351350" lon="-5.112084">
        <ele>75.149</ele>
        <time>2023-12-26T20:43:51Z</time>
      </trkpt>
      <trkpt lat="43.351402" lon="-5.111971">
        <ele>75.623</ele>
        <time>2023-12-26T20:44:31Z</time>
      </trkpt>
      <trkpt lat="43.351463" lon="-5.111896">
        <ele>76.778</ele>
        <time>2023-12-26T20:45:11Z</time>
      </trkpt>
      <trkpt lat="43.351519" lon="-5.111851">
        <ele>77.739</ele>
        <time>2023-12-26T20:45:51Z</time>
      </trkpt>
      <trkpt lat="43.351619" lon="-5.111794">
        <ele>79.566</ele>
        <time>2023-12-26T20:46:31Z</time>
      </trkpt>
      <trkpt lat="43.351711" lon="-5.111757">
        <ele>81.138</ele>
        <time>2023-12-26T20:47:11Z</time>
      </trkpt>
      <trkpt lat="43.351800" lon="-5.111687">
        <ele>81.891</ele>
        <time>2023-12-26T20:47:51Z</time>
      </trkpt>
      <trkpt lat="43.351890" lon="-5.111539">
        <ele>81.581</ele>
        <time>2023-12-26T20:48:31Z</time>
      </trkpt>
      <trkpt lat="43.351980" lon="-5.111408">
        <ele>81.619</ele>
        <time>2023-12-26T20:49:11Z</time>
      </trkpt>
      <trkpt lat="43.352060" lon="-5.111293">
        <ele>83.009</ele>
        <time>2023-12-26T20:49:51Z</time>
      </trkpt>
      <trkpt lat="43.352095" lon="-5.111336">
        <ele>84.740</ele>
        <time>2023-12-26T20:50:31Z</time>
      </trkpt>
      <trkpt lat="43.352081" lon="-5.111357">
        <ele>84.514</ele>
        <time>2023-12-26T20:51:11Z</time>
      </trkpt>
      <trkpt lat="43.352015" lon="-5.111781">
        <ele>89.885</ele>
        <time>2023-12-26T20:51:51Z</time>
      </trkpt>
      <trkpt lat="43.351880" lon="-5.112028">
        <ele>91.365</ele>
        <time>2023-12-26T20:52:31Z</time>
      </trkpt>
      <trkpt lat="43.351830" lon="-5.112167">
        <ele>93.149</ele>
        <time>2023-12-26T20:53:11Z</time>
      </trkpt>
      <trkpt lat="43.351869" lon="-5.112205">
        <ele>95.224</ele>
        <time>2023-12-26T20:53:51Z</time>
      </trkpt>
      <trkpt lat="43.351984" lon="-5.112156">
        <ele>97.695</ele>
        <time>2023-12-26T20:54:31Z</time>
      </trkpt>
      <trkpt lat="43.352280" lon="-5.111875">
        <ele>101.132</ele>
        <time>2023-12-26T20:55:11Z</time>
      </trkpt>
      <trkpt lat="43.352350" lon="-5.111824">
        <ele>104.094</ele>
        <time>2023-12-26T20:55:51Z</time>
      </trkpt>
      <trkpt lat="43.352358" lon="-5.111864">
        <ele>105.096</ele>
        <time>2023-12-26T20:56:31Z</time>
      </trkpt>
      <trkpt lat="43.352296" lon="-5.112183">
        <ele>110.131</ele>
        <time>2023-12-26T20:57:11Z</time>
      </trkpt>
      <trkpt lat="43.352296" lon="-5.112398">
        <ele>116.624</ele>
        <time>2023-12-26T20:57:51Z</time>
      </trkpt>
      <trkpt lat="43.352274" lon="-5.112567">
        <ele>120.309</ele>
        <time>2023-12-26T20:58:31Z</time>
      </trkpt>
      <trkpt lat="43.352175" lon="-5.113007">
        <ele>123.250</ele>
        <time>2023-12-26T20:59:11Z</time>
      </trkpt>
      <trkpt lat="43.352194" lon="-5.113248">
        <ele>126.584</ele>
        <time>2023-12-26T20:59:51Z</time>
      </trkpt>
      <trkpt lat="43.352188" lon="-5.113559">
        <ele>129.625</ele>
        <time>2023-12-26T21:00:31Z</time>
      </trkpt>
      <trkpt lat="43.352192" lon="-5.113774">
        <ele>131.885</ele>
        <time>2023-12-26T21:01:11Z</time>
      </trkpt>
      <trkpt lat="43.352198" lon="-5.114047">
        <ele>133.179</ele>
        <time>2023-12-26T21:01:51Z</time>
      </trkpt>
      <trkpt lat="43.352198" lon="-5.114165">
        <ele>133.214</ele>
        <time>2023-12-26T21:02:31Z</time>
      </trkpt>
      <trkpt lat="43.352276" lon="-5.114616">
        <ele>138.895</ele>
        <time>2023-12-26T21:03:11Z</time>
      </trkpt>
      <trkpt lat="43.352381" lon="-5.115085">
        <ele>146.912</ele>
        <time>2023-12-26T21:03:51Z</time>
      </trkpt>
      <trkpt lat="43.352619" lon="-5.115536">
        <ele>160.654</ele>
        <time>2023-12-26T21:04:31Z</time>
      </trkpt>
      <trkpt lat="43.352643" lon="-5.115681">
        <ele>161.011</ele>
        <time>2023-12-26T21:05:11Z</time>
      </trkpt>
      <trkpt lat="43.352674" lon="-5.115815">
        <ele>162.021</ele>
        <time>2023-12-26T21:05:51Z</time>
      </trkpt>
      <trkpt lat="43.352754" lon="-5.116027">
        <ele>164.703</ele>
        <time>2023-12-26T21:06:31Z</time>
      </trkpt>
      <trkpt lat="43.352832" lon="-5.116332">
        <ele>167.709</ele>
        <time>2023-12-26T21:07:11Z</time>
      </trkpt>
      <trkpt lat="43.352937" lon="-5.116665">
        <ele>172.512</ele>
        <time>2023-12-26T21:07:51Z</time>
      </trkpt>
      <trkpt lat="43.353089" lon="-5.117051">
        <ele>176.646</ele>
        <time>2023-12-26T21:08:31Z</time>
      </trkpt>
      <trkpt lat="43.353164" lon="-5.117210">
        <ele>180.537</ele>
        <time>2023-12-26T21:09:11Z</time>
      </trkpt>
      <trkpt lat="43.353255" lon="-5.117456">
        <ele>183.147</ele>
        <time>2023-12-26T21:09:51Z</time>
      </trkpt>
      <trkpt lat="43.353343" lon="-5.117647">
        <ele>184.881</ele>
        <time>2023-12-26T21:10:31Z</time>
      </trkpt>
      <trkpt lat="43.353419" lon="-5.117810">
        <ele>185.066</ele>
        <time>2023-12-26T21:11:11Z</time>
      </trkpt>
      <trkpt lat="43.353442" lon="-5.117880">
        <ele>184.337</ele>
        <time>2023-12-26T21:11:51Z</time>
      </trkpt>
      <trkpt lat="43.353661" lon="-5.118127">
        <ele>188.584</ele>
        <time>2023-12-26T21:12:31Z</time>
      </trkpt>
      <trkpt lat="43.353963" lon="-5.118285">
        <ele>192.056</ele>
        <time>2023-12-26T21:13:11Z</time>
      </trkpt>
      <trkpt lat="43.354209" lon="-5.118417">
        <ele>195.717</ele>
        <time>2023-12-26T21:13:51Z</time>
      </trkpt>
      <trkpt lat="43.354466" lon="-5.118521">
        <ele>200.387</ele>
        <time>2023-12-26T21:14:31Z</time>
      </trkpt>
      <trkpt lat="43.354718" lon="-5.118599">
        <ele>206.315</ele>
        <time>2023-12-26T21:15:11Z</time>
      </trkpt>
      <trkpt lat="43.354909" lon="-5.118679">
        <ele>211.709</ele>
        <time>2023-12-26T21:15:51Z</time>
      </trkpt>
      <trkpt lat="43.355028" lon="-5.118929">
        <ele>210.262</ele>
        <time>2023-12-26T21:16:31Z</time>
      </trkpt>
      <trkpt lat="43.355114" lon="-5.119109">
        <ele>208.776</ele>
        <time>2023-12-26T21:17:11Z</time>
      </trkpt>
      <trkpt lat="43.355219" lon="-5.119278">
        <ele>208.667</ele>
        <time>2023-12-26T21:17:51Z</time>
      </trkpt>
      <trkpt lat="43.355330" lon="-5.119428">
        <ele>208.557</ele>
        <time>2023-12-26T21:18:31Z</time>
      </trkpt>
      <trkpt lat="43.355434" lon="-5.119519">
        <ele>209.331</ele>
        <time>2023-12-26T21:19:11Z</time>
      </trkpt>
      <trkpt lat="43.355479" lon="-5.119626">
        <ele>209.076</ele>
        <time>2023-12-26T21:19:51Z</time>
      </trkpt>
      <trkpt lat="43.355520" lon="-5.119790">
        <ele>208.757</ele>
        <time>2023-12-26T21:20:31Z</time>
      </trkpt>
      <trkpt lat="43.355582" lon="-5.120053">
        <ele>209.244</ele>
        <time>2023-12-26T21:21:11Z</time>
      </trkpt>
      <trkpt lat="43.355662" lon="-5.120171">
        <ele>209.616</ele>
        <time>2023-12-26T21:21:51Z</time>
      </trkpt>
      <trkpt lat="43.355791" lon="-5.120181">
        <ele>210.954</ele>
        <time>2023-12-26T21:22:31Z</time>
      </trkpt>
      <trkpt lat="43.355837" lon="-5.120139">
        <ele>212.056</ele>
        <time>2023-12-26T21:23:11Z</time>
      </trkpt>
      <trkpt lat="43.355908" lon="-5.120061">
        <ele>213.211</ele>
        <time>2023-12-26T21:23:51Z</time>
      </trkpt>
      <trkpt lat="43.355982" lon="-5.120007">
        <ele>214.409</ele>
        <time>2023-12-26T21:24:31Z</time>
      </trkpt>
      <trkpt lat="43.356060" lon="-5.119854">
        <ele>217.856</ele>
        <time>2023-12-26T21:25:11Z</time>
      </trkpt>
      <trkpt lat="43.356140" lon="-5.119683">
        <ele>221.440</ele>
        <time>2023-12-26T21:25:51Z</time>
      </trkpt>
      <trkpt lat="43.356165" lon="-5.119642">
        <ele>222.041</ele>
        <time>2023-12-26T21:26:31Z</time>
      </trkpt>
      <trkpt lat="43.356192" lon="-5.119551">
        <ele>223.541</ele>
        <time>2023-12-26T21:27:11Z</time>
      </trkpt>
      <trkpt lat="43.356253" lon="-5.119406">
        <ele>225.675</ele>
        <time>2023-12-26T21:27:51Z</time>
      </trkpt>
      <trkpt lat="43.356311" lon="-5.119302">
        <ele>226.740</ele>
        <time>2023-12-26T21:28:31Z</time>
      </trkpt>
      <trkpt lat="43.356329" lon="-5.119235">
        <ele>227.691</ele>
        <time>2023-12-26T21:29:11Z</time>
      </trkpt>
      <trkpt lat="43.356387" lon="-5.119194">
        <ele>227.558</ele>
        <time>2023-12-26T21:29:51Z</time>
      </trkpt>
      <trkpt lat="43.356469" lon="-5.119138">
        <ele>227.170</ele>
        <time>2023-12-26T21:30:31Z</time>
      </trkpt>
      <trkpt lat="43.356497" lon="-5.119063">
        <ele>228.188</ele>
        <time>2023-12-26T21:31:11Z</time>
      </trkpt>
      <trkpt lat="43.356508" lon="-5.118991">
        <ele>229.424</ele>
        <time>2023-12-26T21:31:51Z</time>
      </trkpt>
      <trkpt lat="43.356502" lon="-5.118913">
        <ele>231.126</ele>
        <time>2023-12-26T21:32:31Z</time>
      </trkpt>
      <trkpt lat="43.356499" lon="-5.118851">
        <ele>232.509</ele>
        <time>2023-12-26T21:33:11Z</time>
      </trkpt>
      <trkpt lat="43.356461" lon="-5.118840">
        <ele>233.689</ele>
        <time>2023-12-26T21:33:51Z</time>
      </trkpt>
      <trkpt lat="43.356360" lon="-5.118891">
        <ele>234.543</ele>
        <time>2023-12-26T21:34:31Z</time>
      </trkpt>
      <trkpt lat="43.356288" lon="-5.118915">
        <ele>235.254</ele>
        <time>2023-12-26T21:35:11Z</time>
      </trkpt>
      <trkpt lat="43.356249" lon="-5.118974">
        <ele>234.514</ele>
        <time>2023-12-26T21:35:51Z</time>
      </trkpt>
      <trkpt lat="43.356202" lon="-5.118974">
        <ele>235.338</ele>
        <time>2023-12-26T21:36:31Z</time>
      </trkpt>
      <trkpt lat="43.356224" lon="-5.118889">
        <ele>237.073</ele>
        <time>2023-12-26T21:37:11Z</time>
      </trkpt>
      <trkpt lat="43.356265" lon="-5.118781">
        <ele>238.714</ele>
        <time>2023-12-26T21:37:51Z</time>
      </trkpt>
      <trkpt lat="43.356292" lon="-5.118722">
        <ele>239.631</ele>
        <time>2023-12-26T21:38:31Z</time>
      </trkpt>
      <trkpt lat="43.356323" lon="-5.118575">
        <ele>242.373</ele>
        <time>2023-12-26T21:39:11Z</time>
      </trkpt>
      <trkpt lat="43.356370" lon="-5.118414">
        <ele>245.485</ele>
        <time>2023-12-26T21:39:51Z</time>
      </trkpt>
      <trkpt lat="43.356391" lon="-5.118285">
        <ele>248.489</ele>
        <time>2023-12-26T21:40:31Z</time>
      </trkpt>
      <trkpt lat="43.356370" lon="-5.118138">
        <ele>253.017</ele>
        <time>2023-12-26T21:41:11Z</time>
      </trkpt>
      <trkpt lat="43.356366" lon="-5.118020">
        <ele>256.609</ele>
        <time>2023-12-26T21:41:51Z</time>
      </trkpt>
      <trkpt lat="43.356393" lon="-5.117963">
        <ele>258.079</ele>
        <time>2023-12-26T21:42:31Z</time>
      </trkpt>
      <trkpt lat="43.356450" lon="-5.117899">
        <ele>259.623</ele>
        <time>2023-12-26T21:43:11Z</time>
      </trkpt>
      <trkpt lat="43.356514" lon="-5.117835">
        <ele>261.284</ele>
        <time>2023-12-26T21:43:51Z</time>
      </trkpt>
      <trkpt lat="43.356586" lon="-5.117767">
        <ele>262.974</ele>
        <time>2023-12-26T21:44:31Z</time>
      </trkpt>
      <trkpt lat="43.356668" lon="-5.117668">
        <ele>264.898</ele>
        <time>2023-12-26T21:45:11Z</time>
      </trkpt>
      <trkpt lat="43.356727" lon="-5.117601">
        <ele>266.263</ele>
        <time>2023-12-26T21:45:51Z</time>
      </trkpt>
      <trkpt lat="43.356801" lon="-5.117507">
        <ele>268.324</ele>
        <time>2023-12-26T21:46:31Z</time>
      </trkpt>
      <trkpt lat="43.356830" lon="-5.117448">
        <ele>269.881</ele>
        <time>2023-12-26T21:47:11Z</time>
      </trkpt>
      <trkpt lat="43.356826" lon="-5.117352">
        <ele>272.513</ele>
        <time>2023-12-26T21:47:51Z</time>
      </trkpt>
      <trkpt lat="43.356818" lon="-5.117271">
        <ele>274.767</ele>
        <time>2023-12-26T21:48:31Z</time>
      </trkpt>
      <trkpt lat="43.356789" lon="-5.117220">
        <ele>276.081</ele>
        <time>2023-12-26T21:49:11Z</time>
      </trkpt>
      <trkpt lat="43.356781" lon="-5.117167">
        <ele>277.219</ele>
        <time>2023-12-26T21:49:51Z</time>
      </trkpt>
      <trkpt lat="43.356795" lon="-5.117086">
        <ele>278.909</ele>
        <time>2023-12-26T21:50:31Z</time>
      </trkpt>
      <trkpt lat="43.356814" lon="-5.116992">
        <ele>281.047</ele>
        <time>2023-12-26T21:51:11Z</time>
      </trkpt>
      <trkpt lat="43.356822" lon="-5.116906">
        <ele>282.421</ele>
        <time>2023-12-26T21:51:51Z</time>
      </trkpt>
      <trkpt lat="43.356772" lon="-5.116719">
        <ele>284.212</ele>
        <time>2023-12-26T21:52:31Z</time>
      </trkpt>
      <trkpt lat="43.356721" lon="-5.116641">
        <ele>284.792</ele>
        <time>2023-12-26T21:53:11Z</time>
      </trkpt>
      <trkpt lat="43.356678" lon="-5.116563">
        <ele>285.246</ele>
        <time>2023-12-26T21:53:51Z</time>
      </trkpt>
      <trkpt lat="43.356625" lon="-5.116480">
        <ele>285.751</ele>
        <time>2023-12-26T21:54:31Z</time>
      </trkpt>
      <trkpt lat="43.356602" lon="-5.116434">
        <ele>285.962</ele>
        <time>2023-12-26T21:55:11Z</time>
      </trkpt>
      <trkpt lat="43.356565" lon="-5.116332">
        <ele>286.769</ele>
        <time>2023-12-26T21:55:51Z</time>
      </trkpt>
      <trkpt lat="43.356540" lon="-5.116196">
        <ele>288.261</ele>
        <time>2023-12-26T21:56:31Z</time>
      </trkpt>
      <trkpt lat="43.356532" lon="-5.115973">
        <ele>290.355</ele>
        <time>2023-12-26T21:57:11Z</time>
      </trkpt>
      <trkpt lat="43.356516" lon="-5.115834">
        <ele>291.207</ele>
        <time>2023-12-26T21:57:51Z</time>
      </trkpt>
      <trkpt lat="43.356520" lon="-5.115694">
        <ele>292.817</ele>
        <time>2023-12-26T21:58:31Z</time>
      </trkpt>
      <trkpt lat="43.356526" lon="-5.115573">
        <ele>294.309</ele>
        <time>2023-12-26T21:59:11Z</time>
      </trkpt>
      <trkpt lat="43.356534" lon="-5.115410">
        <ele>295.566</ele>
        <time>2023-12-26T21:59:51Z</time>
      </trkpt>
      <trkpt lat="43.356532" lon="-5.115294">
        <ele>296.090</ele>
        <time>2023-12-26T22:00:31Z</time>
      </trkpt>
      <trkpt lat="43.356528" lon="-5.115206">
        <ele>296.371</ele>
        <time>2023-12-26T22:01:11Z</time>
      </trkpt>
      <trkpt lat="43.356534" lon="-5.115085">
        <ele>296.911</ele>
        <time>2023-12-26T22:01:51Z</time>
      </trkpt>
      <trkpt lat="43.356543" lon="-5.114970">
        <ele>297.615</ele>
        <time>2023-12-26T22:02:31Z</time>
      </trkpt>
      <trkpt lat="43.356553" lon="-5.114852">
        <ele>298.560</ele>
        <time>2023-12-26T22:03:11Z</time>
      </trkpt>
      <trkpt lat="43.356571" lon="-5.114785">
        <ele>299.311</ele>
        <time>2023-12-26T22:03:51Z</time>
      </trkpt>
      <trkpt lat="43.356612" lon="-5.114686">
        <ele>300.798</ele>
        <time>2023-12-26T22:04:31Z</time>
      </trkpt>
      <trkpt lat="43.356668" lon="-5.114501">
        <ele>302.060</ele>
        <time>2023-12-26T22:05:11Z</time>
      </trkpt>
      <trkpt lat="43.356715" lon="-5.114377">
        <ele>302.253</ele>
        <time>2023-12-26T22:05:51Z</time>
      </trkpt>
      <trkpt lat="43.356779" lon="-5.114203">
        <ele>301.504</ele>
        <time>2023-12-26T22:06:31Z</time>
      </trkpt>
      <trkpt lat="43.356859" lon="-5.114039">
        <ele>300.714</ele>
        <time>2023-12-26T22:07:11Z</time>
      </trkpt>
      <trkpt lat="43.356926" lon="-5.113986">
        <ele>300.309</ele>
        <time>2023-12-26T22:07:51Z</time>
      </trkpt>
      <trkpt lat="43.357002" lon="-5.113918">
        <ele>299.626</ele>
        <time>2023-12-26T22:08:31Z</time>
      </trkpt>
      <trkpt lat="43.357043" lon="-5.113851">
        <ele>299.060</ele>
        <time>2023-12-26T22:09:11Z</time>
      </trkpt>
      <trkpt lat="43.357076" lon="-5.113758">
        <ele>298.521</ele>
        <time>2023-12-26T22:09:51Z</time>
      </trkpt>
      <trkpt lat="43.357097" lon="-5.113661">
        <ele>298.051</ele>
        <time>2023-12-26T22:10:31Z</time>
      </trkpt>
      <trkpt lat="43.357099" lon="-5.113505">
        <ele>297.935</ele>
        <time>2023-12-26T22:11:11Z</time>
      </trkpt>
      <trkpt lat="43.357091" lon="-5.113371">
        <ele>298.080</ele>
        <time>2023-12-26T22:11:51Z</time>
      </trkpt>
      <trkpt lat="43.357064" lon="-5.113218">
        <ele>298.151</ele>
        <time>2023-12-26T22:12:31Z</time>
      </trkpt>
      <trkpt lat="43.357049" lon="-5.113076">
        <ele>298.448</ele>
        <time>2023-12-26T22:13:11Z</time>
      </trkpt>
      <trkpt lat="43.357027" lon="-5.112939">
        <ele>299.210</ele>
        <time>2023-12-26T22:13:51Z</time>
      </trkpt>
      <trkpt lat="43.357027" lon="-5.112889">
        <ele>299.697</ele>
        <time>2023-12-26T22:14:31Z</time>
      </trkpt>
      <trkpt lat="43.357019" lon="-5.112752">
        <ele>300.623</ele>
        <time>2023-12-26T22:15:11Z</time>
      </trkpt>
      <trkpt lat="43.357011" lon="-5.112655">
        <ele>301.325</ele>
        <time>2023-12-26T22:15:51Z</time>
      </trkpt>
      <trkpt lat="43.357000" lon="-5.112575">
        <ele>301.809</ele>
        <time>2023-12-26T22:16:31Z</time>
      </trkpt>
      <trkpt lat="43.356984" lon="-5.112494">
        <ele>302.020</ele>
        <time>2023-12-26T22:17:11Z</time>
      </trkpt>
      <trkpt lat="43.356976" lon="-5.112441">
        <ele>302.044</ele>
        <time>2023-12-26T22:17:51Z</time>
      </trkpt>
      <trkpt lat="43.356986" lon="-5.112371">
        <ele>302.515</ele>
        <time>2023-12-26T22:18:31Z</time>
      </trkpt>
      <trkpt lat="43.357058" lon="-5.112376">
        <ele>304.375</ele>
        <time>2023-12-26T22:19:11Z</time>
      </trkpt>
      <trkpt lat="43.357158" lon="-5.112446">
        <ele>306.669</ele>
        <time>2023-12-26T22:19:51Z</time>
      </trkpt>
      <trkpt lat="43.357323" lon="-5.112602">
        <ele>309.024</ele>
        <time>2023-12-26T22:20:31Z</time>
      </trkpt>
      <trkpt lat="43.357456" lon="-5.112787">
        <ele>312.395</ele>
        <time>2023-12-26T22:21:11Z</time>
      </trkpt>
      <trkpt lat="43.357546" lon="-5.112905">
        <ele>315.652</ele>
        <time>2023-12-26T22:21:51Z</time>
      </trkpt>
      <trkpt lat="43.357602" lon="-5.113017">
        <ele>317.854</ele>
        <time>2023-12-26T22:22:31Z</time>
      </trkpt>
      <trkpt lat="43.357632" lon="-5.113202">
        <ele>318.359</ele>
        <time>2023-12-26T22:23:11Z</time>
      </trkpt>
      <trkpt lat="43.357671" lon="-5.113505">
        <ele>319.603</ele>
        <time>2023-12-26T22:23:51Z</time>
      </trkpt>
      <trkpt lat="43.357708" lon="-5.113916">
        <ele>322.823</ele>
        <time>2023-12-26T22:24:31Z</time>
      </trkpt>
      <trkpt lat="43.357745" lon="-5.114294">
        <ele>325.509</ele>
        <time>2023-12-26T22:25:11Z</time>
      </trkpt>
      <trkpt lat="43.357772" lon="-5.114578">
        <ele>326.886</ele>
        <time>2023-12-26T22:25:51Z</time>
      </trkpt>
      <trkpt lat="43.357797" lon="-5.114801">
        <ele>328.270</ele>
        <time>2023-12-26T22:26:31Z</time>
      </trkpt>
      <trkpt lat="43.357829" lon="-5.114892">
        <ele>329.911</ele>
        <time>2023-12-26T22:27:11Z</time>
      </trkpt>
      <trkpt lat="43.357879" lon="-5.114973">
        <ele>332.061</ele>
        <time>2023-12-26T22:27:51Z</time>
      </trkpt>
      <trkpt lat="43.357946" lon="-5.115034">
        <ele>334.135</ele>
        <time>2023-12-26T22:28:31Z</time>
      </trkpt>
      <trkpt lat="43.357996" lon="-5.115080">
        <ele>335.110</ele>
        <time>2023-12-26T22:29:11Z</time>
      </trkpt>
      <trkpt lat="43.358028" lon="-5.115045">
        <ele>336.931</ele>
        <time>2023-12-26T22:29:51Z</time>
      </trkpt>
      <trkpt lat="43.358086" lon="-5.115077">
        <ele>337.128</ele>
        <time>2023-12-26T22:30:31Z</time>
      </trkpt>
      <trkpt lat="43.358137" lon="-5.114924">
        <ele>341.120</ele>
        <time>2023-12-26T22:31:11Z</time>
      </trkpt>
      <trkpt lat="43.358178" lon="-5.114895">
        <ele>342.675</ele>
        <time>2023-12-26T22:31:51Z</time>
      </trkpt>
      <trkpt lat="43.358238" lon="-5.114798">
        <ele>347.528</ele>
        <time>2023-12-26T22:32:31Z</time>
      </trkpt>
      <trkpt lat="43.358283" lon="-5.114838">
        <ele>347.520</ele>
        <time>2023-12-26T22:33:11Z</time>
      </trkpt>
      <trkpt lat="43.358455" lon="-5.114442">
        <ele>365.909</ele>
        <time>2023-12-26T22:33:51Z</time>
      </trkpt>
      <trkpt lat="43.358509" lon="-5.114498">
        <ele>368.178</ele>
        <time>2023-12-26T22:34:31Z</time>
      </trkpt>
      <trkpt lat="43.358593" lon="-5.114525">
        <ele>372.312</ele>
        <time>2023-12-26T22:35:11Z</time>
      </trkpt>
      <trkpt lat="43.358624" lon="-5.114479">
        <ele>375.593</ele>
        <time>2023-12-26T22:35:51Z</time>
      </trkpt>
      <trkpt lat="43.358720" lon="-5.114517">
        <ele>378.673</ele>
        <time>2023-12-26T22:36:31Z</time>
      </trkpt>
      <trkpt lat="43.358724" lon="-5.114436">
        <ele>381.427</ele>
        <time>2023-12-26T22:37:11Z</time>
      </trkpt>
      <trkpt lat="43.358843" lon="-5.114498">
        <ele>385.082</ele>
        <time>2023-12-26T22:37:51Z</time>
      </trkpt>
      <trkpt lat="43.358872" lon="-5.114452">
        <ele>387.963</ele>
        <time>2023-12-26T22:38:31Z</time>
      </trkpt>
      <trkpt lat="43.358921" lon="-5.114334">
        <ele>392.780</ele>
        <time>2023-12-26T22:39:11Z</time>
      </trkpt>
      <trkpt lat="43.359057" lon="-5.114305">
        <ele>397.732</ele>
        <time>2023-12-26T22:39:51Z</time>
      </trkpt>
      <trkpt lat="43.359151" lon="-5.114294">
        <ele>400.969</ele>
        <time>2023-12-26T22:40:31Z</time>
      </trkpt>
      <trkpt lat="43.359225" lon="-5.114294">
        <ele>400.504</ele>
        <time>2023-12-26T22:41:11Z</time>
      </trkpt>
      <trkpt lat="43.359260" lon="-5.114267">
        <ele>400.924</ele>
        <time>2023-12-26T22:41:51Z</time>
      </trkpt>
      <trkpt lat="43.359260" lon="-5.114219">
        <ele>402.409</ele>
        <time>2023-12-26T22:42:31Z</time>
      </trkpt>
      <trkpt lat="43.359239" lon="-5.114189">
        <ele>403.797</ele>
        <time>2023-12-26T22:43:11Z</time>
      </trkpt>
      <trkpt lat="43.359217" lon="-5.114117">
        <ele>406.191</ele>
        <time>2023-12-26T22:43:51Z</time>
      </trkpt>
      <trkpt lat="43.359215" lon="-5.114053">
        <ele>407.772</ele>
        <time>2023-12-26T22:44:31Z</time>
      </trkpt>
      <trkpt lat="43.359200" lon="-5.113972">
        <ele>410.112</ele>
        <time>2023-12-26T22:45:11Z</time>
      </trkpt>
      <trkpt lat="43.359188" lon="-5.113892">
        <ele>412.456</ele>
        <time>2023-12-26T22:45:51Z</time>
      </trkpt>
      <trkpt lat="43.359194" lon="-5.113835">
        <ele>412.971</ele>
        <time>2023-12-26T22:46:31Z</time>
      </trkpt>
      <trkpt lat="43.359233" lon="-5.113790">
        <ele>412.662</ele>
        <time>2023-12-26T22:47:11Z</time>
      </trkpt>
      <trkpt lat="43.359278" lon="-5.113741">
        <ele>412.239</ele>
        <time>2023-12-26T22:47:51Z</time>
      </trkpt>
      <trkpt lat="43.359320" lon="-5.113696">
        <ele>412.081</ele>
        <time>2023-12-26T22:48:31Z</time>
      </trkpt>
      <trkpt lat="43.359319" lon="-5.113631">
        <ele>413.088</ele>
        <time>2023-12-26T22:49:11Z</time>
      </trkpt>
      <trkpt lat="43.359315" lon="-5.113570">
        <ele>414.224</ele>
        <time>2023-12-26T22:49:51Z</time>
      </trkpt>
      <trkpt lat="43.359313" lon="-5.113546">
        <ele>414.826</ele>
        <time>2023-12-26T22:50:31Z</time>
      </trkpt>
      <trkpt lat="43.359319" lon="-5.113481">
        <ele>416.209</ele>
        <time>2023-12-26T22:51:11Z</time>
      </trkpt>
      <trkpt lat="43.359336" lon="-5.113401">
        <ele>418.099</ele>
        <time>2023-12-26T22:51:51Z</time>
      </trkpt>
      <trkpt lat="43.359346" lon="-5.113312">
        <ele>420.083</ele>
        <time>2023-12-26T22:52:31Z</time>
      </trkpt>
      <trkpt lat="43.359367" lon="-5.113213">
        <ele>421.914</ele>
        <time>2023-12-26T22:53:11Z</time>
      </trkpt>
      <trkpt lat="43.359402" lon="-5.113084">
        <ele>425.214</ele>
        <time>2023-12-26T22:53:51Z</time>
      </trkpt>
      <trkpt lat="43.359445" lon="-5.112921">
        <ele>428.988</ele>
        <time>2023-12-26T22:54:31Z</time>
      </trkpt>
      <trkpt lat="43.359475" lon="-5.112795">
        <ele>429.633</ele>
        <time>2023-12-26T22:55:11Z</time>
      </trkpt>
      <trkpt lat="43.359510" lon="-5.112658">
        <ele>430.024</ele>
        <time>2023-12-26T22:55:51Z</time>
      </trkpt>
      <trkpt lat="43.359564" lon="-5.112419">
        <ele>431.871</ele>
        <time>2023-12-26T22:56:31Z</time>
      </trkpt>
      <trkpt lat="43.359588" lon="-5.112277">
        <ele>433.393</ele>
        <time>2023-12-26T22:57:11Z</time>
      </trkpt>
      <trkpt lat="43.359611" lon="-5.112097">
        <ele>435.736</ele>
        <time>2023-12-26T22:57:51Z</time>
      </trkpt>
      <trkpt lat="43.359636" lon="-5.111904">
        <ele>438.817</ele>
        <time>2023-12-26T22:58:31Z</time>
      </trkpt>
      <trkpt lat="43.359640" lon="-5.111813">
        <ele>440.618</ele>
        <time>2023-12-26T22:59:11Z</time>
      </trkpt>
      <trkpt lat="43.359638" lon="-5.111580">
        <ele>444.909</ele>
        <time>2023-12-26T22:59:51Z</time>
      </trkpt>
      <trkpt lat="43.359644" lon="-5.111416">
        <ele>447.794</ele>
        <time>2023-12-26T23:00:31Z</time>
      </trkpt>
      <trkpt lat="43.359652" lon="-5.111242">
        <ele>451.428</ele>
        <time>2023-12-26T23:01:11Z</time>
      </trkpt>
      <trkpt lat="43.359644" lon="-5.111083">
        <ele>454.639</ele>
        <time>2023-12-26T23:01:51Z</time>
      </trkpt>
      <trkpt lat="43.359636" lon="-5.110906">
        <ele>457.369</ele>
        <time>2023-12-26T23:02:31Z</time>
      </trkpt>
      <trkpt lat="43.359642" lon="-5.110692">
        <ele>458.943</ele>
        <time>2023-12-26T23:03:11Z</time>
      </trkpt>
      <trkpt lat="43.359646" lon="-5.110525">
        <ele>459.718</ele>
        <time>2023-12-26T23:03:51Z</time>
      </trkpt>
      <trkpt lat="43.359640" lon="-5.110450">
        <ele>460.219</ele>
        <time>2023-12-26T23:04:31Z</time>
      </trkpt>
      <trkpt lat="43.359623" lon="-5.110346">
        <ele>460.836</ele>
        <time>2023-12-26T23:05:11Z</time>
      </trkpt>
      <trkpt lat="43.359613" lon="-5.110273">
        <ele>461.258</ele>
        <time>2023-12-26T23:05:51Z</time>
      </trkpt>
      <trkpt lat="43.359627" lon="-5.110185">
        <ele>461.426</ele>
        <time>2023-12-26T23:06:31Z</time>
      </trkpt>
      <trkpt lat="43.359693" lon="-5.110107">
        <ele>462.347</ele>
        <time>2023-12-26T23:07:11Z</time>
      </trkpt>
      <trkpt lat="43.359814" lon="-5.110016">
        <ele>461.911</ele>
        <time>2023-12-26T23:07:51Z</time>
      </trkpt>
      <trkpt lat="43.359902" lon="-5.109943">
        <ele>460.909</ele>
        <time>2023-12-26T23:08:31Z</time>
      </trkpt>
      <trkpt lat="43.359980" lon="-5.109901">
        <ele>460.293</ele>
        <time>2023-12-26T23:09:11Z</time>
      </trkpt>
      <trkpt lat="43.360069" lon="-5.109852">
        <ele>459.457</ele>
        <time>2023-12-26T23:09:51Z</time>
      </trkpt>
      <trkpt lat="43.360253" lon="-5.109812">
        <ele>457.998</ele>
        <time>2023-12-26T23:10:31Z</time>
      </trkpt>
      <trkpt lat="43.360615" lon="-5.109729">
        <ele>458.728</ele>
        <time>2023-12-26T23:11:11Z</time>
      </trkpt>
      <trkpt lat="43.360691" lon="-5.109721">
        <ele>458.522</ele>
        <time>2023-12-26T23:11:51Z</time>
      </trkpt>
      <trkpt lat="43.360787" lon="-5.109756">
        <ele>458.157</ele>
        <time>2023-12-26T23:12:31Z</time>
      </trkpt>
      <trkpt lat="43.360939" lon="-5.109890">
        <ele>456.628</ele>
        <time>2023-12-26T23:13:11Z</time>
      </trkpt>
      <trkpt lat="43.361083" lon="-5.110008">
        <ele>457.955</ele>
        <time>2023-12-26T23:13:51Z</time>
      </trkpt>
      <trkpt lat="43.361212" lon="-5.110091">
        <ele>455.277</ele>
        <time>2023-12-26T23:14:31Z</time>
      </trkpt>
      <trkpt lat="43.361300" lon="-5.110225">
        <ele>454.285</ele>
        <time>2023-12-26T23:15:11Z</time>
      </trkpt>
      <trkpt lat="43.361616" lon="-5.110365">
        <ele>446.389</ele>
        <time>2023-12-26T23:15:51Z</time>
      </trkpt>
      <trkpt lat="43.361770" lon="-5.110499">
        <ele>440.617</ele>
        <time>2023-12-26T23:16:31Z</time>
      </trkpt>
      <trkpt lat="43.361836" lon="-5.110590">
        <ele>438.309</ele>
        <time>2023-12-26T23:17:11Z</time>
      </trkpt>
      <trkpt lat="43.361893" lon="-5.110689">
        <ele>436.639</ele>
        <time>2023-12-26T23:17:51Z</time>
      </trkpt>
      <trkpt lat="43.361982" lon="-5.110815">
        <ele>436.583</ele>
        <time>2023-12-26T23:18:31Z</time>
      </trkpt>
      <trkpt lat="43.362035" lon="-5.110901">
        <ele>437.574</ele>
        <time>2023-12-26T23:19:11Z</time>
      </trkpt>
      <trkpt lat="43.362115" lon="-5.111070">
        <ele>441.564</ele>
        <time>2023-12-26T23:19:51Z</time>
      </trkpt>
      <trkpt lat="43.362164" lon="-5.111199">
        <ele>443.248</ele>
        <time>2023-12-26T23:20:31Z</time>
      </trkpt>
      <trkpt lat="43.362209" lon="-5.111341">
        <ele>443.813</ele>
        <time>2023-12-26T23:21:11Z</time>
      </trkpt>
      <trkpt lat="43.362255" lon="-5.111432">
        <ele>443.314</ele>
        <time>2023-12-26T23:21:51Z</time>
      </trkpt>
      <trkpt lat="43.362343" lon="-5.111467">
        <ele>443.661</ele>
        <time>2023-12-26T23:22:31Z</time>
      </trkpt>
      <trkpt lat="43.362441" lon="-5.111451">
        <ele>445.643</ele>
        <time>2023-12-26T23:23:11Z</time>
      </trkpt>
      <trkpt lat="43.362599" lon="-5.111376">
        <ele>449.981</ele>
        <time>2023-12-26T23:23:51Z</time>
      </trkpt>
      <trkpt lat="43.362803" lon="-5.111327">
        <ele>452.561</ele>
        <time>2023-12-26T23:24:31Z</time>
      </trkpt>
      <trkpt lat="43.363002" lon="-5.111309">
        <ele>455.817</ele>
        <time>2023-12-26T23:25:11Z</time>
      </trkpt>
      <trkpt lat="43.363193" lon="-5.111301">
        <ele>457.509</ele>
        <time>2023-12-26T23:25:51Z</time>
      </trkpt>
      <trkpt lat="43.363338" lon="-5.111271">
        <ele>458.469</ele>
        <time>2023-12-26T23:26:31Z</time>
      </trkpt>
      <trkpt lat="43.363499" lon="-5.111244">
        <ele>457.983</ele>
        <time>2023-12-26T23:27:11Z</time>
      </trkpt>
      <trkpt lat="43.363646" lon="-5.111231">
        <ele>457.924</ele>
        <time>2023-12-26T23:27:51Z</time>
      </trkpt>
      <trkpt lat="43.363811" lon="-5.111201">
        <ele>459.844</ele>
        <time>2023-12-26T23:28:31Z</time>
      </trkpt>
      <trkpt lat="43.363893" lon="-5.111150">
        <ele>461.078</ele>
        <time>2023-12-26T23:29:11Z</time>
      </trkpt>
      <trkpt lat="43.364096" lon="-5.110960">
        <ele>463.873</ele>
        <time>2023-12-26T23:29:51Z</time>
      </trkpt>
      <trkpt lat="43.364248" lon="-5.110815">
        <ele>466.514</ele>
        <time>2023-12-26T23:30:31Z</time>
      </trkpt>
      <trkpt lat="43.364355" lon="-5.110673">
        <ele>467.711</ele>
        <time>2023-12-26T23:31:11Z</time>
      </trkpt>
      <trkpt lat="43.364515" lon="-5.110480">
        <ele>470.273</ele>
        <time>2023-12-26T23:31:51Z</time>
      </trkpt>
      <trkpt lat="43.364609" lon="-5.110381">
        <ele>471.548</ele>
        <time>2023-12-26T23:32:31Z</time>
      </trkpt>
      <trkpt lat="43.364683" lon="-5.110311">
        <ele>472.561</ele>
        <time>2023-12-26T23:33:11Z</time>
      </trkpt>
      <trkpt lat="43.364767" lon="-5.110276">
        <ele>472.017</ele>
        <time>2023-12-26T23:33:51Z</time>
      </trkpt>
      <trkpt lat="43.364892" lon="-5.110354">
        <ele>472.609</ele>
        <time>2023-12-26T23:34:31Z</time>
      </trkpt>
      <trkpt lat="43.365034" lon="-5.110501">
        <ele>476.475</ele>
        <time>2023-12-26T23:35:11Z</time>
      </trkpt>
      <trkpt lat="43.365137" lon="-5.110576">
        <ele>477.039</ele>
        <time>2023-12-26T23:35:51Z</time>
      </trkpt>
      <trkpt lat="43.365258" lon="-5.110654">
        <ele>477.510</ele>
        <time>2023-12-26T23:36:31Z</time>
      </trkpt>
      <trkpt lat="43.365375" lon="-5.110686">
        <ele>478.490</ele>
        <time>2023-12-26T23:37:11Z</time>
      </trkpt>
      <trkpt lat="43.365510" lon="-5.110684">
        <ele>478.144</ele>
        <time>2023-12-26T23:37:51Z</time>
      </trkpt>
      <trkpt lat="43.365580" lon="-5.110689">
        <ele>477.669</ele>
        <time>2023-12-26T23:38:31Z</time>
      </trkpt>
      <trkpt lat="43.365732" lon="-5.110837">
        <ele>479.170</ele>
        <time>2023-12-26T23:39:11Z</time>
      </trkpt>
      <trkpt lat="43.365826" lon="-5.110960">
        <ele>481.777</ele>
        <time>2023-12-26T23:39:51Z</time>
      </trkpt>
      <trkpt lat="43.365982" lon="-5.111040">
        <ele>480.589</ele>
        <time>2023-12-26T23:40:31Z</time>
      </trkpt>
      <trkpt lat="43.366167" lon="-5.111148">
        <ele>481.483</ele>
        <time>2023-12-26T23:41:11Z</time>
      </trkpt>
      <trkpt lat="43.366264" lon="-5.111193">
        <ele>482.625</ele>
        <time>2023-12-26T23:41:51Z</time>
      </trkpt>
      <trkpt lat="43.366356" lon="-5.111204">
        <ele>482.117</ele>
        <time>2023-12-26T23:42:31Z</time>
      </trkpt>
      <trkpt lat="43.366508" lon="-5.111140">
        <ele>482.309</ele>
        <time>2023-12-26T23:43:11Z</time>
      </trkpt>
      <trkpt lat="43.366639" lon="-5.111070">
        <ele>483.019</ele>
        <time>2023-12-26T23:43:51Z</time>
      </trkpt>
      <trkpt lat="43.366789" lon="-5.111014">
        <ele>485.253</ele>
        <time>2023-12-26T23:44:31Z</time>
      </trkpt>
      <trkpt lat="43.366924" lon="-5.110952">
        <ele>486.894</ele>
        <time>2023-12-26T23:45:11Z</time>
      </trkpt>
      <trkpt lat="43.367044" lon="-5.110893">
        <ele>488.354</ele>
        <time>2023-12-26T23:45:51Z</time>
      </trkpt>
      <trkpt lat="43.367304" lon="-5.110716">
        <ele>490.838</ele>
        <time>2023-12-26T23:46:31Z</time>
      </trkpt>
      <trkpt lat="43.367544" lon="-5.110520">
        <ele>492.863</ele>
        <time>2023-12-26T23:47:11Z</time>
      </trkpt>
      <trkpt lat="43.367787" lon="-5.110322">
        <ele>498.474</ele>
        <time>2023-12-26T23:47:51Z</time>
      </trkpt>
      <trkpt lat="43.367815" lon="-5.110230">
        <ele>496.551</ele>
        <time>2023-12-26T23:48:31Z</time>
      </trkpt>
      <trkpt lat="43.367858" lon="-5.110043">
        <ele>494.233</ele>
        <time>2023-12-26T23:49:11Z</time>
      </trkpt>
      <trkpt lat="43.367881" lon="-5.109925">
        <ele>493.429</ele>
        <time>2023-12-26T23:49:51Z</time>
      </trkpt>
      <trkpt lat="43.367897" lon="-5.109783">
        <ele>492.500</ele>
        <time>2023-12-26T23:50:31Z</time>
      </trkpt>
      <trkpt lat="43.367900" lon="-5.109643">
        <ele>492.720</ele>
        <time>2023-12-26T23:51:11Z</time>
      </trkpt>
      <trkpt lat="43.367871" lon="-5.109541">
        <ele>491.809</ele>
        <time>2023-12-26T23:51:51Z</time>
      </trkpt>
      <trkpt lat="43.367842" lon="-5.109340">
        <ele>491.263</ele>
        <time>2023-12-26T23:52:31Z</time>
      </trkpt>
      <trkpt lat="43.367813" lon="-5.109147">
        <ele>489.977</ele>
        <time>2023-12-26T23:53:11Z</time>
      </trkpt>
      <trkpt lat="43.367770" lon="-5.108959">
        <ele>487.968</ele>
        <time>2023-12-26T23:53:51Z</time>
      </trkpt>
      <trkpt lat="43.367752" lon="-5.108844">
        <ele>487.938</ele>
        <time>2023-12-26T23:54:31Z</time>
      </trkpt>
      <trkpt lat="43.367715" lon="-5.108742">
        <ele>487.382</ele>
        <time>2023-12-26T23:55:11Z</time>
      </trkpt>
      <trkpt lat="43.367682" lon="-5.108702">
        <ele>485.737</ele>
        <time>2023-12-26T23:55:51Z</time>
      </trkpt>
      <trkpt lat="43.367645" lon="-5.108613">
        <ele>484.988</ele>
        <time>2023-12-26T23:56:31Z</time>
      </trkpt>
      <trkpt lat="43.367620" lon="-5.108506">
        <ele>484.745</ele>
        <time>2023-12-26T23:57:11Z</time>
      </trkpt>
      <trkpt lat="43.367598" lon="-5.108409">
        <ele>484.667</ele>
        <time>2023-12-26T23:57:51Z</time>
      </trkpt>
      <trkpt lat="43.367590" lon="-5.108275">
        <ele>485.539</ele>
        <time>2023-12-26T23:58:31Z</time>
      </trkpt>
      <trkpt lat="43.367579" lon="-5.108095">
        <ele>486.001</ele>
        <time>2023-12-26T23:59:11Z</time>
      </trkpt>
      <trkpt lat="43.367565" lon="-5.107910">
        <ele>484.021</ele>
        <time>2023-12-26T23:59:51Z</time>
      </trkpt>
      <trkpt lat="43.367561" lon="-5.107685">
        <ele>480.809</ele>
        <time>2023-12-27T00:00:31Z</time>
      </trkpt>
      <trkpt lat="43.367555" lon="-5.107546">
        <ele>477.574</ele>
        <time>2023-12-27T00:01:11Z</time>
      </trkpt>
      <trkpt lat="43.367569" lon="-5.107344">
        <ele>476.388</ele>
        <time>2023-12-27T00:01:51Z</time>
      </trkpt>
      <trkpt lat="43.367571" lon="-5.107124">
        <ele>476.039</ele>
        <time>2023-12-27T00:02:31Z</time>
      </trkpt>
      <trkpt lat="43.367573" lon="-5.106961">
        <ele>477.269</ele>
        <time>2023-12-27T00:03:11Z</time>
      </trkpt>
      <trkpt lat="43.367549" lon="-5.106843">
        <ele>476.743</ele>
        <time>2023-12-27T00:03:51Z</time>
      </trkpt>
      <trkpt lat="43.367505" lon="-5.106722">
        <ele>474.618</ele>
        <time>2023-12-27T00:04:31Z</time>
      </trkpt>
      <trkpt lat="43.367477" lon="-5.106561">
        <ele>474.639</ele>
        <time>2023-12-27T00:05:11Z</time>
      </trkpt>
      <trkpt lat="43.367454" lon="-5.106440">
        <ele>474.566</ele>
        <time>2023-12-27T00:05:51Z</time>
      </trkpt>
      <trkpt lat="43.367444" lon="-5.106245">
        <ele>473.778</ele>
        <time>2023-12-27T00:06:31Z</time>
      </trkpt>
      <trkpt lat="43.367471" lon="-5.106081">
        <ele>474.046</ele>
        <time>2023-12-27T00:07:11Z</time>
      </trkpt>
      <trkpt lat="43.367559" lon="-5.105926">
        <ele>474.088</ele>
        <time>2023-12-27T00:07:51Z</time>
      </trkpt>
      <trkpt lat="43.367663" lon="-5.105751">
        <ele>474.216</ele>
        <time>2023-12-27T00:08:31Z</time>
      </trkpt>
      <trkpt lat="43.367758" lon="-5.105582">
        <ele>474.609</ele>
        <time>2023-12-27T00:09:11Z</time>
      </trkpt>
      <trkpt lat="43.367826" lon="-5.105467">
        <ele>475.585</ele>
        <time>2023-12-27T00:09:51Z</time>
      </trkpt>
      <trkpt lat="43.367918" lon="-5.105309">
        <ele>477.489</ele>
        <time>2023-12-27T00:10:31Z</time>
      </trkpt>
      <trkpt lat="43.368047" lon="-5.105048">
        <ele>482.150</ele>
        <time>2023-12-27T00:11:11Z</time>
      </trkpt>
      <trkpt lat="43.368086" lon="-5.104920">
        <ele>483.730</ele>
        <time>2023-12-27T00:11:51Z</time>
      </trkpt>
      <trkpt lat="43.368125" lon="-5.104590">
        <ele>485.444</ele>
        <time>2023-12-27T00:12:31Z</time>
      </trkpt>
      <trkpt lat="43.368127" lon="-5.104364">
        <ele>485.439</ele>
        <time>2023-12-27T00:13:11Z</time>
      </trkpt>
      <trkpt lat="43.368107" lon="-5.104136">
        <ele>484.390</ele>
        <time>2023-12-27T00:13:51Z</time>
      </trkpt>
      <trkpt lat="43.368080" lon="-5.103922">
        <ele>485.367</ele>
        <time>2023-12-27T00:14:31Z</time>
      </trkpt>
      <trkpt lat="43.368043" lon="-5.103707">
        <ele>487.119</ele>
        <time>2023-12-27T00:15:11Z</time>
      </trkpt>
      <trkpt lat="43.367973" lon="-5.103549">
        <ele>486.417</ele>
        <time>2023-12-27T00:15:51Z</time>
      </trkpt>
      <trkpt lat="43.367902" lon="-5.103391">
        <ele>486.487</ele>
        <time>2023-12-27T00:16:31Z</time>
      </trkpt>
      <trkpt lat="43.367832" lon="-5.103222">
        <ele>486.215</ele>
        <time>2023-12-27T00:17:11Z</time>
      </trkpt>
      <trkpt lat="43.367778" lon="-5.103120">
        <ele>485.409</ele>
        <time>2023-12-27T00:17:51Z</time>
      </trkpt>
      <trkpt lat="43.367692" lon="-5.103005">
        <ele>484.672</ele>
        <time>2023-12-27T00:18:31Z</time>
      </trkpt>
      <trkpt lat="43.367604" lon="-5.102927">
        <ele>483.296</ele>
        <time>2023-12-27T00:19:11Z</time>
      </trkpt>
      <trkpt lat="43.367522" lon="-5.102854">
        <ele>482.027</ele>
        <time>2023-12-27T00:19:51Z</time>
      </trkpt>
      <trkpt lat="43.367444" lon="-5.102752">
        <ele>481.017</ele>
        <time>2023-12-27T00:20:31Z</time>
      </trkpt>
      <trkpt lat="43.367393" lon="-5.102659">
        <ele>479.381</ele>
        <time>2023-12-27T00:21:11Z</time>
      </trkpt>
      <trkpt lat="43.367351" lon="-5.102624">
        <ele>477.156</ele>
        <time>2023-12-27T00:21:51Z</time>
      </trkpt>
      <trkpt lat="43.367337" lon="-5.102575">
        <ele>476.887</ele>
        <time>2023-12-27T00:22:31Z</time>
      </trkpt>
      <trkpt lat="43.367304" lon="-5.102447">
        <ele>476.494</ele>
        <time>2023-12-27T00:23:11Z</time>
      </trkpt>
      <trkpt lat="43.367273" lon="-5.102307">
        <ele>476.736</ele>
        <time>2023-12-27T00:23:51Z</time>
      </trkpt>
      <trkpt lat="43.367226" lon="-5.102168">
        <ele>476.635</ele>
        <time>2023-12-27T00:24:31Z</time>
      </trkpt>
      <trkpt lat="43.367163" lon="-5.102047">
        <ele>476.086</ele>
        <time>2023-12-27T00:25:11Z</time>
      </trkpt>
      <trkpt lat="43.367089" lon="-5.101934">
        <ele>475.114</ele>
        <time>2023-12-27T00:25:51Z</time>
      </trkpt>
      <trkpt lat="43.367025" lon="-5.101840">
        <ele>475.109</ele>
        <time>2023-12-27T00:26:31Z</time>
      </trkpt>
      <trkpt lat="43.366965" lon="-5.101749">
        <ele>475.634</ele>
        <time>2023-12-27T00:27:11Z</time>
      </trkpt>
      <trkpt lat="43.366898" lon="-5.101706">
        <ele>475.448</ele>
        <time>2023-12-27T00:27:51Z</time>
      </trkpt>
      <trkpt lat="43.366828" lon="-5.101655">
        <ele>476.059</ele>
        <time>2023-12-27T00:28:31Z</time>
      </trkpt>
      <trkpt lat="43.366764" lon="-5.101615">
        <ele>476.629</ele>
        <time>2023-12-27T00:29:11Z</time>
      </trkpt>
      <trkpt lat="43.366859" lon="-5.101602">
        <ele>479.323</ele>
        <time>2023-12-27T00:29:51Z</time>
      </trkpt>
      <trkpt lat="43.367015" lon="-5.101655">
        <ele>481.338</ele>
        <time>2023-12-27T00:30:31Z</time>
      </trkpt>
      <trkpt lat="43.367343" lon="-5.101811">
        <ele>490.849</ele>
        <time>2023-12-27T00:31:11Z</time>
      </trkpt>
      <trkpt lat="43.367524" lon="-5.101929">
        <ele>497.076</ele>
        <time>2023-12-27T00:31:51Z</time>
      </trkpt>
      <trkpt lat="43.367743" lon="-5.102093">
        <ele>499.558</ele>
        <time>2023-12-27T00:32:31Z</time>
      </trkpt>
      <trkpt lat="43.367791" lon="-5.102152">
        <ele>501.891</ele>
        <time>2023-12-27T00:33:11Z</time>
      </trkpt>
      <trkpt lat="43.367881" lon="-5.102321">
        <ele>504.481</ele>
        <time>2023-12-27T00:33:51Z</time>
      </trkpt>
      <trkpt lat="43.367982" lon="-5.102482">
        <ele>508.919</ele>
        <time>2023-12-27T00:34:31Z</time>
      </trkpt>
      <trkpt lat="43.368111" lon="-5.102637">
        <ele>509.809</ele>
        <time>2023-12-27T00:35:11Z</time>
      </trkpt>
      <trkpt lat="43.368205" lon="-5.102747">
        <ele>511.230</ele>
        <time>2023-12-27T00:35:51Z</time>
      </trkpt>
      <trkpt lat="43.368277" lon="-5.102852">
        <ele>513.664</ele>
        <time>2023-12-27T00:36:31Z</time>
      </trkpt>
      <trkpt lat="43.368439" lon="-5.102999">
        <ele>518.355</ele>
        <time>2023-12-27T00:37:11Z</time>
      </trkpt>
      <trkpt lat="43.368616" lon="-5.103182">
        <ele>520.965</ele>
        <time>2023-12-27T00:37:51Z</time>
      </trkpt>
      <trkpt lat="43.368622" lon="-5.103308">
        <ele>519.719</ele>
        <time>2023-12-27T00:38:31Z</time>
      </trkpt>
      <trkpt lat="43.368614" lon="-5.103493">
        <ele>517.514</ele>
        <time>2023-12-27T00:39:11Z</time>
      </trkpt>
      <trkpt lat="43.368620" lon="-5.103713">
        <ele>514.055</ele>
        <time>2023-12-27T00:39:51Z</time>
      </trkpt>
      <trkpt lat="43.368634" lon="-5.103927">
        <ele>510.522</ele>
        <time>2023-12-27T00:40:31Z</time>
      </trkpt>
      <trkpt lat="43.368653" lon="-5.104198">
        <ele>509.524</ele>
        <time>2023-12-27T00:41:11Z</time>
      </trkpt>
      <trkpt lat="43.368676" lon="-5.104389">
        <ele>509.244</ele>
        <time>2023-12-27T00:41:51Z</time>
      </trkpt>
      <trkpt lat="43.368684" lon="-5.104550">
        <ele>509.505</ele>
        <time>2023-12-27T00:42:31Z</time>
      </trkpt>
      <trkpt lat="43.368686" lon="-5.104684">
        <ele>510.015</ele>
        <time>2023-12-27T00:43:11Z</time>
      </trkpt>
      <trkpt lat="43.368686" lon="-5.104828">
        <ele>510.809</ele>
        <time>2023-12-27T00:43:51Z</time>
      </trkpt>
      <trkpt lat="43.368692" lon="-5.104987">
        <ele>511.545</ele>
        <time>2023-12-27T00:44:31Z</time>
      </trkpt>
      <trkpt lat="43.368686" lon="-5.105215">
        <ele>512.789</ele>
        <time>2023-12-27T00:45:11Z</time>
      </trkpt>
      <trkpt lat="43.368659" lon="-5.105459">
        <ele>516.960</ele>
        <time>2023-12-27T00:45:51Z</time>
      </trkpt>
      <trkpt lat="43.368651" lon="-5.105724">
        <ele>523.010</ele>
        <time>2023-12-27T00:46:31Z</time>
      </trkpt>
      <trkpt lat="43.368657" lon="-5.105958">
        <ele>530.024</ele>
        <time>2023-12-27T00:47:11Z</time>
      </trkpt>
      <trkpt lat="43.368682" lon="-5.106105">
        <ele>534.069</ele>
        <time>2023-12-27T00:47:51Z</time>
      </trkpt>
      <trkpt lat="43.368686" lon="-5.106247">
        <ele>538.780</ele>
        <time>2023-12-27T00:48:31Z</time>
      </trkpt>
      <trkpt lat="43.368675" lon="-5.106392">
        <ele>544.497</ele>
        <time>2023-12-27T00:49:11Z</time>
      </trkpt>
      <trkpt lat="43.368690" lon="-5.106564">
        <ele>547.629</ele>
        <time>2023-12-27T00:49:51Z</time>
      </trkpt>
      <trkpt lat="43.368708" lon="-5.106647">
        <ele>548.649</ele>
        <time>2023-12-27T00:50:31Z</time>
      </trkpt>
      <trkpt lat="43.368737" lon="-5.106800">
        <ele>550.402</ele>
        <time>2023-12-27T00:51:11Z</time>
      </trkpt>
      <trkpt lat="43.368780" lon="-5.107017">
        <ele>553.622</ele>
        <time>2023-12-27T00:51:51Z</time>
      </trkpt>
      <trkpt lat="43.368823" lon="-5.107170">
        <ele>556.209</ele>
        <time>2023-12-27T00:52:31Z</time>
      </trkpt>
      <trkpt lat="43.368844" lon="-5.107296">
        <ele>559.015</ele>
        <time>2023-12-27T00:53:11Z</time>
      </trkpt>
      <trkpt lat="43.368891" lon="-5.107495">
        <ele>563.729</ele>
        <time>2023-12-27T00:53:51Z</time>
      </trkpt>
      <trkpt lat="43.368936" lon="-5.107653">
        <ele>563.850</ele>
        <time>2023-12-27T00:54:31Z</time>
      </trkpt>
      <trkpt lat="43.368969" lon="-5.107763">
        <ele>564.120</ele>
        <time>2023-12-27T00:55:11Z</time>
      </trkpt>
      <trkpt lat="43.369008" lon="-5.107929">
        <ele>564.534</ele>
        <time>2023-12-27T00:55:51Z</time>
      </trkpt>
      <trkpt lat="43.369047" lon="-5.108093">
        <ele>564.459</ele>
        <time>2023-12-27T00:56:31Z</time>
      </trkpt>
      <trkpt lat="43.369051" lon="-5.108152">
        <ele>564.110</ele>
        <time>2023-12-27T00:57:11Z</time>
      </trkpt>
      <trkpt lat="43.369049" lon="-5.108305">
        <ele>564.087</ele>
        <time>2023-12-27T00:57:51Z</time>
      </trkpt>
      <trkpt lat="43.369020" lon="-5.108409">
        <ele>563.599</ele>
        <time>2023-12-27T00:58:31Z</time>
      </trkpt>
      <trkpt lat="43.368948" lon="-5.108541">
        <ele>562.921</ele>
        <time>2023-12-27T00:59:11Z</time>
      </trkpt>
      <trkpt lat="43.368831" lon="-5.108720">
        <ele>557.041</ele>
        <time>2023-12-27T00:59:51Z</time>
      </trkpt>
      <trkpt lat="43.368727" lon="-5.108897">
        <ele>549.605</ele>
        <time>2023-12-27T01:00:31Z</time>
      </trkpt>
      <trkpt lat="43.368659" lon="-5.109048">
        <ele>543.309</ele>
        <time>2023-12-27T01:01:11Z</time>
      </trkpt>
      <trkpt lat="43.368503" lon="-5.109394">
        <ele>525.923</ele>
        <time>2023-12-27T01:01:51Z</time>
      </trkpt>
      <trkpt lat="43.368320" lon="-5.109748">
        <ele>512.597</ele>
        <time>2023-12-27T01:02:31Z</time>
      </trkpt>
      <trkpt lat="43.368154" lon="-5.110016">
        <ele>502.588</ele>
        <time>2023-12-27T01:03:11Z</time>
      </trkpt>
      <trkpt lat="43.368060" lon="-5.110153">
        <ele>501.488</ele>
        <time>2023-12-27T01:03:51Z</time>
      </trkpt>
      <trkpt lat="43.368015" lon="-5.110217">
        <ele>500.462</ele>
        <time>2023-12-27T01:04:31Z</time>
      </trkpt>
      <trkpt lat="43.367980" lon="-5.110303">
        <ele>500.287</ele>
        <time>2023-12-27T01:05:11Z</time>
      </trkpt>
      <trkpt lat="43.367955" lon="-5.110357">
        <ele>500.638</ele>
        <time>2023-12-27T01:05:51Z</time>
      </trkpt>
      <trkpt lat="43.367936" lon="-5.110450">
        <ele>501.835</ele>
        <time>2023-12-27T01:06:31Z</time>
      </trkpt>
      <trkpt lat="43.367926" lon="-5.110531">
        <ele>503.087</ele>
        <time>2023-12-27T01:07:11Z</time>
      </trkpt>
      <trkpt lat="43.367926" lon="-5.110595">
        <ele>503.996</ele>
        <time>2023-12-27T01:07:51Z</time>
      </trkpt>
      <trkpt lat="43.367910" lon="-5.110684">
        <ele>505.531</ele>
        <time>2023-12-27T01:08:31Z</time>
      </trkpt>
      <trkpt lat="43.367881" lon="-5.110788">
        <ele>508.124</ele>
        <time>2023-12-27T01:09:11Z</time>
      </trkpt>
      <trkpt lat="43.367783" lon="-5.111070">
        <ele>516.109</ele>
        <time>2023-12-27T01:09:51Z</time>
      </trkpt>
      <trkpt lat="43.367723" lon="-5.111204">
        <ele>518.240</ele>
        <time>2023-12-27T01:10:31Z</time>
      </trkpt>
      <trkpt lat="43.367676" lon="-5.111314">
        <ele>520.634</ele>
        <time>2023-12-27T01:11:11Z</time>
      </trkpt>
      <trkpt lat="43.367643" lon="-5.111429">
        <ele>523.495</ele>
        <time>2023-12-27T01:11:51Z</time>
      </trkpt>
      <trkpt lat="43.367612" lon="-5.111486">
        <ele>525.215</ele>
        <time>2023-12-27T01:12:31Z</time>
      </trkpt>
      <trkpt lat="43.367585" lon="-5.111569">
        <ele>527.579</ele>
        <time>2023-12-27T01:13:11Z</time>
      </trkpt>
      <trkpt lat="43.367549" lon="-5.111714">
        <ele>531.414</ele>
        <time>2023-12-27T01:13:51Z</time>
      </trkpt>
      <trkpt lat="43.367489" lon="-5.111840">
        <ele>536.285</ele>
        <time>2023-12-27T01:14:31Z</time>
      </trkpt>
      <trkpt lat="43.367421" lon="-5.111974">
        <ele>540.032</ele>
        <time>2023-12-27T01:15:11Z</time>
      </trkpt>
      <trkpt lat="43.367310" lon="-5.112172">
        <ele>547.544</ele>
        <time>2023-12-27T01:15:51Z</time>
      </trkpt>
      <trkpt lat="43.367243" lon="-5.112298">
        <ele>551.852</ele>
        <time>2023-12-27T01:16:31Z</time>
      </trkpt>
      <trkpt lat="43.367146" lon="-5.112492">
        <ele>554.753</ele>
        <time>2023-12-27T01:17:11Z</time>
      </trkpt>
      <trkpt lat="43.367083" lon="-5.112607">
        <ele>555.108</ele>
        <time>2023-12-27T01:17:51Z</time>
      </trkpt>
      <trkpt lat="43.367023" lon="-5.112703">
        <ele>556.709</ele>
        <time>2023-12-27T01:18:31Z</time>
      </trkpt>
      <trkpt lat="43.366966" lon="-5.112770">
        <ele>559.136</ele>
        <time>2023-12-27T01:19:11Z</time>
      </trkpt>
      <trkpt lat="43.366910" lon="-5.112843">
        <ele>559.210</ele>
        <time>2023-12-27T01:19:51Z</time>
      </trkpt>
      <trkpt lat="43.366859" lon="-5.112923">
        <ele>559.321</ele>
        <time>2023-12-27T01:20:31Z</time>
      </trkpt>
      <trkpt lat="43.366822" lon="-5.112942">
        <ele>560.181</ele>
        <time>2023-12-27T01:21:11Z</time>
      </trkpt>
      <trkpt lat="43.366758" lon="-5.112998">
        <ele>562.025</ele>
        <time>2023-12-27T01:21:51Z</time>
      </trkpt>
      <trkpt lat="43.366707" lon="-5.113079">
        <ele>563.940</ele>
        <time>2023-12-27T01:22:31Z</time>
      </trkpt>
      <trkpt lat="43.366670" lon="-5.113235">
        <ele>562.651</ele>
        <time>2023-12-27T01:23:11Z</time>
      </trkpt>
      <trkpt lat="43.366643" lon="-5.113412">
        <ele>558.538</ele>
        <time>2023-12-27T01:23:51Z</time>
      </trkpt>
      <trkpt lat="43.366633" lon="-5.113543">
        <ele>555.180</ele>
        <time>2023-12-27T01:24:31Z</time>
      </trkpt>
      <trkpt lat="43.366598" lon="-5.113720">
        <ele>549.842</ele>
        <time>2023-12-27T01:25:11Z</time>
      </trkpt>
      <trkpt lat="43.366582" lon="-5.113768">
        <ele>548.422</ele>
        <time>2023-12-27T01:25:51Z</time>
      </trkpt>
      <trkpt lat="43.366582" lon="-5.113830">
        <ele>546.814</ele>
        <time>2023-12-27T01:26:31Z</time>
      </trkpt>
      <trkpt lat="43.366567" lon="-5.113908">
        <ele>545.009</ele>
        <time>2023-12-27T01:27:11Z</time>
      </trkpt>
      <trkpt lat="43.366555" lon="-5.114133">
        <ele>540.785</ele>
        <time>2023-12-27T01:27:51Z</time>
      </trkpt>
      <trkpt lat="43.366547" lon="-5.114273">
        <ele>538.529</ele>
        <time>2023-12-27T01:28:31Z</time>
      </trkpt>
      <trkpt lat="43.366549" lon="-5.114348">
        <ele>537.320</ele>
        <time>2023-12-27T01:29:11Z</time>
      </trkpt>
      <trkpt lat="43.366528" lon="-5.114423">
        <ele>536.860</ele>
        <time>2023-12-27T01:29:51Z</time>
      </trkpt>
      <trkpt lat="43.366500" lon="-5.114468">
        <ele>537.364</ele>
        <time>2023-12-27T01:30:31Z</time>
      </trkpt>
      <trkpt lat="43.366497" lon="-5.114503">
        <ele>537.229</ele>
        <time>2023-12-27T01:31:11Z</time>
      </trkpt>
      <trkpt lat="43.366463" lon="-5.114570">
        <ele>538.120</ele>
        <time>2023-12-27T01:31:51Z</time>
      </trkpt>
      <trkpt lat="43.366456" lon="-5.114704">
        <ele>537.967</ele>
        <time>2023-12-27T01:32:31Z</time>
      </trkpt>
      <trkpt lat="43.366456" lon="-5.114817">
        <ele>538.139</ele>
        <time>2023-12-27T01:33:11Z</time>
      </trkpt>
      <trkpt lat="43.366450" lon="-5.114916">
        <ele>538.847</ele>
        <time>2023-12-27T01:33:51Z</time>
      </trkpt>
      <trkpt lat="43.366440" lon="-5.114975">
        <ele>539.629</ele>
        <time>2023-12-27T01:34:31Z</time>
      </trkpt>
      <trkpt lat="43.366467" lon="-5.115050">
        <ele>537.721</ele>
        <time>2023-12-27T01:35:11Z</time>
      </trkpt>
      <trkpt lat="43.366452" lon="-5.115179">
        <ele>538.109</ele>
        <time>2023-12-27T01:35:51Z</time>
      </trkpt>
      <trkpt lat="43.366463" lon="-5.115238">
        <ele>537.175</ele>
        <time>2023-12-27T01:36:31Z</time>
      </trkpt>
      <trkpt lat="43.366461" lon="-5.115394">
        <ele>536.139</ele>
        <time>2023-12-27T01:37:11Z</time>
      </trkpt>
      <trkpt lat="43.366469" lon="-5.115477">
        <ele>535.010</ele>
        <time>2023-12-27T01:37:51Z</time>
      </trkpt>
      <trkpt lat="43.366467" lon="-5.115568">
        <ele>534.410</ele>
        <time>2023-12-27T01:38:31Z</time>
      </trkpt>
      <trkpt lat="43.366497" lon="-5.115678">
        <ele>532.354</ele>
        <time>2023-12-27T01:39:11Z</time>
      </trkpt>
      <trkpt lat="43.366500" lon="-5.115826">
        <ele>531.649</ele>
        <time>2023-12-27T01:39:51Z</time>
      </trkpt>
      <trkpt lat="43.366500" lon="-5.115922">
        <ele>531.330</ele>
        <time>2023-12-27T01:40:31Z</time>
      </trkpt>
      <trkpt lat="43.366516" lon="-5.116029">
        <ele>530.527</ele>
        <time>2023-12-27T01:41:11Z</time>
      </trkpt>
      <trkpt lat="43.366528" lon="-5.116169">
        <ele>530.229</ele>
        <time>2023-12-27T01:41:51Z</time>
      </trkpt>
      <trkpt lat="43.366557" lon="-5.116335">
        <ele>530.385</ele>
        <time>2023-12-27T01:42:31Z</time>
      </trkpt>
      <trkpt lat="43.366580" lon="-5.116504">
        <ele>532.489</ele>
        <time>2023-12-27T01:43:11Z</time>
      </trkpt>
      <trkpt lat="43.366608" lon="-5.116727">
        <ele>536.917</ele>
        <time>2023-12-27T01:43:51Z</time>
      </trkpt>
      <trkpt lat="43.366617" lon="-5.116799">
        <ele>538.609</ele>
        <time>2023-12-27T01:44:31Z</time>
      </trkpt>
      <trkpt lat="43.366627" lon="-5.116928">
        <ele>541.819</ele>
        <time>2023-12-27T01:45:11Z</time>
      </trkpt>
      <trkpt lat="43.366614" lon="-5.117046">
        <ele>545.013</ele>
        <time>2023-12-27T01:45:51Z</time>
      </trkpt>
      <trkpt lat="43.366621" lon="-5.117137">
        <ele>548.034</ele>
        <time>2023-12-27T01:46:31Z</time>
      </trkpt>
      <trkpt lat="43.366643" lon="-5.117285">
        <ele>553.154</ele>
        <time>2023-12-27T01:47:11Z</time>
      </trkpt>
      <trkpt lat="43.366664" lon="-5.117397">
        <ele>556.948</ele>
        <time>2023-12-27T01:47:51Z</time>
      </trkpt>
      <trkpt lat="43.366693" lon="-5.117523">
        <ele>559.193</ele>
        <time>2023-12-27T01:48:31Z</time>
      </trkpt>
      <trkpt lat="43.366717" lon="-5.117695">
        <ele>561.544</ele>
        <time>2023-12-27T01:49:11Z</time>
      </trkpt>
      <trkpt lat="43.366744" lon="-5.117910">
        <ele>564.621</ele>
        <time>2023-12-27T01:49:51Z</time>
      </trkpt>
      <trkpt lat="43.366787" lon="-5.118081">
        <ele>566.633</ele>
        <time>2023-12-27T01:50:31Z</time>
      </trkpt>
      <trkpt lat="43.366803" lon="-5.118183">
        <ele>566.883</ele>
        <time>2023-12-27T01:51:11Z</time>
      </trkpt>
      <trkpt lat="43.366812" lon="-5.118307">
        <ele>567.225</ele>
        <time>2023-12-27T01:51:51Z</time>
      </trkpt>
      <trkpt lat="43.366781" lon="-5.118459">
        <ele>566.617</ele>
        <time>2023-12-27T01:52:31Z</time>
      </trkpt>
      <trkpt lat="43.366711" lon="-5.118575">
        <ele>568.309</ele>
        <time>2023-12-27T01:53:11Z</time>
      </trkpt>
      <trkpt lat="43.366608" lon="-5.118776">
        <ele>564.729</ele>
        <time>2023-12-27T01:53:51Z</time>
      </trkpt>
      <trkpt lat="43.366563" lon="-5.118864">
        <ele>562.823</ele>
        <time>2023-12-27T01:54:31Z</time>
      </trkpt>
      <trkpt lat="43.366502" lon="-5.118993">
        <ele>559.574</ele>
        <time>2023-12-27T01:55:11Z</time>
      </trkpt>
      <trkpt lat="43.366436" lon="-5.119127">
        <ele>556.424</ele>
        <time>2023-12-27T01:55:51Z</time>
      </trkpt>
      <trkpt lat="43.366422" lon="-5.119176">
        <ele>555.118</ele>
        <time>2023-12-27T01:56:31Z</time>
      </trkpt>
      <trkpt lat="43.366395" lon="-5.119219">
        <ele>553.743</ele>
        <time>2023-12-27T01:57:11Z</time>
      </trkpt>
      <trkpt lat="43.366415" lon="-5.119299">
        <ele>550.034</ele>
        <time>2023-12-27T01:57:51Z</time>
      </trkpt>
      <trkpt lat="43.366380" lon="-5.119382">
        <ele>546.661</ele>
        <time>2023-12-27T01:58:31Z</time>
      </trkpt>
      <trkpt lat="43.366360" lon="-5.119457">
        <ele>543.263</ele>
        <time>2023-12-27T01:59:11Z</time>
      </trkpt>
      <trkpt lat="43.366303" lon="-5.119495">
        <ele>541.217</ele>
        <time>2023-12-27T01:59:51Z</time>
      </trkpt>
      <trkpt lat="43.366294" lon="-5.119589">
        <ele>537.187</ele>
        <time>2023-12-27T02:00:31Z</time>
      </trkpt>
      <trkpt lat="43.366206" lon="-5.119701">
        <ele>531.615</ele>
        <time>2023-12-27T02:01:11Z</time>
      </trkpt>
      <trkpt lat="43.366335" lon="-5.119913">
        <ele>523.209</ele>
        <time>2023-12-27T02:01:51Z</time>
      </trkpt>
      <trkpt lat="43.366403" lon="-5.119980">
        <ele>520.782</ele>
        <time>2023-12-27T02:02:31Z</time>
      </trkpt>
      <trkpt lat="43.366358" lon="-5.120047">
        <ele>517.446</ele>
        <time>2023-12-27T02:03:11Z</time>
      </trkpt>
      <trkpt lat="43.366368" lon="-5.120179">
        <ele>511.397</ele>
        <time>2023-12-27T02:03:51Z</time>
      </trkpt>
      <trkpt lat="43.366354" lon="-5.120230">
        <ele>508.897</ele>
        <time>2023-12-27T02:04:31Z</time>
      </trkpt>
      <trkpt lat="43.366413" lon="-5.120275">
        <ele>507.071</ele>
        <time>2023-12-27T02:05:11Z</time>
      </trkpt>
      <trkpt lat="43.366401" lon="-5.120310">
        <ele>505.546</ele>
        <time>2023-12-27T02:05:51Z</time>
      </trkpt>
      <trkpt lat="43.366442" lon="-5.120375">
        <ele>502.647</ele>
        <time>2023-12-27T02:06:31Z</time>
      </trkpt>
      <trkpt lat="43.366524" lon="-5.120444">
        <ele>499.464</ele>
        <time>2023-12-27T02:07:11Z</time>
      </trkpt>
      <trkpt lat="43.366666" lon="-5.120466">
        <ele>498.236</ele>
        <time>2023-12-27T02:07:51Z</time>
      </trkpt>
      <trkpt lat="43.366699" lon="-5.120506">
        <ele>496.064</ele>
        <time>2023-12-27T02:08:31Z</time>
      </trkpt>
      <trkpt lat="43.366812" lon="-5.120611">
        <ele>489.606</ele>
        <time>2023-12-27T02:09:11Z</time>
      </trkpt>
      <trkpt lat="43.366830" lon="-5.120672">
        <ele>487.316</ele>
        <time>2023-12-27T02:09:51Z</time>
      </trkpt>
      <trkpt lat="43.366830" lon="-5.120729">
        <ele>485.509</ele>
        <time>2023-12-27T02:10:31Z</time>
      </trkpt>
      <trkpt lat="43.366822" lon="-5.120758">
        <ele>484.797</ele>
        <time>2023-12-27T02:11:11Z</time>
      </trkpt>
      <trkpt lat="43.366801" lon="-5.120809">
        <ele>483.351</ele>
        <time>2023-12-27T02:11:51Z</time>
      </trkpt>
      <trkpt lat="43.366816" lon="-5.120887">
        <ele>480.742</ele>
        <time>2023-12-27T02:12:31Z</time>
      </trkpt>
      <trkpt lat="43.366861" lon="-5.120973">
        <ele>477.652</ele>
        <time>2023-12-27T02:13:11Z</time>
      </trkpt>
      <trkpt lat="43.366890" lon="-5.121069">
        <ele>474.546</ele>
        <time>2023-12-27T02:13:51Z</time>
      </trkpt>
      <trkpt lat="43.366914" lon="-5.121150">
        <ele>472.811</ele>
        <time>2023-12-27T02:14:31Z</time>
      </trkpt>
      <trkpt lat="43.366916" lon="-5.121238">
        <ele>472.322</ele>
        <time>2023-12-27T02:15:11Z</time>
      </trkpt>
      <trkpt lat="43.366879" lon="-5.121321">
        <ele>471.169</ele>
        <time>2023-12-27T02:15:51Z</time>
      </trkpt>
      <trkpt lat="43.366849" lon="-5.121370">
        <ele>469.961</ele>
        <time>2023-12-27T02:16:31Z</time>
      </trkpt>
      <trkpt lat="43.366810" lon="-5.121410">
        <ele>468.496</ele>
        <time>2023-12-27T02:17:11Z</time>
      </trkpt>
      <trkpt lat="43.366781" lon="-5.121426">
        <ele>467.531</ele>
        <time>2023-12-27T02:17:51Z</time>
      </trkpt>
      <trkpt lat="43.366764" lon="-5.121493">
        <ele>466.224</ele>
        <time>2023-12-27T02:18:31Z</time>
      </trkpt>
      <trkpt lat="43.366756" lon="-5.121582">
        <ele>464.909</ele>
        <time>2023-12-27T02:19:11Z</time>
      </trkpt>
      <trkpt lat="43.366764" lon="-5.121649">
        <ele>464.420</ele>
        <time>2023-12-27T02:19:51Z</time>
      </trkpt>
      <trkpt lat="43.366785" lon="-5.121700">
        <ele>464.274</ele>
        <time>2023-12-27T02:20:31Z</time>
      </trkpt>
      <trkpt lat="43.366814" lon="-5.121745">
        <ele>464.285</ele>
        <time>2023-12-27T02:21:11Z</time>
      </trkpt>
      <trkpt lat="43.366840" lon="-5.121807">
        <ele>463.985</ele>
        <time>2023-12-27T02:21:51Z</time>
      </trkpt>
      <trkpt lat="43.366863" lon="-5.121858">
        <ele>463.769</ele>
        <time>2023-12-27T02:22:31Z</time>
      </trkpt>
      <trkpt lat="43.366855" lon="-5.121936">
        <ele>461.964</ele>
        <time>2023-12-27T02:23:11Z</time>
      </trkpt>
      <trkpt lat="43.366842" lon="-5.122005">
        <ele>461.375</ele>
        <time>2023-12-27T02:23:51Z</time>
      </trkpt>
      <trkpt lat="43.366824" lon="-5.122062">
        <ele>460.692</ele>
        <time>2023-12-27T02:24:31Z</time>
      </trkpt>
      <trkpt lat="43.366824" lon="-5.122088">
        <ele>460.614</ele>
        <time>2023-12-27T02:25:11Z</time>
      </trkpt>
      <trkpt lat="43.366805" lon="-5.122123">
        <ele>459.754</ele>
        <time>2023-12-27T02:25:51Z</time>
      </trkpt>
      <trkpt lat="43.366789" lon="-5.122145">
        <ele>458.856</ele>
        <time>2023-12-27T02:26:31Z</time>
      </trkpt>
      <trkpt lat="43.366766" lon="-5.122198">
        <ele>457.511</ele>
        <time>2023-12-27T02:27:11Z</time>
      </trkpt>
      <trkpt lat="43.366731" lon="-5.122231">
        <ele>455.609</ele>
        <time>2023-12-27T02:27:51Z</time>
      </trkpt>
      <trkpt lat="43.366697" lon="-5.122257">
        <ele>453.996</ele>
        <time>2023-12-27T02:28:31Z</time>
      </trkpt>
      <trkpt lat="43.366670" lon="-5.122284">
        <ele>452.650</ele>
        <time>2023-12-27T02:29:11Z</time>
      </trkpt>
      <trkpt lat="43.366639" lon="-5.122311">
        <ele>451.131</ele>
        <time>2023-12-27T02:29:51Z</time>
      </trkpt>
      <trkpt lat="43.366592" lon="-5.122365">
        <ele>448.971</ele>
        <time>2023-12-27T02:30:31Z</time>
      </trkpt>
      <trkpt lat="43.366537" lon="-5.122384">
        <ele>445.885</ele>
        <time>2023-12-27T02:31:11Z</time>
      </trkpt>
      <trkpt lat="43.366498" lon="-5.122405">
        <ele>443.640</ele>
        <time>2023-12-27T02:31:51Z</time>
      </trkpt>
      <trkpt lat="43.366440" lon="-5.122426">
        <ele>440.231</ele>
        <time>2023-12-27T02:32:31Z</time>
      </trkpt>
      <trkpt lat="43.366401" lon="-5.122410">
        <ele>438.068</ele>
        <time>2023-12-27T02:33:11Z</time>
      </trkpt>
      <trkpt lat="43.366387" lon="-5.122335">
        <ele>437.590</ele>
        <time>2023-12-27T02:33:51Z</time>
      </trkpt>
      <trkpt lat="43.366352" lon="-5.122231">
        <ele>436.146</ele>
        <time>2023-12-27T02:34:31Z</time>
      </trkpt>
      <trkpt lat="43.366290" lon="-5.122148">
        <ele>434.888</ele>
        <time>2023-12-27T02:35:11Z</time>
      </trkpt>
      <trkpt lat="43.366231" lon="-5.122064">
        <ele>434.116</ele>
        <time>2023-12-27T02:35:51Z</time>
      </trkpt>
      <trkpt lat="43.366173" lon="-5.121989">
        <ele>433.509</ele>
        <time>2023-12-27T02:36:31Z</time>
      </trkpt>
      <trkpt lat="43.366136" lon="-5.121925">
        <ele>433.865</ele>
        <time>2023-12-27T02:37:11Z</time>
      </trkpt>
      <trkpt lat="43.366052" lon="-5.121877">
        <ele>432.689</ele>
        <time>2023-12-27T02:37:51Z</time>
      </trkpt>
      <trkpt lat="43.365945" lon="-5.121828">
        <ele>431.170</ele>
        <time>2023-12-27T02:38:31Z</time>
      </trkpt>
      <trkpt lat="43.365875" lon="-5.121804">
        <ele>429.830</ele>
        <time>2023-12-27T02:39:11Z</time>
      </trkpt>
      <trkpt lat="43.365828" lon="-5.121756">
        <ele>430.354</ele>
        <time>2023-12-27T02:39:51Z</time>
      </trkpt>
      <trkpt lat="43.365787" lon="-5.121726">
        <ele>429.829</ele>
        <time>2023-12-27T02:40:31Z</time>
      </trkpt>
      <trkpt lat="43.365771" lon="-5.121726">
        <ele>429.230</ele>
        <time>2023-12-27T02:41:11Z</time>
      </trkpt>
      <trkpt lat="43.365767" lon="-5.121772">
        <ele>427.217</ele>
        <time>2023-12-27T02:41:51Z</time>
      </trkpt>
      <trkpt lat="43.365765" lon="-5.121799">
        <ele>426.149</ele>
        <time>2023-12-27T02:42:31Z</time>
      </trkpt>
      <trkpt lat="43.365779" lon="-5.121861">
        <ele>424.242</ele>
        <time>2023-12-27T02:43:11Z</time>
      </trkpt>
      <trkpt lat="43.365769" lon="-5.121898">
        <ele>422.322</ele>
        <time>2023-12-27T02:43:51Z</time>
      </trkpt>
      <trkpt lat="43.365736" lon="-5.121954">
        <ele>418.814</ele>
        <time>2023-12-27T02:44:31Z</time>
      </trkpt>
      <trkpt lat="43.365736" lon="-5.122019">
        <ele>416.409</ele>
        <time>2023-12-27T02:45:11Z</time>
      </trkpt>
      <trkpt lat="43.365687" lon="-5.122054">
        <ele>413.385</ele>
        <time>2023-12-27T02:45:51Z</time>
      </trkpt>
      <trkpt lat="43.365668" lon="-5.122118">
        <ele>410.359</ele>
        <time>2023-12-27T02:46:31Z</time>
      </trkpt>
      <trkpt lat="43.365658" lon="-5.122156">
        <ele>408.690</ele>
        <time>2023-12-27T02:47:11Z</time>
      </trkpt>
      <trkpt lat="43.365619" lon="-5.122177">
        <ele>406.650</ele>
        <time>2023-12-27T02:47:51Z</time>
      </trkpt>
      <trkpt lat="43.365572" lon="-5.122247">
        <ele>402.844</ele>
        <time>2023-12-27T02:48:31Z</time>
      </trkpt>
      <trkpt lat="43.365549" lon="-5.122257">
        <ele>401.769</ele>
        <time>2023-12-27T02:49:11Z</time>
      </trkpt>
      <trkpt lat="43.365541" lon="-5.122249">
        <ele>401.570</ele>
        <time>2023-12-27T02:49:51Z</time>
      </trkpt>
      <trkpt lat="43.365508" lon="-5.122300">
        <ele>398.517</ele>
        <time>2023-12-27T02:50:31Z</time>
      </trkpt>
      <trkpt lat="43.365430" lon="-5.122384">
        <ele>392.559</ele>
        <time>2023-12-27T02:51:11Z</time>
      </trkpt>
      <trkpt lat="43.365414" lon="-5.122416">
        <ele>391.088</ele>
        <time>2023-12-27T02:51:51Z</time>
      </trkpt>
      <trkpt lat="43.365362" lon="-5.122429">
        <ele>388.324</ele>
        <time>2023-12-27T02:52:31Z</time>
      </trkpt>
      <trkpt lat="43.365332" lon="-5.122485">
        <ele>385.726</ele>
        <time>2023-12-27T02:53:11Z</time>
      </trkpt>
      <trkpt lat="43.365288" lon="-5.122523">
        <ele>382.909</ele>
        <time>2023-12-27T02:53:51Z</time>
      </trkpt>
      <trkpt lat="43.365260" lon="-5.122512">
        <ele>381.759</ele>
        <time>2023-12-27T02:54:31Z</time>
      </trkpt>
      <trkpt lat="43.365198" lon="-5.122542">
        <ele>377.843</ele>
        <time>2023-12-27T02:55:11Z</time>
      </trkpt>
      <trkpt lat="43.365165" lon="-5.122563">
        <ele>375.674</ele>
        <time>2023-12-27T02:55:51Z</time>
      </trkpt>
      <trkpt lat="43.365114" lon="-5.122625">
        <ele>371.854</ele>
        <time>2023-12-27T02:56:31Z</time>
      </trkpt>
      <trkpt lat="43.365093" lon="-5.122711">
        <ele>369.238</ele>
        <time>2023-12-27T02:57:11Z</time>
      </trkpt>
      <trkpt lat="43.365061" lon="-5.122781">
        <ele>366.663</ele>
        <time>2023-12-27T02:57:51Z</time>
      </trkpt>
      <trkpt lat="43.365065" lon="-5.122810">
        <ele>366.544</ele>
        <time>2023-12-27T02:58:31Z</time>
      </trkpt>
      <trkpt lat="43.365075" lon="-5.122877">
        <ele>366.531</ele>
        <time>2023-12-27T02:59:11Z</time>
      </trkpt>
      <trkpt lat="43.365079" lon="-5.122974">
        <ele>365.963</ele>
        <time>2023-12-27T02:59:51Z</time>
      </trkpt>
      <trkpt lat="43.365061" lon="-5.123084">
        <ele>364.555</ele>
        <time>2023-12-27T03:00:31Z</time>
      </trkpt>
      <trkpt lat="43.365034" lon="-5.123191">
        <ele>363.807</ele>
        <time>2023-12-27T03:01:11Z</time>
      </trkpt>
      <trkpt lat="43.365015" lon="-5.123255">
        <ele>363.217</ele>
        <time>2023-12-27T03:01:51Z</time>
      </trkpt>
      <trkpt lat="43.364997" lon="-5.123271">
        <ele>362.409</ele>
        <time>2023-12-27T03:02:31Z</time>
      </trkpt>
      <trkpt lat="43.364985" lon="-5.123223">
        <ele>361.486</ele>
        <time>2023-12-27T03:03:11Z</time>
      </trkpt>
      <trkpt lat="43.364981" lon="-5.123156">
        <ele>360.750</ele>
        <time>2023-12-27T03:03:51Z</time>
      </trkpt>
      <trkpt lat="43.364964" lon="-5.123081">
        <ele>359.431</ele>
        <time>2023-12-27T03:04:31Z</time>
      </trkpt>
      <trkpt lat="43.364937" lon="-5.122995">
        <ele>358.331</ele>
        <time>2023-12-27T03:05:11Z</time>
      </trkpt>
      <trkpt lat="43.364917" lon="-5.122955">
        <ele>357.695</ele>
        <time>2023-12-27T03:05:51Z</time>
      </trkpt>
      <trkpt lat="43.364894" lon="-5.122944">
        <ele>356.490</ele>
        <time>2023-12-27T03:06:31Z</time>
      </trkpt>
      <trkpt lat="43.364843" lon="-5.122941">
        <ele>353.651</ele>
        <time>2023-12-27T03:07:11Z</time>
      </trkpt>
      <trkpt lat="43.364800" lon="-5.122974">
        <ele>351.288</ele>
        <time>2023-12-27T03:07:51Z</time>
      </trkpt>
      <trkpt lat="43.364755" lon="-5.122984">
        <ele>348.740</ele>
        <time>2023-12-27T03:08:31Z</time>
      </trkpt>
      <trkpt lat="43.364712" lon="-5.123003">
        <ele>346.586</ele>
        <time>2023-12-27T03:09:11Z</time>
      </trkpt>
      <trkpt lat="43.364677" lon="-5.123000">
        <ele>344.960</ele>
        <time>2023-12-27T03:09:51Z</time>
      </trkpt>
      <trkpt lat="43.364634" lon="-5.122949">
        <ele>342.726</ele>
        <time>2023-12-27T03:10:31Z</time>
      </trkpt>
      <trkpt lat="43.364613" lon="-5.122947">
        <ele>341.709</ele>
        <time>2023-12-27T03:11:11Z</time>
      </trkpt>
      <trkpt lat="43.364611" lon="-5.123073">
        <ele>341.999</ele>
        <time>2023-12-27T03:11:51Z</time>
      </trkpt>
      <trkpt lat="43.364611" lon="-5.123202">
        <ele>342.313</ele>
        <time>2023-12-27T03:12:31Z</time>
      </trkpt>
      <trkpt lat="43.364613" lon="-5.123271">
        <ele>342.734</ele>
        <time>2023-12-27T03:13:11Z</time>
      </trkpt>
      <trkpt lat="43.364599" lon="-5.123328">
        <ele>342.254</ele>
        <time>2023-12-27T03:13:51Z</time>
      </trkpt>
      <trkpt lat="43.364568" lon="-5.123360">
        <ele>341.118</ele>
        <time>2023-12-27T03:14:31Z</time>
      </trkpt>
      <trkpt lat="43.364506" lon="-5.123424">
        <ele>338.793</ele>
        <time>2023-12-27T03:15:11Z</time>
      </trkpt>
      <trkpt lat="43.364447" lon="-5.123499">
        <ele>336.394</ele>
        <time>2023-12-27T03:15:51Z</time>
      </trkpt>
      <trkpt lat="43.364406" lon="-5.123558">
        <ele>334.651</ele>
        <time>2023-12-27T03:16:31Z</time>
      </trkpt>
      <trkpt lat="43.364357" lon="-5.123633">
        <ele>332.593</ele>
        <time>2023-12-27T03:17:11Z</time>
      </trkpt>
      <trkpt lat="43.364305" lon="-5.123695">
        <ele>330.472</ele>
        <time>2023-12-27T03:17:51Z</time>
      </trkpt>
      <trkpt lat="43.364246" lon="-5.123754">
        <ele>327.613</ele>
        <time>2023-12-27T03:18:31Z</time>
      </trkpt>
      <trkpt lat="43.364160" lon="-5.123843">
        <ele>323.314</ele>
        <time>2023-12-27T03:19:11Z</time>
      </trkpt>
      <trkpt lat="43.363971" lon="-5.124071">
        <ele>315.909</ele>
        <time>2023-12-27T03:19:51Z</time>
      </trkpt>
      <trkpt lat="43.363901" lon="-5.124148">
        <ele>313.398</ele>
        <time>2023-12-27T03:20:31Z</time>
      </trkpt>
      <trkpt lat="43.363827" lon="-5.124237">
        <ele>310.382</ele>
        <time>2023-12-27T03:21:11Z</time>
      </trkpt>
      <trkpt lat="43.363804" lon="-5.124253">
        <ele>309.153</ele>
        <time>2023-12-27T03:21:51Z</time>
      </trkpt>
      <trkpt lat="43.363759" lon="-5.124304">
        <ele>307.263</ele>
        <time>2023-12-27T03:22:31Z</time>
      </trkpt>
      <trkpt lat="43.363722" lon="-5.124414">
        <ele>306.647</ele>
        <time>2023-12-27T03:23:11Z</time>
      </trkpt>
      <trkpt lat="43.363675" lon="-5.124497">
        <ele>305.162</ele>
        <time>2023-12-27T03:23:51Z</time>
      </trkpt>
      <trkpt lat="43.363642" lon="-5.124553">
        <ele>303.913</ele>
        <time>2023-12-27T03:24:31Z</time>
      </trkpt>
      <trkpt lat="43.363615" lon="-5.124610">
        <ele>303.080</ele>
        <time>2023-12-27T03:25:11Z</time>
      </trkpt>
      <trkpt lat="43.363591" lon="-5.124642">
        <ele>301.882</ele>
        <time>2023-12-27T03:25:51Z</time>
      </trkpt>
      <trkpt lat="43.363585" lon="-5.124709">
        <ele>302.145</ele>
        <time>2023-12-27T03:26:31Z</time>
      </trkpt>
      <trkpt lat="43.363576" lon="-5.124811">
        <ele>301.947</ele>
        <time>2023-12-27T03:27:11Z</time>
      </trkpt>
      <trkpt lat="43.363552" lon="-5.124899">
        <ele>300.611</ele>
        <time>2023-12-27T03:27:51Z</time>
      </trkpt>
      <trkpt lat="43.363529" lon="-5.124996">
        <ele>299.409</ele>
        <time>2023-12-27T03:28:31Z</time>
      </trkpt>
      <trkpt lat="43.363496" lon="-5.125122">
        <ele>298.435</ele>
        <time>2023-12-27T03:29:11Z</time>
      </trkpt>
      <trkpt lat="43.363445" lon="-5.125224">
        <ele>296.129</ele>
        <time>2023-12-27T03:29:51Z</time>
      </trkpt>
      <trkpt lat="43.363423" lon="-5.125302">
        <ele>295.380</ele>
        <time>2023-12-27T03:30:31Z</time>
      </trkpt>
      <trkpt lat="43.363400" lon="-5.125380">
        <ele>294.330</ele>
        <time>2023-12-27T03:31:11Z</time>
      </trkpt>
      <trkpt lat="43.363379" lon="-5.125460">
        <ele>293.464</ele>
        <time>2023-12-27T03:31:51Z</time>
      </trkpt>
      <trkpt lat="43.363345" lon="-5.125575">
        <ele>291.939</ele>
        <time>2023-12-27T03:32:31Z</time>
      </trkpt>
      <trkpt lat="43.363308" lon="-5.125683">
        <ele>290.270</ele>
        <time>2023-12-27T03:33:11Z</time>
      </trkpt>
      <trkpt lat="43.363275" lon="-5.125774">
        <ele>288.767</ele>
        <time>2023-12-27T03:33:51Z</time>
      </trkpt>
      <trkpt lat="43.363242" lon="-5.125868">
        <ele>287.399</ele>
        <time>2023-12-27T03:34:31Z</time>
      </trkpt>
      <trkpt lat="43.363219" lon="-5.125964">
        <ele>286.524</ele>
        <time>2023-12-27T03:35:11Z</time>
      </trkpt>
      <trkpt lat="43.363193" lon="-5.126082">
        <ele>285.704</ele>
        <time>2023-12-27T03:35:51Z</time>
      </trkpt>
      <trkpt lat="43.363131" lon="-5.126364">
        <ele>283.714</ele>
        <time>2023-12-27T03:36:31Z</time>
      </trkpt>
      <trkpt lat="43.363100" lon="-5.126474">
        <ele>282.509</ele>
        <time>2023-12-27T03:37:11Z</time>
      </trkpt>
      <trkpt lat="43.363074" lon="-5.126560">
        <ele>281.433</ele>
        <time>2023-12-27T03:37:51Z</time>
      </trkpt>
      <trkpt lat="43.363049" lon="-5.126638">
        <ele>280.497</ele>
        <time>2023-12-27T03:38:31Z</time>
      </trkpt>
      <trkpt lat="43.363020" lon="-5.126737">
        <ele>279.648</ele>
        <time>2023-12-27T03:39:11Z</time>
      </trkpt>
      <trkpt lat="43.362977" lon="-5.126916">
        <ele>278.998</ele>
        <time>2023-12-27T03:39:51Z</time>
      </trkpt>
      <trkpt lat="43.362938" lon="-5.127153">
        <ele>277.622</ele>
        <time>2023-12-27T03:40:31Z</time>
      </trkpt>
      <trkpt lat="43.362911" lon="-5.127297">
        <ele>276.467</ele>
        <time>2023-12-27T03:41:11Z</time>
      </trkpt>
      <trkpt lat="43.362872" lon="-5.127499">
        <ele>275.128</ele>
        <time>2023-12-27T03:41:51Z</time>
      </trkpt>
      <trkpt lat="43.362842" lon="-5.127751">
        <ele>273.385</ele>
        <time>2023-12-27T03:42:31Z</time>
      </trkpt>
      <trkpt lat="43.362831" lon="-5.128027">
        <ele>270.747</ele>
        <time>2023-12-27T03:43:11Z</time>
      </trkpt>
      <trkpt lat="43.362817" lon="-5.128212">
        <ele>268.658</ele>
        <time>2023-12-27T03:43:51Z</time>
      </trkpt>
      <trkpt lat="43.362809" lon="-5.128311">
        <ele>267.452</ele>
        <time>2023-12-27T03:44:31Z</time>
      </trkpt>
      <trkpt lat="43.362815" lon="-5.128453">
        <ele>266.117</ele>
        <time>2023-12-27T03:45:11Z</time>
      </trkpt>
      <trkpt lat="43.362829" lon="-5.128558">
        <ele>265.309</ele>
        <time>2023-12-27T03:45:51Z</time>
      </trkpt>
      <trkpt lat="43.362848" lon="-5.128714">
        <ele>263.546</ele>
        <time>2023-12-27T03:46:31Z</time>
      </trkpt>
      <trkpt lat="43.362907" lon="-5.128872">
        <ele>262.150</ele>
        <time>2023-12-27T03:47:11Z</time>
      </trkpt>
      <trkpt lat="43.363002" lon="-5.128992">
        <ele>260.311</ele>
        <time>2023-12-27T03:47:51Z</time>
      </trkpt>
      <trkpt lat="43.363180" lon="-5.129183">
        <ele>257.541</ele>
        <time>2023-12-27T03:48:31Z</time>
      </trkpt>
      <trkpt lat="43.363355" lon="-5.129357">
        <ele>254.125</ele>
        <time>2023-12-27T03:49:11Z</time>
      </trkpt>
      <trkpt lat="43.363449" lon="-5.129411">
        <ele>253.230</ele>
        <time>2023-12-27T03:49:51Z</time>
      </trkpt>
      <trkpt lat="43.363537" lon="-5.129448">
        <ele>252.871</ele>
        <time>2023-12-27T03:50:31Z</time>
      </trkpt>
      <trkpt lat="43.363529" lon="-5.129516">
        <ele>250.168</ele>
        <time>2023-12-27T03:51:11Z</time>
      </trkpt>
      <trkpt lat="43.363498" lon="-5.129537">
        <ele>248.880</ele>
        <time>2023-12-27T03:51:51Z</time>
      </trkpt>
      <trkpt lat="43.363449" lon="-5.129540">
        <ele>248.164</ele>
        <time>2023-12-27T03:52:31Z</time>
      </trkpt>
      <trkpt lat="43.363496" lon="-5.129623">
        <ele>245.506</ele>
        <time>2023-12-27T03:53:11Z</time>
      </trkpt>
      <trkpt lat="43.363531" lon="-5.129685">
        <ele>243.616</ele>
        <time>2023-12-27T03:53:51Z</time>
      </trkpt>
      <trkpt lat="43.363605" lon="-5.129789">
        <ele>240.509</ele>
        <time>2023-12-27T03:54:31Z</time>
      </trkpt>
      <trkpt lat="43.363691" lon="-5.129902">
        <ele>237.767</ele>
        <time>2023-12-27T03:55:11Z</time>
      </trkpt>
      <trkpt lat="43.363737" lon="-5.130009">
        <ele>234.611</ele>
        <time>2023-12-27T03:55:51Z</time>
      </trkpt>
      <trkpt lat="43.363782" lon="-5.130063">
        <ele>233.712</ele>
        <time>2023-12-27T03:56:31Z</time>
      </trkpt>
      <trkpt lat="43.363915" lon="-5.130130">
        <ele>234.542</ele>
        <time>2023-12-27T03:57:11Z</time>
      </trkpt>
      <trkpt lat="43.364024" lon="-5.130149">
        <ele>237.436</ele>
        <time>2023-12-27T03:57:51Z</time>
      </trkpt>
      <trkpt lat="43.364133" lon="-5.130130">
        <ele>241.251</ele>
        <time>2023-12-27T03:58:31Z</time>
      </trkpt>
      <trkpt lat="43.364229" lon="-5.130149">
        <ele>244.742</ele>
        <time>2023-12-27T03:59:11Z</time>
      </trkpt>
      <trkpt lat="43.364315" lon="-5.130154">
        <ele>248.639</ele>
        <time>2023-12-27T03:59:51Z</time>
      </trkpt>
      <trkpt lat="43.364406" lon="-5.130216">
        <ele>251.591</ele>
        <time>2023-12-27T04:00:31Z</time>
      </trkpt>
      <trkpt lat="43.364484" lon="-5.130385">
        <ele>251.343</ele>
        <time>2023-12-27T04:01:11Z</time>
      </trkpt>
      <trkpt lat="43.364584" lon="-5.130508">
        <ele>252.264</ele>
        <time>2023-12-27T04:01:51Z</time>
      </trkpt>
      <trkpt lat="43.364724" lon="-5.130672">
        <ele>252.310</ele>
        <time>2023-12-27T04:02:31Z</time>
      </trkpt>
      <trkpt lat="43.364751" lon="-5.130782">
        <ele>249.109</ele>
        <time>2023-12-27T04:03:11Z</time>
      </trkpt>
      <trkpt lat="43.364784" lon="-5.130937">
        <ele>244.035</ele>
        <time>2023-12-27T04:03:51Z</time>
      </trkpt>
      <trkpt lat="43.364800" lon="-5.131050">
        <ele>239.919</ele>
        <time>2023-12-27T04:04:31Z</time>
      </trkpt>
      <trkpt lat="43.364843" lon="-5.131098">
        <ele>238.490</ele>
        <time>2023-12-27T04:05:11Z</time>
      </trkpt>
      <trkpt lat="43.364960" lon="-5.131262">
        <ele>232.090</ele>
        <time>2023-12-27T04:05:51Z</time>
      </trkpt>
      <trkpt lat="43.365056" lon="-5.131345">
        <ele>227.864</ele>
        <time>2023-12-27T04:06:31Z</time>
      </trkpt>
      <trkpt lat="43.365239" lon="-5.131465">
        <ele>221.949</ele>
        <time>2023-12-27T04:07:11Z</time>
      </trkpt>
      <trkpt lat="43.365352" lon="-5.131511">
        <ele>219.180</ele>
        <time>2023-12-27T04:07:51Z</time>
      </trkpt>
      <trkpt lat="43.365469" lon="-5.131554">
        <ele>216.867</ele>
        <time>2023-12-27T04:08:31Z</time>
      </trkpt>
      <trkpt lat="43.365582" lon="-5.131594">
        <ele>215.539</ele>
        <time>2023-12-27T04:09:11Z</time>
      </trkpt>
      <trkpt lat="43.365705" lon="-5.131747">
        <ele>216.577</ele>
        <time>2023-12-27T04:09:51Z</time>
      </trkpt>
      <trkpt lat="43.365646" lon="-5.131801">
        <ele>216.261</ele>
        <time>2023-12-27T04:10:31Z</time>
      </trkpt>
      <trkpt lat="43.365590" lon="-5.131822">
        <ele>215.727</ele>
        <time>2023-12-27T04:11:11Z</time>
      </trkpt>
      <trkpt lat="43.365473" lon="-5.131852">
        <ele>214.309</ele>
        <time>2023-12-27T04:11:51Z</time>
      </trkpt>
      <trkpt lat="43.365268" lon="-5.131889">
        <ele>210.578</ele>
        <time>2023-12-27T04:12:31Z</time>
      </trkpt>
      <trkpt lat="43.365151" lon="-5.131919">
        <ele>208.772</ele>
        <time>2023-12-27T04:13:11Z</time>
      </trkpt>
      <trkpt lat="43.365128" lon="-5.131927">
        <ele>208.223</ele>
        <time>2023-12-27T04:13:51Z</time>
      </trkpt>
      <trkpt lat="43.365059" lon="-5.132015">
        <ele>205.613</ele>
        <time>2023-12-27T04:14:31Z</time>
      </trkpt>
      <trkpt lat="43.365085" lon="-5.132195">
        <ele>203.287</ele>
        <time>2023-12-27T04:15:11Z</time>
      </trkpt>
      <trkpt lat="43.365091" lon="-5.132627">
        <ele>202.772</ele>
        <time>2023-12-27T04:15:51Z</time>
      </trkpt>
      <trkpt lat="43.365085" lon="-5.132978">
        <ele>201.563</ele>
        <time>2023-12-27T04:16:31Z</time>
      </trkpt>
      <trkpt lat="43.365083" lon="-5.133161">
        <ele>200.440</ele>
        <time>2023-12-27T04:17:11Z</time>
      </trkpt>
      <trkpt lat="43.365120" lon="-5.133662">
        <ele>197.482</ele>
        <time>2023-12-27T04:17:51Z</time>
      </trkpt>
      <trkpt lat="43.365213" lon="-5.134075">
        <ele>193.282</ele>
        <time>2023-12-27T04:18:31Z</time>
      </trkpt>
      <trkpt lat="43.365210" lon="-5.134370">
        <ele>186.843</ele>
        <time>2023-12-27T04:19:11Z</time>
      </trkpt>
      <trkpt lat="43.365120" lon="-5.134612">
        <ele>181.717</ele>
        <time>2023-12-27T04:19:51Z</time>
      </trkpt>
      <trkpt lat="43.365046" lon="-5.135223">
        <ele>173.809</ele>
        <time>2023-12-27T04:20:31Z</time>
      </trkpt>
      <trkpt lat="43.365096" lon="-5.135508">
        <ele>170.869</ele>
        <time>2023-12-27T04:21:11Z</time>
      </trkpt>
      <trkpt lat="43.365130" lon="-5.135623">
        <ele>169.373</ele>
        <time>2023-12-27T04:21:51Z</time>
      </trkpt>
      <trkpt lat="43.365206" lon="-5.135754">
        <ele>168.514</ele>
        <time>2023-12-27T04:22:31Z</time>
      </trkpt>
      <trkpt lat="43.365317" lon="-5.136012">
        <ele>166.324</ele>
        <time>2023-12-27T04:23:11Z</time>
      </trkpt>
      <trkpt lat="43.365410" lon="-5.136302">
        <ele>162.278</ele>
        <time>2023-12-27T04:23:51Z</time>
      </trkpt>
      <trkpt lat="43.365481" lon="-5.136492">
        <ele>159.223</ele>
        <time>2023-12-27T04:24:31Z</time>
      </trkpt>
      <trkpt lat="43.365719" lon="-5.137130">
        <ele>150.194</ele>
        <time>2023-12-27T04:25:11Z</time>
      </trkpt>
      <trkpt lat="43.365884" lon="-5.137691">
        <ele>138.931</ele>
        <time>2023-12-27T04:25:51Z</time>
      </trkpt>
      <trkpt lat="43.365808" lon="-5.138042">
        <ele>133.523</ele>
        <time>2023-12-27T04:26:31Z</time>
      </trkpt>
      <trkpt lat="43.365781" lon="-5.138367">
        <ele>126.075</ele>
        <time>2023-12-27T04:27:11Z</time>
      </trkpt>
      <trkpt lat="43.365635" lon="-5.138740">
        <ele>121.128</ele>
        <time>2023-12-27T04:27:51Z</time>
      </trkpt>
      <trkpt lat="43.365648" lon="-5.138943">
        <ele>116.620</ele>
        <time>2023-12-27T04:28:31Z</time>
      </trkpt>
      <trkpt lat="43.365416" lon="-5.139367">
        <ele>110.409</ele>
        <time>2023-12-27T04:29:11Z</time>
      </trkpt>
      <trkpt lat="43.365412" lon="-5.139499">
        <ele>107.778</ele>
        <time>2023-12-27T04:29:51Z</time>
      </trkpt>
      <trkpt lat="43.365598" lon="-5.139713">
        <ele>101.562</ele>
        <time>2023-12-27T04:30:31Z</time>
      </trkpt>
      <trkpt lat="43.365668" lon="-5.139874">
        <ele>98.053</ele>
        <time>2023-12-27T04:31:11Z</time>
      </trkpt>
      <trkpt lat="43.365670" lon="-5.140118">
        <ele>97.453</ele>
        <time>2023-12-27T04:31:51Z</time>
      </trkpt>
      <trkpt lat="43.365656" lon="-5.140228">
        <ele>99.547</ele>
        <time>2023-12-27T04:32:31Z</time>
      </trkpt>
      <trkpt lat="43.365570" lon="-5.140368">
        <ele>100.782</ele>
        <time>2023-12-27T04:33:11Z</time>
      </trkpt>
      <trkpt lat="43.365414" lon="-5.140486">
        <ele>101.793</ele>
        <time>2023-12-27T04:33:51Z</time>
      </trkpt>
      <trkpt lat="43.365219" lon="-5.140561">
        <ele>100.680</ele>
        <time>2023-12-27T04:34:31Z</time>
      </trkpt>
      <trkpt lat="43.365134" lon="-5.140700">
        <ele>101.582</ele>
        <time>2023-12-27T04:35:11Z</time>
      </trkpt>
      <trkpt lat="43.365040" lon="-5.140915">
        <ele>103.644</ele>
        <time>2023-12-27T04:35:51Z</time>
      </trkpt>
      <trkpt lat="43.364541" lon="-5.141666">
        <ele>108.105</ele>
        <time>2023-12-27T04:36:31Z</time>
      </trkpt>
      <trkpt lat="43.364455" lon="-5.141945">
        <ele>110.215</ele>
        <time>2023-12-27T04:37:11Z</time>
      </trkpt>
      <trkpt lat="43.364455" lon="-5.142320">
        <ele>110.209</ele>
        <time>2023-12-27T04:37:51Z</time>
      </trkpt>
      <trkpt lat="43.364486" lon="-5.142685">
        <ele>110.735</ele>
        <time>2023-12-27T04:38:31Z</time>
      </trkpt>
      <trkpt lat="43.364517" lon="-5.143125">
        <ele>110.439</ele>
        <time>2023-12-27T04:39:11Z</time>
      </trkpt>
      <trkpt lat="43.364580" lon="-5.143930">
        <ele>110.860</ele>
        <time>2023-12-27T04:39:51Z</time>
      </trkpt>
      <trkpt lat="43.364627" lon="-5.144756">
        <ele>110.130</ele>
        <time>2023-12-27T04:40:31Z</time>
      </trkpt>
      <trkpt lat="43.364642" lon="-5.144960">
        <ele>109.294</ele>
        <time>2023-12-27T04:41:11Z</time>
      </trkpt>
      <trkpt lat="43.364627" lon="-5.145324">
        <ele>106.089</ele>
        <time>2023-12-27T04:41:51Z</time>
      </trkpt>
      <trkpt lat="43.364681" lon="-5.145764">
        <ele>102.110</ele>
        <time>2023-12-27T04:42:31Z</time>
      </trkpt>
      <trkpt lat="43.364712" lon="-5.146086">
        <ele>97.917</ele>
        <time>2023-12-27T04:43:11Z</time>
      </trkpt>
      <trkpt lat="43.364775" lon="-5.146494">
        <ele>91.969</ele>
        <time>2023-12-27T04:43:51Z</time>
      </trkpt>
      <trkpt lat="43.365017" lon="-5.147427">
        <ele>79.593</ele>
        <time>2023-12-27T04:44:31Z</time>
      </trkpt>
      <trkpt lat="43.365227" lon="-5.147953">
        <ele>74.565</ele>
        <time>2023-12-27T04:45:11Z</time>
      </trkpt>
      <trkpt lat="43.365344" lon="-5.148211">
        <ele>72.721</ele>
        <time>2023-12-27T04:45:51Z</time>
      </trkpt>
      <trkpt lat="43.365469" lon="-5.148522">
        <ele>71.209</ele>
        <time>2023-12-27T04:46:31Z</time>
      </trkpt>
      <trkpt lat="43.365446" lon="-5.148983">
        <ele>67.830</ele>
        <time>2023-12-27T04:47:11Z</time>
      </trkpt>
      <trkpt lat="43.365461" lon="-5.149176">
        <ele>66.224</ele>
        <time>2023-12-27T04:47:51Z</time>
      </trkpt>
      <trkpt lat="43.365758" lon="-5.149337">
        <ele>64.785</ele>
        <time>2023-12-27T04:48:31Z</time>
      </trkpt>
      <trkpt lat="43.366108" lon="-5.149519">
        <ele>62.995</ele>
        <time>2023-12-27T04:49:11Z</time>
      </trkpt>
      <trkpt lat="43.366420" lon="-5.149434">
        <ele>63.949</ele>
        <time>2023-12-27T04:49:51Z</time>
      </trkpt>
      <trkpt lat="43.366701" lon="-5.149294">
        <ele>63.934</ele>
        <time>2023-12-27T04:50:31Z</time>
      </trkpt>
      <trkpt lat="43.366982" lon="-5.149144">
        <ele>63.355</ele>
        <time>2023-12-27T04:51:11Z</time>
      </trkpt>
      <trkpt lat="43.367146" lon="-5.149004">
        <ele>65.222</ele>
        <time>2023-12-27T04:51:51Z</time>
      </trkpt>
      <trkpt lat="43.367208" lon="-5.148865">
        <ele>67.194</ele>
        <time>2023-12-27T04:52:31Z</time>
      </trkpt>
      <trkpt lat="43.367216" lon="-5.148607">
        <ele>69.027</ele>
        <time>2023-12-27T04:53:11Z</time>
      </trkpt>
      <trkpt lat="43.367286" lon="-5.148286">
        <ele>73.368</ele>
        <time>2023-12-27T04:53:51Z</time>
      </trkpt>
      <trkpt lat="43.367395" lon="-5.148093">
        <ele>77.314</ele>
        <time>2023-12-27T04:54:31Z</time>
      </trkpt>
      <trkpt lat="43.367590" lon="-5.147803">
        <ele>82.209</ele>
        <time>2023-12-27T04:55:11Z</time>
      </trkpt>
      <trkpt lat="43.367754" lon="-5.147535">
        <ele>87.443</ele>
        <time>2023-12-27T04:55:51Z</time>
      </trkpt>
      <trkpt lat="43.368012" lon="-5.147427">
        <ele>91.537</ele>
        <time>2023-12-27T04:56:31Z</time>
      </trkpt>
      <trkpt lat="43.368331" lon="-5.147427">
        <ele>89.198</ele>
        <time>2023-12-27T04:57:11Z</time>
      </trkpt>
      <trkpt lat="43.368636" lon="-5.147245">
        <ele>86.278</ele>
        <time>2023-12-27T04:57:51Z</time>
      </trkpt>
      <trkpt lat="43.369018" lon="-5.147020">
        <ele>84.732</ele>
        <time>2023-12-27T04:58:31Z</time>
      </trkpt>
      <trkpt lat="43.369470" lon="-5.146816">
        <ele>82.537</ele>
        <time>2023-12-27T04:59:11Z</time>
      </trkpt>
      <trkpt lat="43.370102" lon="-5.146472">
        <ele>76.468</ele>
        <time>2023-12-27T04:59:51Z</time>
      </trkpt>
      <trkpt lat="43.370234" lon="-5.146183">
        <ele>73.745</ele>
        <time>2023-12-27T05:00:31Z</time>
      </trkpt>
      <trkpt lat="43.370312" lon="-5.145882">
        <ele>72.987</ele>
        <time>2023-12-27T05:01:11Z</time>
      </trkpt>
      <trkpt lat="43.370390" lon="-5.145539">
        <ele>73.412</ele>
        <time>2023-12-27T05:01:51Z</time>
      </trkpt>
      <trkpt lat="43.370468" lon="-5.145260">
        <ele>73.532</ele>
        <time>2023-12-27T05:02:31Z</time>
      </trkpt>
      <trkpt lat="43.370726" lon="-5.144970">
        <ele>70.705</ele>
        <time>2023-12-27T05:03:11Z</time>
      </trkpt>
      <trkpt lat="43.371162" lon="-5.144713">
        <ele>67.509</ele>
        <time>2023-12-27T05:03:51Z</time>
      </trkpt>
      <trkpt lat="43.371498" lon="-5.144724">
        <ele>62.092</ele>
        <time>2023-12-27T05:04:31Z</time>
      </trkpt>
      <trkpt lat="43.371794" lon="-5.144895">
        <ele>56.066</ele>
        <time>2023-12-27T05:05:11Z</time>
      </trkpt>
      <trkpt lat="43.371825" lon="-5.145056">
        <ele>53.557</ele>
        <time>2023-12-27T05:05:51Z</time>
      </trkpt>
      <trkpt lat="43.371989" lon="-5.145571">
        <ele>48.917</ele>
        <time>2023-12-27T05:06:31Z</time>
      </trkpt>
      <trkpt lat="43.372048" lon="-5.145606">
        <ele>48.681</ele>
        <time>2023-12-27T05:07:11Z</time>
      </trkpt>
      <trkpt lat="43.372145" lon="-5.145646">
        <ele>48.116</ele>
        <time>2023-12-27T05:07:51Z</time>
      </trkpt>
      <trkpt lat="43.372229" lon="-5.145665">
        <ele>47.767</ele>
        <time>2023-12-27T05:08:31Z</time>
      </trkpt>
      <trkpt lat="43.372328" lon="-5.145684">
        <ele>45.974</ele>
        <time>2023-12-27T05:09:11Z</time>
      </trkpt>
      <trkpt lat="43.372471" lon="-5.145510">
        <ele>46.586</ele>
        <time>2023-12-27T05:09:51Z</time>
      </trkpt>
      <trkpt lat="43.372582" lon="-5.145488">
        <ele>46.047</ele>
        <time>2023-12-27T05:10:31Z</time>
      </trkpt>
      <trkpt lat="43.372753" lon="-5.145424">
        <ele>46.129</ele>
        <time>2023-12-27T05:11:11Z</time>
      </trkpt>
      <trkpt lat="43.372900" lon="-5.145365">
        <ele>46.821</ele>
        <time>2023-12-27T05:11:51Z</time>
      </trkpt>
      <trkpt lat="43.372995" lon="-5.145357">
        <ele>46.709</ele>
        <time>2023-12-27T05:12:31Z</time>
      </trkpt>
      <trkpt lat="43.373223" lon="-5.145432">
        <ele>46.495</ele>
        <time>2023-12-27T05:13:11Z</time>
      </trkpt>
      <trkpt lat="43.373315" lon="-5.145504">
        <ele>45.229</ele>
        <time>2023-12-27T05:13:51Z</time>
      </trkpt>
      <trkpt lat="43.373637" lon="-5.145818">
        <ele>47.050</ele>
        <time>2023-12-27T05:14:31Z</time>
      </trkpt>
      <trkpt lat="43.373746" lon="-5.145982">
        <ele>47.620</ele>
        <time>2023-12-27T05:15:11Z</time>
      </trkpt>
      <trkpt lat="43.373902" lon="-5.146175">
        <ele>46.734</ele>
        <time>2023-12-27T05:15:51Z</time>
      </trkpt>
      <trkpt lat="43.374044" lon="-5.146531">
        <ele>46.159</ele>
        <time>2023-12-27T05:16:31Z</time>
      </trkpt>
      <trkpt lat="43.374085" lon="-5.146655">
        <ele>45.890</ele>
        <time>2023-12-27T05:17:11Z</time>
      </trkpt>
      <trkpt lat="43.374110" lon="-5.147175">
        <ele>44.277</ele>
        <time>2023-12-27T05:17:51Z</time>
      </trkpt>
      <trkpt lat="43.374095" lon="-5.147540">
        <ele>44.079</ele>
        <time>2023-12-27T05:18:31Z</time>
      </trkpt>
      <trkpt lat="43.374093" lon="-5.147706">
        <ele>44.064</ele>
        <time>2023-12-27T05:19:11Z</time>
      </trkpt>
      <trkpt lat="43.374114" lon="-5.147819">
        <ele>44.006</ele>
        <time>2023-12-27T05:19:51Z</time>
      </trkpt>
      <trkpt lat="43.374206" lon="-5.148042">
        <ele>45.216</ele>
        <time>2023-12-27T05:20:31Z</time>
      </trkpt>
      <trkpt lat="43.374319" lon="-5.148256">
        <ele>47.809</ele>
        <time>2023-12-27T05:21:11Z</time>
      </trkpt>
      <trkpt lat="43.374399" lon="-5.148449">
        <ele>47.157</ele>
        <time>2023-12-27T05:21:51Z</time>
      </trkpt>
      <trkpt lat="43.374450" lon="-5.148575">
        <ele>46.581</ele>
        <time>2023-12-27T05:22:31Z</time>
      </trkpt>
      <trkpt lat="43.374456" lon="-5.148811">
        <ele>47.432</ele>
        <time>2023-12-27T05:23:11Z</time>
      </trkpt>
      <trkpt lat="43.374459" lon="-5.149141">
        <ele>47.762</ele>
        <time>2023-12-27T05:23:51Z</time>
      </trkpt>
      <trkpt lat="43.374456" lon="-5.149380">
        <ele>46.716</ele>
        <time>2023-12-27T05:24:31Z</time>
      </trkpt>
      <trkpt lat="43.374475" lon="-5.149490">
        <ele>46.951</ele>
        <time>2023-12-27T05:25:11Z</time>
      </trkpt>
      <trkpt lat="43.374520" lon="-5.149597">
        <ele>47.782</ele>
        <time>2023-12-27T05:25:51Z</time>
      </trkpt>
      <trkpt lat="43.374553" lon="-5.149672">
        <ele>48.199</ele>
        <time>2023-12-27T05:26:31Z</time>
      </trkpt>
      <trkpt lat="43.374580" lon="-5.149747">
        <ele>48.321</ele>
        <time>2023-12-27T05:27:11Z</time>
      </trkpt>
      <trkpt lat="43.374627" lon="-5.149823">
        <ele>48.936</ele>
        <time>2023-12-27T05:27:51Z</time>
      </trkpt>
      <trkpt lat="43.374709" lon="-5.149908">
        <ele>49.817</ele>
        <time>2023-12-27T05:28:31Z</time>
      </trkpt>
      <trkpt lat="43.374787" lon="-5.150018">
        <ele>51.518</ele>
        <time>2023-12-27T05:29:11Z</time>
      </trkpt>
      <trkpt lat="43.374834" lon="-5.150206">
        <ele>52.409</ele>
        <time>2023-12-27T05:29:51Z</time>
      </trkpt>
      <trkpt lat="43.374843" lon="-5.150300">
        <ele>52.274</ele>
        <time>2023-12-27T05:30:31Z</time>
      </trkpt>
      <trkpt lat="43.374859" lon="-5.150445">
        <ele>52.028</ele>
        <time>2023-12-27T05:31:11Z</time>
      </trkpt>
      <trkpt lat="43.374869" lon="-5.150525">
        <ele>51.999</ele>
        <time>2023-12-27T05:31:51Z</time>
      </trkpt>
      <trkpt lat="43.374867" lon="-5.150630">
        <ele>51.529</ele>
        <time>2023-12-27T05:32:31Z</time>
      </trkpt>
      <trkpt lat="43.374873" lon="-5.150673">
        <ele>51.663</ele>
        <time>2023-12-27T05:33:11Z</time>
      </trkpt>
      <trkpt lat="43.374888" lon="-5.150759">
        <ele>51.918</ele>
        <time>2023-12-27T05:33:51Z</time>
      </trkpt>
      <trkpt lat="43.374902" lon="-5.150844">
        <ele>52.139</ele>
        <time>2023-12-27T05:34:31Z</time>
      </trkpt>
      <trkpt lat="43.374902" lon="-5.150941">
        <ele>51.646</ele>
        <time>2023-12-27T05:35:11Z</time>
      </trkpt>
      <trkpt lat="43.374877" lon="-5.151054">
        <ele>50.548</ele>
        <time>2023-12-27T05:35:51Z</time>
      </trkpt>
      <trkpt lat="43.374855" lon="-5.151153">
        <ele>49.898</ele>
        <time>2023-12-27T05:36:31Z</time>
      </trkpt>
      <trkpt lat="43.374830" lon="-5.151268">
        <ele>49.015</ele>
        <time>2023-12-27T05:37:11Z</time>
      </trkpt>
      <trkpt lat="43.374810" lon="-5.151308">
        <ele>48.626</ele>
        <time>2023-12-27T05:37:51Z</time>
      </trkpt>
      <trkpt lat="43.374771" lon="-5.151413">
        <ele>47.709</ele>
        <time>2023-12-27T05:38:31Z</time>
      </trkpt>
      <trkpt lat="43.374754" lon="-5.151440">
        <ele>47.590</ele>
        <time>2023-12-27T05:39:11Z</time>
      </trkpt>
      <trkpt lat="43.374826" lon="-5.151461">
        <ele>48.764</ele>
        <time>2023-12-27T05:39:51Z</time>
      </trkpt>
      <trkpt lat="43.374908" lon="-5.151469">
        <ele>50.165</ele>
        <time>2023-12-27T05:40:31Z</time>
      </trkpt>
      <trkpt lat="43.374976" lon="-5.151486">
        <ele>51.385</ele>
        <time>2023-12-27T05:41:11Z</time>
      </trkpt>
      <trkpt lat="43.375033" lon="-5.151520">
        <ele>52.859</ele>
        <time>2023-12-27T05:41:51Z</time>
      </trkpt>
      <trkpt lat="43.375048" lon="-5.151555">
        <ele>53.524</ele>
        <time>2023-12-27T05:42:31Z</time>
      </trkpt>
      <trkpt lat="43.375068" lon="-5.151604">
        <ele>54.535</ele>
        <time>2023-12-27T05:43:11Z</time>
      </trkpt>
      <trkpt lat="43.375097" lon="-5.151654">
        <ele>55.772</ele>
        <time>2023-12-27T05:43:51Z</time>
      </trkpt>
      <trkpt lat="43.375111" lon="-5.151687">
        <ele>56.274</ele>
        <time>2023-12-27T05:44:31Z</time>
      </trkpt>
      <trkpt lat="43.375126" lon="-5.151746">
        <ele>56.877</ele>
        <time>2023-12-27T05:45:11Z</time>
      </trkpt>
      <trkpt lat="43.375159" lon="-5.151802">
        <ele>57.861</ele>
        <time>2023-12-27T05:45:51Z</time>
      </trkpt>
      <trkpt lat="43.375208" lon="-5.151762">
        <ele>59.127</ele>
        <time>2023-12-27T05:46:31Z</time>
      </trkpt>
      <trkpt lat="43.375267" lon="-5.151708">
        <ele>60.709</ele>
        <time>2023-12-27T05:47:11Z</time>
      </trkpt>
      <trkpt lat="43.375360" lon="-5.151738">
        <ele>62.898</ele>
        <time>2023-12-27T05:47:51Z</time>
      </trkpt>
      <trkpt lat="43.375489" lon="-5.151756">
        <ele>65.822</ele>
        <time>2023-12-27T05:48:31Z</time>
      </trkpt>
      <trkpt lat="43.375584" lon="-5.151781">
        <ele>68.373</ele>
        <time>2023-12-27T05:49:11Z</time>
      </trkpt>
      <trkpt lat="43.375684" lon="-5.151770">
        <ele>70.433</ele>
        <time>2023-12-27T05:49:51Z</time>
      </trkpt>
      <trkpt lat="43.375812" lon="-5.151730">
        <ele>72.757</ele>
        <time>2023-12-27T05:50:31Z</time>
      </trkpt>
      <trkpt lat="43.375918" lon="-5.151668">
        <ele>74.292</ele>
        <time>2023-12-27T05:51:11Z</time>
      </trkpt>
      <trkpt lat="43.376025" lon="-5.151609">
        <ele>76.183</ele>
        <time>2023-12-27T05:51:51Z</time>
      </trkpt>
      <trkpt lat="43.376138" lon="-5.151604">
        <ele>79.110</ele>
        <time>2023-12-27T05:52:31Z</time>
      </trkpt>
      <trkpt lat="43.376228" lon="-5.151582">
        <ele>81.572</ele>
        <time>2023-12-27T05:53:11Z</time>
      </trkpt>
      <trkpt lat="43.376306" lon="-5.151612">
        <ele>84.324</ele>
        <time>2023-12-27T05:53:51Z</time>
      </trkpt>
      <trkpt lat="43.376302" lon="-5.151684">
        <ele>85.504</ele>
        <time>2023-12-27T05:54:31Z</time>
      </trkpt>
      <trkpt lat="43.376296" lon="-5.151813">
        <ele>87.614</ele>
        <time>2023-12-27T05:55:11Z</time>
      </trkpt>
      <trkpt lat="43.376304" lon="-5.151912">
        <ele>89.709</ele>
        <time>2023-12-27T05:55:51Z</time>
      </trkpt>
      <trkpt lat="43.376321" lon="-5.152027">
        <ele>90.973</ele>
        <time>2023-12-27T05:56:31Z</time>
      </trkpt>
      <trkpt lat="43.376364" lon="-5.152108">
        <ele>92.277</ele>
        <time>2023-12-27T05:57:11Z</time>
      </trkpt>
      <trkpt lat="43.376351" lon="-5.152161">
        <ele>91.988</ele>
        <time>2023-12-27T05:57:51Z</time>
      </trkpt>
      <trkpt lat="43.376315" lon="-5.152274">
        <ele>91.378</ele>
        <time>2023-12-27T05:58:31Z</time>
      </trkpt>
      <trkpt lat="43.376265" lon="-5.152325">
        <ele>90.272</ele>
        <time>2023-12-27T05:59:11Z</time>
      </trkpt>
      <trkpt lat="43.376218" lon="-5.152440">
        <ele>89.517</ele>
        <time>2023-12-27T05:59:51Z</time>
      </trkpt>
      <trkpt lat="43.376189" lon="-5.152604">
        <ele>91.318</ele>
        <time>2023-12-27T06:00:31Z</time>
      </trkpt>
      <trkpt lat="43.376169" lon="-5.152792">
        <ele>94.725</ele>
        <time>2023-12-27T06:01:11Z</time>
      </trkpt>
      <trkpt lat="43.376142" lon="-5.153041">
        <ele>97.077</ele>
        <time>2023-12-27T06:01:51Z</time>
      </trkpt>
      <trkpt lat="43.376122" lon="-5.153191">
        <ele>97.923</ele>
        <time>2023-12-27T06:02:31Z</time>
      </trkpt>
      <trkpt lat="43.376107" lon="-5.153320">
        <ele>98.783</ele>
        <time>2023-12-27T06:03:11Z</time>
      </trkpt>
      <trkpt lat="43.376085" lon="-5.153540">
        <ele>99.011</ele>
        <time>2023-12-27T06:03:51Z</time>
      </trkpt>
      <trkpt lat="43.376076" lon="-5.153685">
        <ele>98.809</ele>
        <time>2023-12-27T06:04:31Z</time>
      </trkpt>
      <trkpt lat="43.376130" lon="-5.153773">
        <ele>99.373</ele>
        <time>2023-12-27T06:05:11Z</time>
      </trkpt>
      <trkpt lat="43.376191" lon="-5.153814">
        <ele>100.597</ele>
        <time>2023-12-27T06:05:51Z</time>
      </trkpt>
      <trkpt lat="43.376276" lon="-5.153835">
        <ele>102.318</ele>
        <time>2023-12-27T06:06:31Z</time>
      </trkpt>
      <trkpt lat="43.376485" lon="-5.153800">
        <ele>108.598</ele>
        <time>2023-12-27T06:07:11Z</time>
      </trkpt>
      <trkpt lat="43.376547" lon="-5.153725">
        <ele>112.342</ele>
        <time>2023-12-27T06:07:51Z</time>
      </trkpt>
      <trkpt lat="43.376742" lon="-5.153618">
        <ele>121.957</ele>
        <time>2023-12-27T06:08:31Z</time>
      </trkpt>
      <trkpt lat="43.376980" lon="-5.153511">
        <ele>129.438</ele>
        <time>2023-12-27T06:09:11Z</time>
      </trkpt>
      <trkpt lat="43.377210" lon="-5.153516">
        <ele>133.515</ele>
        <time>2023-12-27T06:09:51Z</time>
      </trkpt>
      <trkpt lat="43.377397" lon="-5.153457">
        <ele>136.447</ele>
        <time>2023-12-27T06:10:31Z</time>
      </trkpt>
      <trkpt lat="43.377511" lon="-5.153382">
        <ele>139.331</ele>
        <time>2023-12-27T06:11:11Z</time>
      </trkpt>
      <trkpt lat="43.377698" lon="-5.153264">
        <ele>142.861</ele>
        <time>2023-12-27T06:11:51Z</time>
      </trkpt>
      <trkpt lat="43.377990" lon="-5.153210">
        <ele>147.207</ele>
        <time>2023-12-27T06:12:31Z</time>
      </trkpt>
      <trkpt lat="43.378318" lon="-5.153183">
        <ele>154.109</ele>
        <time>2023-12-27T06:13:11Z</time>
      </trkpt>
      <trkpt lat="43.378481" lon="-5.153210">
        <ele>156.524</ele>
        <time>2023-12-27T06:13:51Z</time>
      </trkpt>
      <trkpt lat="43.378739" lon="-5.153205">
        <ele>161.458</ele>
        <time>2023-12-27T06:14:31Z</time>
      </trkpt>
      <trkpt lat="43.379062" lon="-5.153232">
        <ele>166.989</ele>
        <time>2023-12-27T06:15:11Z</time>
      </trkpt>
      <trkpt lat="43.379413" lon="-5.153393">
        <ele>167.069</ele>
        <time>2023-12-27T06:15:51Z</time>
      </trkpt>
      <trkpt lat="43.379827" lon="-5.153650">
        <ele>171.693</ele>
        <time>2023-12-27T06:16:31Z</time>
      </trkpt>
      <trkpt lat="43.380068" lon="-5.153865">
        <ele>183.878</ele>
        <time>2023-12-27T06:17:11Z</time>
      </trkpt>
      <trkpt lat="43.380037" lon="-5.154154">
        <ele>183.059</ele>
        <time>2023-12-27T06:17:51Z</time>
      </trkpt>
      <trkpt lat="43.379717" lon="-5.154766">
        <ele>194.526</ele>
        <time>2023-12-27T06:18:31Z</time>
      </trkpt>
      <trkpt lat="43.379639" lon="-5.154948">
        <ele>193.368</ele>
        <time>2023-12-27T06:19:11Z</time>
      </trkpt>
      <trkpt lat="43.379600" lon="-5.155131">
        <ele>193.751</ele>
        <time>2023-12-27T06:19:51Z</time>
      </trkpt>
      <trkpt lat="43.379593" lon="-5.155420">
        <ele>199.201</ele>
        <time>2023-12-27T06:20:31Z</time>
      </trkpt>
      <trkpt lat="43.379515" lon="-5.155785">
        <ele>204.211</ele>
        <time>2023-12-27T06:21:11Z</time>
      </trkpt>
      <trkpt lat="43.379429" lon="-5.156118">
        <ele>203.409</ele>
        <time>2023-12-27T06:21:51Z</time>
      </trkpt>
      <trkpt lat="43.379429" lon="-5.156311">
        <ele>204.896</ele>
        <time>2023-12-27T06:22:31Z</time>
      </trkpt>
      <trkpt lat="43.379476" lon="-5.156515">
        <ele>206.690</ele>
        <time>2023-12-27T06:23:11Z</time>
      </trkpt>
      <trkpt lat="43.379437" lon="-5.156783">
        <ele>205.131</ele>
        <time>2023-12-27T06:23:51Z</time>
      </trkpt>
      <trkpt lat="43.379398" lon="-5.156944">
        <ele>204.291</ele>
        <time>2023-12-27T06:24:31Z</time>
      </trkpt>
      <trkpt lat="43.379312" lon="-5.157019">
        <ele>203.155</ele>
        <time>2023-12-27T06:25:11Z</time>
      </trkpt>
      <trkpt lat="43.379211" lon="-5.157073">
        <ele>200.220</ele>
        <time>2023-12-27T06:25:51Z</time>
      </trkpt>
      <trkpt lat="43.379031" lon="-5.157094">
        <ele>194.141</ele>
        <time>2023-12-27T06:26:31Z</time>
      </trkpt>
      <trkpt lat="43.378844" lon="-5.157201">
        <ele>189.478</ele>
        <time>2023-12-27T06:27:11Z</time>
      </trkpt>
      <trkpt lat="43.378610" lon="-5.157266">
        <ele>183.680</ele>
        <time>2023-12-27T06:27:51Z</time>
      </trkpt>
      <trkpt lat="43.378509" lon="-5.157416">
        <ele>182.655</ele>
        <time>2023-12-27T06:28:31Z</time>
      </trkpt>
      <trkpt lat="43.378439" lon="-5.157523">
        <ele>182.007</ele>
        <time>2023-12-27T06:29:11Z</time>
      </trkpt>
      <trkpt lat="43.378431" lon="-5.157652">
        <ele>185.217</ele>
        <time>2023-12-27T06:29:51Z</time>
      </trkpt>
      <trkpt lat="43.378423" lon="-5.157802">
        <ele>188.909</ele>
        <time>2023-12-27T06:30:31Z</time>
      </trkpt>
      <trkpt lat="43.378485" lon="-5.158081">
        <ele>200.336</ele>
        <time>2023-12-27T06:31:11Z</time>
      </trkpt>
      <trkpt lat="43.378548" lon="-5.158253">
        <ele>208.280</ele>
        <time>2023-12-27T06:31:51Z</time>
      </trkpt>
      <trkpt lat="43.378649" lon="-5.158435">
        <ele>218.271</ele>
        <time>2023-12-27T06:32:31Z</time>
      </trkpt>
      <trkpt lat="43.378782" lon="-5.158650">
        <ele>230.281</ele>
        <time>2023-12-27T06:33:11Z</time>
      </trkpt>
      <trkpt lat="43.378984" lon="-5.158843">
        <ele>244.095</ele>
        <time>2023-12-27T06:33:51Z</time>
      </trkpt>
      <trkpt lat="43.379148" lon="-5.159036">
        <ele>252.260</ele>
        <time>2023-12-27T06:34:31Z</time>
      </trkpt>
      <trkpt lat="43.379491" lon="-5.158993">
        <ele>273.341</ele>
        <time>2023-12-27T06:35:11Z</time>
      </trkpt>
      <trkpt lat="43.379663" lon="-5.158854">
        <ele>284.738</ele>
        <time>2023-12-27T06:35:51Z</time>
      </trkpt>
      <trkpt lat="43.379944" lon="-5.158896">
        <ele>298.920</ele>
        <time>2023-12-27T06:36:31Z</time>
      </trkpt>
      <trkpt lat="43.380092" lon="-5.158757">
        <ele>308.878</ele>
        <time>2023-12-27T06:37:11Z</time>
      </trkpt>
      <trkpt lat="43.380326" lon="-5.158617">
        <ele>324.633</ele>
        <time>2023-12-27T06:37:51Z</time>
      </trkpt>
      <trkpt lat="43.380606" lon="-5.158478">
        <ele>335.026</ele>
        <time>2023-12-27T06:38:31Z</time>
      </trkpt>
      <trkpt lat="43.380871" lon="-5.158328">
        <ele>344.809</ele>
        <time>2023-12-27T06:39:11Z</time>
      </trkpt>
      <trkpt lat="43.380951" lon="-5.158309">
        <ele>346.428</ele>
        <time>2023-12-27T06:39:51Z</time>
      </trkpt>
      <trkpt lat="43.381055" lon="-5.158253">
        <ele>348.432</ele>
        <time>2023-12-27T06:40:31Z</time>
      </trkpt>
      <trkpt lat="43.381140" lon="-5.158218">
        <ele>350.653</ele>
        <time>2023-12-27T06:41:11Z</time>
      </trkpt>
      <trkpt lat="43.381238" lon="-5.158191">
        <ele>353.473</ele>
        <time>2023-12-27T06:41:51Z</time>
      </trkpt>
      <trkpt lat="43.381310" lon="-5.158151">
        <ele>356.187</ele>
        <time>2023-12-27T06:42:31Z</time>
      </trkpt>
      <trkpt lat="43.381411" lon="-5.158111">
        <ele>360.352</ele>
        <time>2023-12-27T06:43:11Z</time>
      </trkpt>
      <trkpt lat="43.381497" lon="-5.158068">
        <ele>363.413</ele>
        <time>2023-12-27T06:43:51Z</time>
      </trkpt>
      <trkpt lat="43.381593" lon="-5.158062">
        <ele>366.070</ele>
        <time>2023-12-27T06:44:31Z</time>
      </trkpt>
      <trkpt lat="43.381723" lon="-5.158086">
        <ele>368.482</ele>
        <time>2023-12-27T06:45:11Z</time>
      </trkpt>
      <trkpt lat="43.381844" lon="-5.158116">
        <ele>370.415</ele>
        <time>2023-12-27T06:45:51Z</time>
      </trkpt>
      <trkpt lat="43.381934" lon="-5.158135">
        <ele>372.265</ele>
        <time>2023-12-27T06:46:31Z</time>
      </trkpt>
      <trkpt lat="43.382035" lon="-5.158164">
        <ele>374.611</ele>
        <time>2023-12-27T06:47:11Z</time>
      </trkpt>
      <trkpt lat="43.382170" lon="-5.158162">
        <ele>378.009</ele>
        <time>2023-12-27T06:47:51Z</time>
      </trkpt>
      <trkpt lat="43.382283" lon="-5.158167">
        <ele>380.172</ele>
        <time>2023-12-27T06:48:31Z</time>
      </trkpt>
      <trkpt lat="43.382382" lon="-5.158137">
        <ele>381.366</ele>
        <time>2023-12-27T06:49:11Z</time>
      </trkpt>
      <trkpt lat="43.382454" lon="-5.158086">
        <ele>382.887</ele>
        <time>2023-12-27T06:49:51Z</time>
      </trkpt>
      <trkpt lat="43.382513" lon="-5.158009">
        <ele>383.217</ele>
        <time>2023-12-27T06:50:31Z</time>
      </trkpt>
      <trkpt lat="43.382624" lon="-5.157909">
        <ele>382.631</ele>
        <time>2023-12-27T06:51:11Z</time>
      </trkpt>
      <trkpt lat="43.382700" lon="-5.157848">
        <ele>383.356</ele>
        <time>2023-12-27T06:51:51Z</time>
      </trkpt>
      <trkpt lat="43.382794" lon="-5.157775">
        <ele>385.527</ele>
        <time>2023-12-27T06:52:31Z</time>
      </trkpt>
      <trkpt lat="43.382870" lon="-5.157700">
        <ele>388.684</ele>
        <time>2023-12-27T06:53:11Z</time>
      </trkpt>
      <trkpt lat="43.382911" lon="-5.157649">
        <ele>390.756</ele>
        <time>2023-12-27T06:53:51Z</time>
      </trkpt>
      <trkpt lat="43.382950" lon="-5.157614">
        <ele>392.631</ele>
        <time>2023-12-27T06:54:31Z</time>
      </trkpt>
      <trkpt lat="43.383027" lon="-5.157574">
        <ele>396.461</ele>
        <time>2023-12-27T06:55:11Z</time>
      </trkpt>
      <trkpt lat="43.383035" lon="-5.157526">
        <ele>397.607</ele>
        <time>2023-12-27T06:55:51Z</time>
      </trkpt>
      <trkpt lat="43.383061" lon="-5.157445">
        <ele>399.409</ele>
        <time>2023-12-27T06:56:31Z</time>
      </trkpt>
      <trkpt lat="43.383086" lon="-5.157373">
        <ele>400.544</ele>
        <time>2023-12-27T06:57:11Z</time>
      </trkpt>
      <trkpt lat="43.383131" lon="-5.157338">
        <ele>402.278</ele>
        <time>2023-12-27T06:57:51Z</time>
      </trkpt>
      <trkpt lat="43.383189" lon="-5.157276">
        <ele>404.569</ele>
        <time>2023-12-27T06:58:31Z</time>
      </trkpt>
      <trkpt lat="43.383273" lon="-5.157314">
        <ele>407.249</ele>
        <time>2023-12-27T06:59:11Z</time>
      </trkpt>
      <trkpt lat="43.383347" lon="-5.157317">
        <ele>409.293</ele>
        <time>2023-12-27T06:59:51Z</time>
      </trkpt>
      <trkpt lat="43.383433" lon="-5.157346">
        <ele>408.318</ele>
        <time>2023-12-27T07:00:31Z</time>
      </trkpt>
      <trkpt lat="43.383505" lon="-5.157392">
        <ele>408.029</ele>
        <time>2023-12-27T07:01:11Z</time>
      </trkpt>
      <trkpt lat="43.383556" lon="-5.157440">
        <ele>408.256</ele>
        <time>2023-12-27T07:01:51Z</time>
      </trkpt>
      <trkpt lat="43.383589" lon="-5.157488">
        <ele>408.828</ele>
        <time>2023-12-27T07:02:31Z</time>
      </trkpt>
      <trkpt lat="43.383603" lon="-5.157531">
        <ele>408.222</ele>
        <time>2023-12-27T07:03:11Z</time>
      </trkpt>
      <trkpt lat="43.383603" lon="-5.157582">
        <ele>406.962</ele>
        <time>2023-12-27T07:03:51Z</time>
      </trkpt>
      <trkpt lat="43.383610" lon="-5.157663">
        <ele>404.908</ele>
        <time>2023-12-27T07:04:31Z</time>
      </trkpt>
      <trkpt lat="43.383616" lon="-5.157703">
        <ele>403.609</ele>
        <time>2023-12-27T07:05:11Z</time>
      </trkpt>
      <trkpt lat="43.383612" lon="-5.157757">
        <ele>402.583</ele>
        <time>2023-12-27T07:05:51Z</time>
      </trkpt>
      <trkpt lat="43.383605" lon="-5.157789">
        <ele>401.817</ele>
        <time>2023-12-27T07:06:31Z</time>
      </trkpt>
      <trkpt lat="43.383630" lon="-5.157877">
        <ele>400.218</ele>
        <time>2023-12-27T07:07:11Z</time>
      </trkpt>
      <trkpt lat="43.383673" lon="-5.157960">
        <ele>398.018</ele>
        <time>2023-12-27T07:07:51Z</time>
      </trkpt>
      <trkpt lat="43.383702" lon="-5.158052">
        <ele>396.742</ele>
        <time>2023-12-27T07:08:31Z</time>
      </trkpt>
      <trkpt lat="43.383720" lon="-5.158135">
        <ele>396.277</ele>
        <time>2023-12-27T07:09:11Z</time>
      </trkpt>
      <trkpt lat="43.383760" lon="-5.158271">
        <ele>395.838</ele>
        <time>2023-12-27T07:09:51Z</time>
      </trkpt>
      <trkpt lat="43.383821" lon="-5.158416">
        <ele>395.815</ele>
        <time>2023-12-27T07:10:31Z</time>
      </trkpt>
      <trkpt lat="43.383866" lon="-5.158567">
        <ele>396.427</ele>
        <time>2023-12-27T07:11:11Z</time>
      </trkpt>
      <trkpt lat="43.383938" lon="-5.158733">
        <ele>393.755</ele>
        <time>2023-12-27T07:11:51Z</time>
      </trkpt>
      <trkpt lat="43.384000" lon="-5.158880">
        <ele>392.007</ele>
        <time>2023-12-27T07:12:31Z</time>
      </trkpt>
      <trkpt lat="43.384045" lon="-5.158985">
        <ele>391.617</ele>
        <time>2023-12-27T07:13:11Z</time>
      </trkpt>
      <trkpt lat="43.384125" lon="-5.159138">
        <ele>393.709</ele>
        <time>2023-12-27T07:13:51Z</time>
      </trkpt>
      <trkpt lat="43.384230" lon="-5.159342">
        <ele>393.116</ele>
        <time>2023-12-27T07:14:31Z</time>
      </trkpt>
      <trkpt lat="43.384285" lon="-5.159438">
        <ele>393.570</ele>
        <time>2023-12-27T07:15:11Z</time>
      </trkpt>
      <trkpt lat="43.384390" lon="-5.159591">
        <ele>395.261</ele>
        <time>2023-12-27T07:15:51Z</time>
      </trkpt>
      <trkpt lat="43.384548" lon="-5.159779">
        <ele>398.051</ele>
        <time>2023-12-27T07:16:31Z</time>
      </trkpt>
      <trkpt lat="43.384698" lon="-5.159967">
        <ele>399.365</ele>
        <time>2023-12-27T07:17:11Z</time>
      </trkpt>
      <trkpt lat="43.384809" lon="-5.160055">
        <ele>399.030</ele>
        <time>2023-12-27T07:17:51Z</time>
      </trkpt>
      <trkpt lat="43.384920" lon="-5.160136">
        <ele>398.611</ele>
        <time>2023-12-27T07:18:31Z</time>
      </trkpt>
      <trkpt lat="43.384992" lon="-5.160208">
        <ele>399.228</ele>
        <time>2023-12-27T07:19:11Z</time>
      </trkpt>
      <trkpt lat="43.385059" lon="-5.160297">
        <ele>400.360</ele>
        <time>2023-12-27T07:19:51Z</time>
      </trkpt>
      <trkpt lat="43.385143" lon="-5.160398">
        <ele>400.965</ele>
        <time>2023-12-27T07:20:31Z</time>
      </trkpt>
      <trkpt lat="43.385213" lon="-5.160500">
        <ele>401.668</ele>
        <time>2023-12-27T07:21:11Z</time>
      </trkpt>
      <trkpt lat="43.385365" lon="-5.160629">
        <ele>401.614</ele>
        <time>2023-12-27T07:21:51Z</time>
      </trkpt>
      <trkpt lat="43.385513" lon="-5.160771">
        <ele>400.509</ele>
        <time>2023-12-27T07:22:31Z</time>
      </trkpt>
      <trkpt lat="43.385599" lon="-5.160790">
        <ele>399.577</ele>
        <time>2023-12-27T07:23:11Z</time>
      </trkpt>
      <trkpt lat="43.385737" lon="-5.160911">
        <ele>397.411</ele>
        <time>2023-12-27T07:23:51Z</time>
      </trkpt>
      <trkpt lat="43.385858" lon="-5.161007">
        <ele>395.592</ele>
        <time>2023-12-27T07:24:31Z</time>
      </trkpt>
      <trkpt lat="43.385983" lon="-5.161174">
        <ele>393.422</ele>
        <time>2023-12-27T07:25:11Z</time>
      </trkpt>
      <trkpt lat="43.386133" lon="-5.161289">
        <ele>391.266</ele>
        <time>2023-12-27T07:25:51Z</time>
      </trkpt>
      <trkpt lat="43.386215" lon="-5.161343">
        <ele>390.691</ele>
        <time>2023-12-27T07:26:31Z</time>
      </trkpt>
      <trkpt lat="43.386413" lon="-5.161410">
        <ele>389.782</ele>
        <time>2023-12-27T07:27:11Z</time>
      </trkpt>
      <trkpt lat="43.386486" lon="-5.161471">
        <ele>388.769</ele>
        <time>2023-12-27T07:27:51Z</time>
      </trkpt>
      <trkpt lat="43.386571" lon="-5.161471">
        <ele>388.131</ele>
        <time>2023-12-27T07:28:31Z</time>
      </trkpt>
      <trkpt lat="43.386675" lon="-5.161436">
        <ele>387.494</ele>
        <time>2023-12-27T07:29:11Z</time>
      </trkpt>
      <trkpt lat="43.386866" lon="-5.161391">
        <ele>382.257</ele>
        <time>2023-12-27T07:29:51Z</time>
      </trkpt>
      <trkpt lat="43.387012" lon="-5.161367">
        <ele>376.322</ele>
        <time>2023-12-27T07:30:31Z</time>
      </trkpt>
      <trkpt lat="43.387142" lon="-5.161337">
        <ele>369.409</ele>
        <time>2023-12-27T07:31:11Z</time>
      </trkpt>
      <trkpt lat="43.387259" lon="-5.161318">
        <ele>363.620</ele>
        <time>2023-12-27T07:31:51Z</time>
      </trkpt>
      <trkpt lat="43.387384" lon="-5.161276">
        <ele>357.444</ele>
        <time>2023-12-27T07:32:31Z</time>
      </trkpt>
      <trkpt lat="43.387521" lon="-5.161235">
        <ele>352.015</ele>
        <time>2023-12-27T07:33:11Z</time>
      </trkpt>
      <trkpt lat="43.387620" lon="-5.161184">
        <ele>350.555</ele>
        <time>2023-12-27T07:33:51Z</time>
      </trkpt>
      <trkpt lat="43.387797" lon="-5.161090">
        <ele>349.239</ele>
        <time>2023-12-27T07:34:31Z</time>
      </trkpt>
      <trkpt lat="43.387885" lon="-5.161037">
        <ele>347.294</ele>
        <time>2023-12-27T07:35:11Z</time>
      </trkpt>
      <trkpt lat="43.387951" lon="-5.160948">
        <ele>345.635</ele>
        <time>2023-12-27T07:35:51Z</time>
      </trkpt>
      <trkpt lat="43.388004" lon="-5.160836">
        <ele>344.612</ele>
        <time>2023-12-27T07:36:31Z</time>
      </trkpt>
      <trkpt lat="43.388018" lon="-5.160702">
        <ele>342.074</ele>
        <time>2023-12-27T07:37:11Z</time>
      </trkpt>
      <trkpt lat="43.388027" lon="-5.160616">
        <ele>340.563</ele>
        <time>2023-12-27T07:37:51Z</time>
      </trkpt>
      <trkpt lat="43.388012" lon="-5.160554">
        <ele>338.944</ele>
        <time>2023-12-27T07:38:31Z</time>
      </trkpt>
      <trkpt lat="43.387971" lon="-5.160546">
        <ele>337.518</ele>
        <time>2023-12-27T07:39:11Z</time>
      </trkpt>
      <trkpt lat="43.387823" lon="-5.160643">
        <ele>337.009</ele>
        <time>2023-12-27T07:39:51Z</time>
      </trkpt>
      <trkpt lat="43.387753" lon="-5.160667">
        <ele>336.517</ele>
        <time>2023-12-27T07:40:31Z</time>
      </trkpt>
      <trkpt lat="43.387663" lon="-5.160728">
        <ele>337.171</ele>
        <time>2023-12-27T07:41:11Z</time>
      </trkpt>
      <trkpt lat="43.387534" lon="-5.160779">
        <ele>337.052</ele>
        <time>2023-12-27T07:41:51Z</time>
      </trkpt>
      <trkpt lat="43.387454" lon="-5.160798">
        <ele>338.992</ele>
        <time>2023-12-27T07:42:31Z</time>
      </trkpt>
      <trkpt lat="43.387367" lon="-5.160739">
        <ele>339.216</ele>
        <time>2023-12-27T07:43:11Z</time>
      </trkpt>
      <trkpt lat="43.387287" lon="-5.160656">
        <ele>338.651</ele>
        <time>2023-12-27T07:43:51Z</time>
      </trkpt>
      <trkpt lat="43.387242" lon="-5.160541">
        <ele>335.792</ele>
        <time>2023-12-27T07:44:31Z</time>
      </trkpt>
      <trkpt lat="43.387164" lon="-5.160441">
        <ele>335.749</ele>
        <time>2023-12-27T07:45:11Z</time>
      </trkpt>
      <trkpt lat="43.387055" lon="-5.160297">
        <ele>334.521</ele>
        <time>2023-12-27T07:45:51Z</time>
      </trkpt>
      <trkpt lat="43.387006" lon="-5.160251">
        <ele>334.396</ele>
        <time>2023-12-27T07:46:31Z</time>
      </trkpt>
      <trkpt lat="43.386813" lon="-5.160179">
        <ele>334.231</ele>
        <time>2023-12-27T07:47:11Z</time>
      </trkpt>
      <trkpt lat="43.386634" lon="-5.160114">
        <ele>333.324</ele>
        <time>2023-12-27T07:47:51Z</time>
      </trkpt>
      <trkpt lat="43.386546" lon="-5.159956">
        <ele>331.009</ele>
        <time>2023-12-27T07:48:31Z</time>
      </trkpt>
      <trkpt lat="43.386468" lon="-5.159795">
        <ele>330.280</ele>
        <time>2023-12-27T07:49:11Z</time>
      </trkpt>
      <trkpt lat="43.386376" lon="-5.159629">
        <ele>329.994</ele>
        <time>2023-12-27T07:49:51Z</time>
      </trkpt>
      <trkpt lat="43.386312" lon="-5.159492">
        <ele>326.835</ele>
        <time>2023-12-27T07:50:31Z</time>
      </trkpt>
      <trkpt lat="43.386291" lon="-5.159468">
        <ele>326.695</ele>
        <time>2023-12-27T07:51:11Z</time>
      </trkpt>
      <trkpt lat="43.386172" lon="-5.159377">
        <ele>326.789</ele>
        <time>2023-12-27T07:51:51Z</time>
      </trkpt>
      <trkpt lat="43.385979" lon="-5.159261">
        <ele>327.914</ele>
        <time>2023-12-27T07:52:31Z</time>
      </trkpt>
      <trkpt lat="43.385784" lon="-5.159060">
        <ele>324.785</ele>
        <time>2023-12-27T07:53:11Z</time>
      </trkpt>
      <trkpt lat="43.385597" lon="-5.158872">
        <ele>322.092</ele>
        <time>2023-12-27T07:53:51Z</time>
      </trkpt>
      <trkpt lat="43.385493" lon="-5.158738">
        <ele>320.184</ele>
        <time>2023-12-27T07:54:31Z</time>
      </trkpt>
      <trkpt lat="43.385382" lon="-5.158626">
        <ele>318.711</ele>
        <time>2023-12-27T07:55:11Z</time>
      </trkpt>
      <trkpt lat="43.385293" lon="-5.158550">
        <ele>317.521</ele>
        <time>2023-12-27T07:55:51Z</time>
      </trkpt>
      <trkpt lat="43.385170" lon="-5.158454">
        <ele>317.403</ele>
        <time>2023-12-27T07:56:31Z</time>
      </trkpt>
      <trkpt lat="43.385082" lon="-5.158352">
        <ele>316.309</ele>
        <time>2023-12-27T07:57:11Z</time>
      </trkpt>
      <trkpt lat="43.384957" lon="-5.158226">
        <ele>317.172</ele>
        <time>2023-12-27T07:57:51Z</time>
      </trkpt>
      <trkpt lat="43.384895" lon="-5.158129">
        <ele>317.396</ele>
        <time>2023-12-27T07:58:31Z</time>
      </trkpt>
      <trkpt lat="43.384852" lon="-5.158065">
        <ele>318.037</ele>
        <time>2023-12-27T07:59:11Z</time>
      </trkpt>
      <trkpt lat="43.384825" lon="-5.158017">
        <ele>319.237</ele>
        <time>2023-12-27T07:59:51Z</time>
      </trkpt>
      <trkpt lat="43.384799" lon="-5.157925">
        <ele>320.231</ele>
        <time>2023-12-27T08:00:31Z</time>
      </trkpt>
      <trkpt lat="43.384796" lon="-5.157853">
        <ele>319.866</ele>
        <time>2023-12-27T08:01:11Z</time>
      </trkpt>
      <trkpt lat="43.384801" lon="-5.157818">
        <ele>319.087</ele>
        <time>2023-12-27T08:01:51Z</time>
      </trkpt>
      <trkpt lat="43.384829" lon="-5.157719">
        <ele>317.424</ele>
        <time>2023-12-27T08:02:31Z</time>
      </trkpt>
      <trkpt lat="43.384914" lon="-5.157529">
        <ele>316.076</ele>
        <time>2023-12-27T08:03:11Z</time>
      </trkpt>
      <trkpt lat="43.385076" lon="-5.157113">
        <ele>317.177</ele>
        <time>2023-12-27T08:03:51Z</time>
      </trkpt>
      <trkpt lat="43.385193" lon="-5.156869">
        <ele>317.161</ele>
        <time>2023-12-27T08:04:31Z</time>
      </trkpt>
      <trkpt lat="43.385240" lon="-5.156748">
        <ele>315.827</ele>
        <time>2023-12-27T08:05:11Z</time>
      </trkpt>
      <trkpt lat="43.385174" lon="-5.156630">
        <ele>317.609</ele>
        <time>2023-12-27T08:05:51Z</time>
      </trkpt>
      <trkpt lat="43.384932" lon="-5.156456">
        <ele>319.578</ele>
        <time>2023-12-27T08:06:31Z</time>
      </trkpt>
      <trkpt lat="43.384669" lon="-5.156230">
        <ele>318.632</ele>
        <time>2023-12-27T08:07:11Z</time>
      </trkpt>
      <trkpt lat="43.384484" lon="-5.156075">
        <ele>318.163</ele>
        <time>2023-12-27T08:07:51Z</time>
      </trkpt>
      <trkpt lat="43.384384" lon="-5.155962">
        <ele>318.473</ele>
        <time>2023-12-27T08:08:31Z</time>
      </trkpt>
      <trkpt lat="43.384279" lon="-5.155823">
        <ele>318.637</ele>
        <time>2023-12-27T08:09:11Z</time>
      </trkpt>
      <trkpt lat="43.384205" lon="-5.155638">
        <ele>315.952</ele>
        <time>2023-12-27T08:09:51Z</time>
      </trkpt>
      <trkpt lat="43.384123" lon="-5.155474">
        <ele>313.223</ele>
        <time>2023-12-27T08:10:31Z</time>
      </trkpt>
      <trkpt lat="43.384024" lon="-5.155345">
        <ele>311.230</ele>
        <time>2023-12-27T08:11:11Z</time>
      </trkpt>
      <trkpt lat="43.383911" lon="-5.155257">
        <ele>311.252</ele>
        <time>2023-12-27T08:11:51Z</time>
      </trkpt>
      <trkpt lat="43.383702" lon="-5.155085">
        <ele>309.855</ele>
        <time>2023-12-27T08:12:31Z</time>
      </trkpt>
      <trkpt lat="43.383585" lon="-5.154988">
        <ele>307.707</ele>
        <time>2023-12-27T08:13:11Z</time>
      </trkpt>
      <trkpt lat="43.383491" lon="-5.154865">
        <ele>303.817</ele>
        <time>2023-12-27T08:13:51Z</time>
      </trkpt>
      <trkpt lat="43.383363" lon="-5.154758">
        <ele>302.509</ele>
        <time>2023-12-27T08:14:31Z</time>
      </trkpt>
      <trkpt lat="43.383259" lon="-5.154677">
        <ele>299.946</ele>
        <time>2023-12-27T08:15:11Z</time>
      </trkpt>
      <trkpt lat="43.383178" lon="-5.154645">
        <ele>298.440</ele>
        <time>2023-12-27T08:15:51Z</time>
      </trkpt>
      <trkpt lat="43.382990" lon="-5.154758">
        <ele>299.951</ele>
        <time>2023-12-27T08:16:31Z</time>
      </trkpt>
      <trkpt lat="43.382934" lon="-5.154838">
        <ele>301.011</ele>
        <time>2023-12-27T08:17:11Z</time>
      </trkpt>
      <trkpt lat="43.382893" lon="-5.154908">
        <ele>301.925</ele>
        <time>2023-12-27T08:17:51Z</time>
      </trkpt>
      <trkpt lat="43.382856" lon="-5.154921">
        <ele>301.310</ele>
        <time>2023-12-27T08:18:31Z</time>
      </trkpt>
      <trkpt lat="43.382821" lon="-5.154916">
        <ele>300.381</ele>
        <time>2023-12-27T08:19:11Z</time>
      </trkpt>
      <trkpt lat="43.382838" lon="-5.154793">
        <ele>297.878</ele>
        <time>2023-12-27T08:19:51Z</time>
      </trkpt>
      <trkpt lat="43.382875" lon="-5.154664">
        <ele>295.120</ele>
        <time>2023-12-27T08:20:31Z</time>
      </trkpt>
      <trkpt lat="43.382928" lon="-5.154565">
        <ele>293.273</ele>
        <time>2023-12-27T08:21:11Z</time>
      </trkpt>
      <trkpt lat="43.382957" lon="-5.154506">
        <ele>292.085</ele>
        <time>2023-12-27T08:21:51Z</time>
      </trkpt>
      <trkpt lat="43.383000" lon="-5.154463">
        <ele>291.513</ele>
        <time>2023-12-27T08:22:31Z</time>
      </trkpt>
      <trkpt lat="43.383076" lon="-5.154431">
        <ele>291.709</ele>
        <time>2023-12-27T08:23:11Z</time>
      </trkpt>
      <trkpt lat="43.383170" lon="-5.154388">
        <ele>290.528</ele>
        <time>2023-12-27T08:23:51Z</time>
      </trkpt>
      <trkpt lat="43.383242" lon="-5.154364">
        <ele>289.892</ele>
        <time>2023-12-27T08:24:31Z</time>
      </trkpt>
      <trkpt lat="43.383332" lon="-5.154364">
        <ele>289.733</ele>
        <time>2023-12-27T08:25:11Z</time>
      </trkpt>
      <trkpt lat="43.383417" lon="-5.154388">
        <ele>288.163</ele>
        <time>2023-12-27T08:25:51Z</time>
      </trkpt>
      <trkpt lat="43.383493" lon="-5.154433">
        <ele>287.167</ele>
        <time>2023-12-27T08:26:31Z</time>
      </trkpt>
      <trkpt lat="43.383554" lon="-5.154463">
        <ele>286.492</ele>
        <time>2023-12-27T08:27:11Z</time>
      </trkpt>
      <trkpt lat="43.383567" lon="-5.154431">
        <ele>285.043</ele>
        <time>2023-12-27T08:27:51Z</time>
      </trkpt>
      <trkpt lat="43.383552" lon="-5.154369">
        <ele>284.040</ele>
        <time>2023-12-27T08:28:31Z</time>
      </trkpt>
      <trkpt lat="43.383527" lon="-5.154224">
        <ele>281.252</ele>
        <time>2023-12-27T08:29:11Z</time>
      </trkpt>
      <trkpt lat="43.383466" lon="-5.153993">
        <ele>277.127</ele>
        <time>2023-12-27T08:29:51Z</time>
      </trkpt>
      <trkpt lat="43.383408" lon="-5.153787">
        <ele>273.568</ele>
        <time>2023-12-27T08:30:31Z</time>
      </trkpt>
      <trkpt lat="43.383351" lon="-5.153612">
        <ele>270.714</ele>
        <time>2023-12-27T08:31:11Z</time>
      </trkpt>
      <trkpt lat="43.383281" lon="-5.153454">
        <ele>270.409</ele>
        <time>2023-12-27T08:31:51Z</time>
      </trkpt>
      <trkpt lat="43.383236" lon="-5.153393">
        <ele>270.523</ele>
        <time>2023-12-27T08:32:31Z</time>
      </trkpt>
      <trkpt lat="43.383199" lon="-5.153350">
        <ele>270.637</ele>
        <time>2023-12-27T08:33:11Z</time>
      </trkpt>
      <trkpt lat="43.383168" lon="-5.153323">
        <ele>270.998</ele>
        <time>2023-12-27T08:33:51Z</time>
      </trkpt>
      <trkpt lat="43.383107" lon="-5.153307">
        <ele>271.778</ele>
        <time>2023-12-27T08:34:31Z</time>
      </trkpt>
      <trkpt lat="43.383059" lon="-5.153307">
        <ele>272.232</ele>
        <time>2023-12-27T08:35:11Z</time>
      </trkpt>
      <trkpt lat="43.383018" lon="-5.153334">
        <ele>271.977</ele>
        <time>2023-12-27T08:35:51Z</time>
      </trkpt>
      <trkpt lat="43.382951" lon="-5.153385">
        <ele>271.868</ele>
        <time>2023-12-27T08:36:31Z</time>
      </trkpt>
      <trkpt lat="43.382914" lon="-5.153401">
        <ele>271.675</ele>
        <time>2023-12-27T08:37:11Z</time>
      </trkpt>
      <trkpt lat="43.382897" lon="-5.153411">
        <ele>271.557</ele>
        <time>2023-12-27T08:37:51Z</time>
      </trkpt>
      <trkpt lat="43.382829" lon="-5.153350">
        <ele>271.276</ele>
        <time>2023-12-27T08:38:31Z</time>
      </trkpt>
      <trkpt lat="43.382762" lon="-5.153312">
        <ele>271.290</ele>
        <time>2023-12-27T08:39:11Z</time>
      </trkpt>
      <trkpt lat="43.382688" lon="-5.153280">
        <ele>270.919</ele>
        <time>2023-12-27T08:39:51Z</time>
      </trkpt>
      <trkpt lat="43.382626" lon="-5.153253">
        <ele>270.709</ele>
        <time>2023-12-27T08:40:31Z</time>
      </trkpt>
      <trkpt lat="43.382552" lon="-5.153237">
        <ele>270.128</ele>
        <time>2023-12-27T08:41:11Z</time>
      </trkpt>
      <trkpt lat="43.382501" lon="-5.153189">
        <ele>270.642</ele>
        <time>2023-12-27T08:41:51Z</time>
      </trkpt>
      <trkpt lat="43.382384" lon="-5.153119">
        <ele>268.543</ele>
        <time>2023-12-27T08:42:31Z</time>
      </trkpt>
      <trkpt lat="43.382326" lon="-5.153039">
        <ele>268.973</ele>
        <time>2023-12-27T08:43:11Z</time>
      </trkpt>
      <trkpt lat="43.382263" lon="-5.152974">
        <ele>268.767</ele>
        <time>2023-12-27T08:43:51Z</time>
      </trkpt>
      <trkpt lat="43.382220" lon="-5.152899">
        <ele>269.452</ele>
        <time>2023-12-27T08:44:31Z</time>
      </trkpt>
      <trkpt lat="43.382154" lon="-5.152813">
        <ele>269.523</ele>
        <time>2023-12-27T08:45:11Z</time>
      </trkpt>
      <trkpt lat="43.382092" lon="-5.152711">
        <ele>270.020</ele>
        <time>2023-12-27T08:45:51Z</time>
      </trkpt>
      <trkpt lat="43.382029" lon="-5.152631">
        <ele>269.942</ele>
        <time>2023-12-27T08:46:31Z</time>
      </trkpt>
      <trkpt lat="43.381990" lon="-5.152593">
        <ele>269.734</ele>
        <time>2023-12-27T08:47:11Z</time>
      </trkpt>
      <trkpt lat="43.381905" lon="-5.152518">
        <ele>269.855</ele>
        <time>2023-12-27T08:47:51Z</time>
      </trkpt>
      <trkpt lat="43.381823" lon="-5.152470">
        <ele>269.710</ele>
        <time>2023-12-27T08:48:31Z</time>
      </trkpt>
      <trkpt lat="43.381729" lon="-5.152395">
        <ele>270.209</ele>
        <time>2023-12-27T08:49:11Z</time>
      </trkpt>
      <trkpt lat="43.381647" lon="-5.152330">
        <ele>270.264</ele>
        <time>2023-12-27T08:49:51Z</time>
      </trkpt>
      <trkpt lat="43.381601" lon="-5.152271">
        <ele>270.138</ele>
        <time>2023-12-27T08:50:31Z</time>
      </trkpt>
      <trkpt lat="43.381530" lon="-5.152062">
        <ele>271.549</ele>
        <time>2023-12-27T08:51:11Z</time>
      </trkpt>
      <trkpt lat="43.381464" lon="-5.151799">
        <ele>273.259</ele>
        <time>2023-12-27T08:51:51Z</time>
      </trkpt>
      <trkpt lat="43.381386" lon="-5.151563">
        <ele>273.493</ele>
        <time>2023-12-27T08:52:31Z</time>
      </trkpt>
      <trkpt lat="43.381332" lon="-5.151311">
        <ele>273.758</ele>
        <time>2023-12-27T08:53:11Z</time>
      </trkpt>
      <trkpt lat="43.381304" lon="-5.151150">
        <ele>273.469</ele>
        <time>2023-12-27T08:53:51Z</time>
      </trkpt>
      <trkpt lat="43.381296" lon="-5.150855">
        <ele>274.666</ele>
        <time>2023-12-27T08:54:31Z</time>
      </trkpt>
      <trkpt lat="43.381347" lon="-5.150576">
        <ele>278.348</ele>
        <time>2023-12-27T08:55:11Z</time>
      </trkpt>
      <trkpt lat="43.381429" lon="-5.150185">
        <ele>281.873</ele>
        <time>2023-12-27T08:55:51Z</time>
      </trkpt>
      <trkpt lat="43.381484" lon="-5.149879">
        <ele>282.385</ele>
        <time>2023-12-27T08:56:31Z</time>
      </trkpt>
      <trkpt lat="43.381523" lon="-5.149573">
        <ele>281.613</ele>
        <time>2023-12-27T08:57:11Z</time>
      </trkpt>
      <trkpt lat="43.381534" lon="-5.149434">
        <ele>280.909</ele>
        <time>2023-12-27T08:57:51Z</time>
      </trkpt>
      <trkpt lat="43.381519" lon="-5.149294">
        <ele>278.698</ele>
        <time>2023-12-27T08:58:31Z</time>
      </trkpt>
      <trkpt lat="43.381487" lon="-5.149198">
        <ele>277.622</ele>
        <time>2023-12-27T08:59:11Z</time>
      </trkpt>
      <trkpt lat="43.381437" lon="-5.149042">
        <ele>276.823</ele>
        <time>2023-12-27T08:59:51Z</time>
      </trkpt>
      <trkpt lat="43.381402" lon="-5.148811">
        <ele>276.743</ele>
        <time>2023-12-27T09:00:31Z</time>
      </trkpt>
      <trkpt lat="43.381355" lon="-5.148667">
        <ele>277.127</ele>
        <time>2023-12-27T09:01:11Z</time>
      </trkpt>
      <trkpt lat="43.381328" lon="-5.148543">
        <ele>276.722</ele>
        <time>2023-12-27T09:01:51Z</time>
      </trkpt>
      <trkpt lat="43.381328" lon="-5.148436">
        <ele>276.853</ele>
        <time>2023-12-27T09:02:31Z</time>
      </trkpt>
      <trkpt lat="43.381324" lon="-5.148312">
        <ele>276.940</ele>
        <time>2023-12-27T09:03:11Z</time>
      </trkpt>
      <trkpt lat="43.381371" lon="-5.148023">
        <ele>277.512</ele>
        <time>2023-12-27T09:03:51Z</time>
      </trkpt>
      <trkpt lat="43.381351" lon="-5.147921">
        <ele>276.619</ele>
        <time>2023-12-27T09:04:31Z</time>
      </trkpt>
      <trkpt lat="43.381339" lon="-5.147792">
        <ele>275.609</ele>
        <time>2023-12-27T09:05:11Z</time>
      </trkpt>
      <trkpt lat="43.381332" lon="-5.147556">
        <ele>272.819</ele>
        <time>2023-12-27T09:05:51Z</time>
      </trkpt>
      <trkpt lat="43.381312" lon="-5.147261">
        <ele>270.909</ele>
        <time>2023-12-27T09:06:31Z</time>
      </trkpt>
      <trkpt lat="43.381312" lon="-5.147063">
        <ele>270.022</ele>
        <time>2023-12-27T09:07:11Z</time>
      </trkpt>
      <trkpt lat="43.381269" lon="-5.146939">
        <ele>270.896</ele>
        <time>2023-12-27T09:07:51Z</time>
      </trkpt>
      <trkpt lat="43.381230" lon="-5.146751">
        <ele>270.797</ele>
        <time>2023-12-27T09:08:31Z</time>
      </trkpt>
      <trkpt lat="43.381168" lon="-5.146548">
        <ele>271.427</ele>
        <time>2023-12-27T09:09:11Z</time>
      </trkpt>
      <trkpt lat="43.381109" lon="-5.146387">
        <ele>272.061</ele>
        <time>2023-12-27T09:09:51Z</time>
      </trkpt>
      <trkpt lat="43.381027" lon="-5.146247">
        <ele>272.086</ele>
        <time>2023-12-27T09:10:31Z</time>
      </trkpt>
      <trkpt lat="43.380965" lon="-5.146129">
        <ele>271.637</ele>
        <time>2023-12-27T09:11:11Z</time>
      </trkpt>
      <trkpt lat="43.380918" lon="-5.146065">
        <ele>271.674</ele>
        <time>2023-12-27T09:11:51Z</time>
      </trkpt>
      <trkpt lat="43.380844" lon="-5.145995">
        <ele>272.246</ele>
        <time>2023-12-27T09:12:31Z</time>
      </trkpt>
      <trkpt lat="43.380762" lon="-5.145936">
        <ele>272.781</ele>
        <time>2023-12-27T09:13:11Z</time>
      </trkpt>
      <trkpt lat="43.380602" lon="-5.145845">
        <ele>273.561</ele>
        <time>2023-12-27T09:13:51Z</time>
      </trkpt>
      <trkpt lat="43.380478" lon="-5.145775">
        <ele>273.417</ele>
        <time>2023-12-27T09:14:31Z</time>
      </trkpt>
      <trkpt lat="43.380341" lon="-5.145748">
        <ele>273.909</ele>
        <time>2023-12-27T09:15:11Z</time>
      </trkpt>
      <trkpt lat="43.380220" lon="-5.145721">
        <ele>273.729</ele>
        <time>2023-12-27T09:15:51Z</time>
      </trkpt>
      <trkpt lat="43.380119" lon="-5.145705">
        <ele>273.153</ele>
        <time>2023-12-27T09:16:31Z</time>
      </trkpt>
      <trkpt lat="43.380033" lon="-5.145625">
        <ele>271.854</ele>
        <time>2023-12-27T09:17:11Z</time>
      </trkpt>
      <trkpt lat="43.379951" lon="-5.145550">
        <ele>270.914</ele>
        <time>2023-12-27T09:17:51Z</time>
      </trkpt>
      <trkpt lat="43.379866" lon="-5.145426">
        <ele>269.668</ele>
        <time>2023-12-27T09:18:31Z</time>
      </trkpt>
      <trkpt lat="43.379772" lon="-5.145282">
        <ele>269.343</ele>
        <time>2023-12-27T09:19:11Z</time>
      </trkpt>
      <trkpt lat="43.379772" lon="-5.145239">
        <ele>269.114</ele>
        <time>2023-12-27T09:19:51Z</time>
      </trkpt>
      <trkpt lat="43.379799" lon="-5.145174">
        <ele>268.241</ele>
        <time>2023-12-27T09:20:31Z</time>
      </trkpt>
      <trkpt lat="43.379791" lon="-5.145067">
        <ele>267.773</ele>
        <time>2023-12-27T09:21:11Z</time>
      </trkpt>
      <trkpt lat="43.379780" lon="-5.144976">
        <ele>267.454</ele>
        <time>2023-12-27T09:21:51Z</time>
      </trkpt>
      <trkpt lat="43.379760" lon="-5.144922">
        <ele>267.756</ele>
        <time>2023-12-27T09:22:31Z</time>
      </trkpt>
      <trkpt lat="43.379698" lon="-5.144761">
        <ele>268.511</ele>
        <time>2023-12-27T09:23:11Z</time>
      </trkpt>
      <trkpt lat="43.379667" lon="-5.144686">
        <ele>268.809</ele>
        <time>2023-12-27T09:23:51Z</time>
      </trkpt>
      <trkpt lat="43.379639" lon="-5.144568">
        <ele>269.536</ele>
        <time>2023-12-27T09:24:31Z</time>
      </trkpt>
      <trkpt lat="43.379655" lon="-5.144418">
        <ele>269.370</ele>
        <time>2023-12-27T09:25:11Z</time>
      </trkpt>
      <trkpt lat="43.379698" lon="-5.144257">
        <ele>266.821</ele>
        <time>2023-12-27T09:25:51Z</time>
      </trkpt>
      <trkpt lat="43.380041" lon="-5.144246">
        <ele>252.441</ele>
        <time>2023-12-27T09:26:31Z</time>
      </trkpt>
      <trkpt lat="43.380287" lon="-5.144268">
        <ele>240.935</ele>
        <time>2023-12-27T09:27:11Z</time>
      </trkpt>
      <trkpt lat="43.380337" lon="-5.144375">
        <ele>239.130</ele>
        <time>2023-12-27T09:27:51Z</time>
      </trkpt>
      <trkpt lat="43.380497" lon="-5.144455">
        <ele>233.051</ele>
        <time>2023-12-27T09:28:31Z</time>
      </trkpt>
      <trkpt lat="43.380677" lon="-5.144541">
        <ele>231.728</ele>
        <time>2023-12-27T09:29:11Z</time>
      </trkpt>
      <trkpt lat="43.380778" lon="-5.144632">
        <ele>233.340</ele>
        <time>2023-12-27T09:29:51Z</time>
      </trkpt>
      <trkpt lat="43.380895" lon="-5.144874">
        <ele>238.379</ele>
        <time>2023-12-27T09:30:31Z</time>
      </trkpt>
      <trkpt lat="43.380985" lon="-5.145062">
        <ele>242.605</ele>
        <time>2023-12-27T09:31:11Z</time>
      </trkpt>
      <trkpt lat="43.381109" lon="-5.145147">
        <ele>243.325</ele>
        <time>2023-12-27T09:31:51Z</time>
      </trkpt>
      <trkpt lat="43.381144" lon="-5.144895">
        <ele>232.309</ele>
        <time>2023-12-27T09:32:31Z</time>
      </trkpt>
      <trkpt lat="43.381144" lon="-5.144708">
        <ele>223.898</ele>
        <time>2023-12-27T09:33:11Z</time>
      </trkpt>
      <trkpt lat="43.381125" lon="-5.144370">
        <ele>211.872</ele>
        <time>2023-12-27T09:33:51Z</time>
      </trkpt>
      <trkpt lat="43.381125" lon="-5.144166">
        <ele>202.353</ele>
        <time>2023-12-27T09:34:31Z</time>
      </trkpt>
      <trkpt lat="43.381164" lon="-5.143940">
        <ele>202.863</ele>
        <time>2023-12-27T09:35:11Z</time>
      </trkpt>
      <trkpt lat="43.381281" lon="-5.143742">
        <ele>200.897</ele>
        <time>2023-12-27T09:35:51Z</time>
      </trkpt>
      <trkpt lat="43.381398" lon="-5.143586">
        <ele>200.072</ele>
        <time>2023-12-27T09:36:31Z</time>
      </trkpt>
      <trkpt lat="43.381550" lon="-5.143463">
        <ele>194.293</ele>
        <time>2023-12-27T09:37:11Z</time>
      </trkpt>
      <trkpt lat="43.381698" lon="-5.143307">
        <ele>189.590</ele>
        <time>2023-12-27T09:37:51Z</time>
      </trkpt>
      <trkpt lat="43.381768" lon="-5.143098">
        <ele>192.342</ele>
        <time>2023-12-27T09:38:31Z</time>
      </trkpt>
      <trkpt lat="43.381834" lon="-5.142851">
        <ele>197.062</ele>
        <time>2023-12-27T09:39:11Z</time>
      </trkpt>
      <trkpt lat="43.381905" lon="-5.142599">
        <ele>198.683</ele>
        <time>2023-12-27T09:39:51Z</time>
      </trkpt>
      <trkpt lat="43.381963" lon="-5.142272">
        <ele>199.811</ele>
        <time>2023-12-27T09:40:31Z</time>
      </trkpt>
      <trkpt lat="43.382010" lon="-5.142015">
        <ele>199.209</ele>
        <time>2023-12-27T09:41:11Z</time>
      </trkpt>
      <trkpt lat="43.382037" lon="-5.141805">
        <ele>195.377</ele>
        <time>2023-12-27T09:41:51Z</time>
      </trkpt>
      <trkpt lat="43.382045" lon="-5.141451">
        <ele>186.361</ele>
        <time>2023-12-27T09:42:31Z</time>
      </trkpt>
      <trkpt lat="43.382049" lon="-5.141081">
        <ele>182.052</ele>
        <time>2023-12-27T09:43:11Z</time>
      </trkpt>
      <trkpt lat="43.382010" lon="-5.140743">
        <ele>179.942</ele>
        <time>2023-12-27T09:43:51Z</time>
      </trkpt>
      <trkpt lat="43.381951" lon="-5.140566">
        <ele>179.036</ele>
        <time>2023-12-27T09:44:31Z</time>
      </trkpt>
      <trkpt lat="43.381897" lon="-5.140373">
        <ele>180.741</ele>
        <time>2023-12-27T09:45:11Z</time>
      </trkpt>
      <trkpt lat="43.381831" lon="-5.140277">
        <ele>182.752</ele>
        <time>2023-12-27T09:45:51Z</time>
      </trkpt>
      <trkpt lat="43.381718" lon="-5.140137">
        <ele>190.289</ele>
        <time>2023-12-27T09:46:31Z</time>
      </trkpt>
      <trkpt lat="43.381593" lon="-5.140089">
        <ele>193.451</ele>
        <time>2023-12-27T09:47:11Z</time>
      </trkpt>
      <trkpt lat="43.381487" lon="-5.139998">
        <ele>194.183</ele>
        <time>2023-12-27T09:47:51Z</time>
      </trkpt>
      <trkpt lat="43.381402" lon="-5.139912">
        <ele>197.225</ele>
        <time>2023-12-27T09:48:31Z</time>
      </trkpt>
      <trkpt lat="43.381254" lon="-5.139762">
        <ele>203.717</ele>
        <time>2023-12-27T09:49:11Z</time>
      </trkpt>
      <trkpt lat="43.381129" lon="-5.139681">
        <ele>205.709</ele>
        <time>2023-12-27T09:49:51Z</time>
      </trkpt>
      <trkpt lat="43.381020" lon="-5.139563">
        <ele>212.289</ele>
        <time>2023-12-27T09:50:31Z</time>
      </trkpt>
      <trkpt lat="43.380926" lon="-5.139386">
        <ele>215.813</ele>
        <time>2023-12-27T09:51:11Z</time>
      </trkpt>
      <trkpt lat="43.380790" lon="-5.139230">
        <ele>219.794</ele>
        <time>2023-12-27T09:51:51Z</time>
      </trkpt>
      <trkpt lat="43.380688" lon="-5.139064">
        <ele>224.994</ele>
        <time>2023-12-27T09:52:31Z</time>
      </trkpt>
      <trkpt lat="43.380544" lon="-5.138844">
        <ele>225.368</ele>
        <time>2023-12-27T09:53:11Z</time>
      </trkpt>
      <trkpt lat="43.380396" lon="-5.138646">
        <ele>229.883</ele>
        <time>2023-12-27T09:53:51Z</time>
      </trkpt>
      <trkpt lat="43.380318" lon="-5.138571">
        <ele>228.384</ele>
        <time>2023-12-27T09:54:31Z</time>
      </trkpt>
      <trkpt lat="43.380068" lon="-5.138544">
        <ele>234.181</ele>
        <time>2023-12-27T09:55:11Z</time>
      </trkpt>
      <trkpt lat="43.379940" lon="-5.138592">
        <ele>240.383</ele>
        <time>2023-12-27T09:55:51Z</time>
      </trkpt>
      <trkpt lat="43.379815" lon="-5.138603">
        <ele>246.463</ele>
        <time>2023-12-27T09:56:31Z</time>
      </trkpt>
      <trkpt lat="43.379616" lon="-5.138630">
        <ele>256.044</ele>
        <time>2023-12-27T09:57:11Z</time>
      </trkpt>
      <trkpt lat="43.379491" lon="-5.138614">
        <ele>260.318</ele>
        <time>2023-12-27T09:57:51Z</time>
      </trkpt>
      <trkpt lat="43.379456" lon="-5.138506">
        <ele>256.709</ele>
        <time>2023-12-27T09:58:31Z</time>
      </trkpt>
      <trkpt lat="43.379441" lon="-5.138420">
        <ele>253.267</ele>
        <time>2023-12-27T09:59:11Z</time>
      </trkpt>
      <trkpt lat="43.379491" lon="-5.138308">
        <ele>247.841</ele>
        <time>2023-12-27T09:59:51Z</time>
      </trkpt>
      <trkpt lat="43.379565" lon="-5.138217">
        <ele>247.172</ele>
        <time>2023-12-27T10:00:31Z</time>
      </trkpt>
      <trkpt lat="43.379667" lon="-5.138142">
        <ele>246.122</ele>
        <time>2023-12-27T10:01:11Z</time>
      </trkpt>
      <trkpt lat="43.379807" lon="-5.138029">
        <ele>245.026</ele>
        <time>2023-12-27T10:01:51Z</time>
      </trkpt>
      <trkpt lat="43.379897" lon="-5.137948">
        <ele>244.511</ele>
        <time>2023-12-27T10:02:31Z</time>
      </trkpt>
      <trkpt lat="43.379944" lon="-5.137846">
        <ele>245.822</ele>
        <time>2023-12-27T10:03:11Z</time>
      </trkpt>
      <trkpt lat="43.379947" lon="-5.137621">
        <ele>251.669</ele>
        <time>2023-12-27T10:03:51Z</time>
      </trkpt>
      <trkpt lat="43.379983" lon="-5.137310">
        <ele>256.951</ele>
        <time>2023-12-27T10:04:31Z</time>
      </trkpt>
      <trkpt lat="43.379986" lon="-5.137074">
        <ele>263.722</ele>
        <time>2023-12-27T10:05:11Z</time>
      </trkpt>
      <trkpt lat="43.380021" lon="-5.136838">
        <ele>270.062</ele>
        <time>2023-12-27T10:05:51Z</time>
      </trkpt>
      <trkpt lat="43.380084" lon="-5.136607">
        <ele>275.108</ele>
        <time>2023-12-27T10:06:31Z</time>
      </trkpt>
      <trkpt lat="43.380084" lon="-5.136468">
        <ele>277.509</ele>
        <time>2023-12-27T10:07:11Z</time>
      </trkpt>
      <trkpt lat="43.379971" lon="-5.136259">
        <ele>281.053</ele>
        <time>2023-12-27T10:07:51Z</time>
      </trkpt>
      <trkpt lat="43.379936" lon="-5.136157">
        <ele>283.817</ele>
        <time>2023-12-27T10:08:31Z</time>
      </trkpt>
      <trkpt lat="43.379866" lon="-5.136012">
        <ele>290.548</ele>
        <time>2023-12-27T10:09:11Z</time>
      </trkpt>
      <trkpt lat="43.379811" lon="-5.135910">
        <ele>294.348</ele>
        <time>2023-12-27T10:09:51Z</time>
      </trkpt>
      <trkpt lat="43.379725" lon="-5.135808">
        <ele>296.512</ele>
        <time>2023-12-27T10:10:31Z</time>
      </trkpt>
      <trkpt lat="43.379651" lon="-5.135733">
        <ele>300.847</ele>
        <time>2023-12-27T10:11:11Z</time>
      </trkpt>
      <trkpt lat="43.379616" lon="-5.135604">
        <ele>303.428</ele>
        <time>2023-12-27T10:11:51Z</time>
      </trkpt>
      <trkpt lat="43.379604" lon="-5.135529">
        <ele>304.885</ele>
        <time>2023-12-27T10:12:31Z</time>
      </trkpt>
      <trkpt lat="43.379585" lon="-5.135298">
        <ele>311.067</ele>
        <time>2023-12-27T10:13:11Z</time>
      </trkpt>
      <trkpt lat="43.379612" lon="-5.135009">
        <ele>321.786</ele>
        <time>2023-12-27T10:13:51Z</time>
      </trkpt>
      <trkpt lat="43.379620" lon="-5.134907">
        <ele>326.060</ele>
        <time>2023-12-27T10:14:31Z</time>
      </trkpt>
      <trkpt lat="43.379624" lon="-5.134762">
        <ele>332.326</ele>
        <time>2023-12-27T10:15:11Z</time>
      </trkpt>
      <trkpt lat="43.379663" lon="-5.134590">
        <ele>339.709</ele>
        <time>2023-12-27T10:15:51Z</time>
      </trkpt>
      <trkpt lat="43.379667" lon="-5.134435">
        <ele>346.359</ele>
        <time>2023-12-27T10:16:31Z</time>
      </trkpt>
      <trkpt lat="43.379674" lon="-5.134290">
        <ele>350.553</ele>
        <time>2023-12-27T10:17:11Z</time>
      </trkpt>
      <trkpt lat="43.379663" lon="-5.134107">
        <ele>354.354</ele>
        <time>2023-12-27T10:17:51Z</time>
      </trkpt>
      <trkpt lat="43.379635" lon="-5.134022">
        <ele>354.584</ele>
        <time>2023-12-27T10:18:31Z</time>
      </trkpt>
      <trkpt lat="43.379577" lon="-5.133984">
        <ele>354.988</ele>
        <time>2023-12-27T10:19:11Z</time>
      </trkpt>
      <trkpt lat="43.379456" lon="-5.133952">
        <ele>355.723</ele>
        <time>2023-12-27T10:19:51Z</time>
      </trkpt>
      <trkpt lat="43.379312" lon="-5.133914">
        <ele>360.584</ele>
        <time>2023-12-27T10:20:31Z</time>
      </trkpt>
      <trkpt lat="43.379078" lon="-5.133882">
        <ele>370.121</ele>
        <time>2023-12-27T10:21:11Z</time>
      </trkpt>
      <trkpt lat="43.378860" lon="-5.133845">
        <ele>380.313</ele>
        <time>2023-12-27T10:21:51Z</time>
      </trkpt>
      <trkpt lat="43.378653" lon="-5.133807">
        <ele>391.413</ele>
        <time>2023-12-27T10:22:31Z</time>
      </trkpt>
      <trkpt lat="43.378618" lon="-5.133807">
        <ele>393.343</ele>
        <time>2023-12-27T10:23:11Z</time>
      </trkpt>
      <trkpt lat="43.378602" lon="-5.133737">
        <ele>393.907</ele>
        <time>2023-12-27T10:23:51Z</time>
      </trkpt>
      <trkpt lat="43.378567" lon="-5.133651">
        <ele>395.209</ele>
        <time>2023-12-27T10:24:31Z</time>
      </trkpt>
      <trkpt lat="43.378481" lon="-5.133571">
        <ele>397.992</ele>
        <time>2023-12-27T10:25:11Z</time>
      </trkpt>
      <trkpt lat="43.378400" lon="-5.133496">
        <ele>399.076</ele>
        <time>2023-12-27T10:25:51Z</time>
      </trkpt>
      <trkpt lat="43.378322" lon="-5.133437">
        <ele>399.867</ele>
        <time>2023-12-27T10:26:31Z</time>
      </trkpt>
      <trkpt lat="43.378259" lon="-5.133405">
        <ele>399.317</ele>
        <time>2023-12-27T10:27:11Z</time>
      </trkpt>
      <trkpt lat="43.378173" lon="-5.133383">
        <ele>399.131</ele>
        <time>2023-12-27T10:27:51Z</time>
      </trkpt>
      <trkpt lat="43.378060" lon="-5.133394">
        <ele>400.656</ele>
        <time>2023-12-27T10:28:31Z</time>
      </trkpt>
      <trkpt lat="43.377916" lon="-5.133437">
        <ele>402.527</ele>
        <time>2023-12-27T10:29:11Z</time>
      </trkpt>
      <trkpt lat="43.377834" lon="-5.133442">
        <ele>402.724</ele>
        <time>2023-12-27T10:29:51Z</time>
      </trkpt>
      <trkpt lat="43.377737" lon="-5.133474">
        <ele>402.136</ele>
        <time>2023-12-27T10:30:31Z</time>
      </trkpt>
      <trkpt lat="43.377624" lon="-5.133501">
        <ele>397.873</ele>
        <time>2023-12-27T10:31:11Z</time>
      </trkpt>
      <trkpt lat="43.377538" lon="-5.133512">
        <ele>393.985</ele>
        <time>2023-12-27T10:31:51Z</time>
      </trkpt>
      <trkpt lat="43.377456" lon="-5.133453">
        <ele>391.913</ele>
        <time>2023-12-27T10:32:31Z</time>
      </trkpt>
      <trkpt lat="43.377405" lon="-5.133362">
        <ele>393.309</ele>
        <time>2023-12-27T10:33:11Z</time>
      </trkpt>
      <trkpt lat="43.377378" lon="-5.133308">
        <ele>393.868</ele>
        <time>2023-12-27T10:33:51Z</time>
      </trkpt>
      <trkpt lat="43.377304" lon="-5.133255">
        <ele>392.482</ele>
        <time>2023-12-27T10:34:31Z</time>
      </trkpt>
      <trkpt lat="43.377195" lon="-5.133147">
        <ele>393.143</ele>
        <time>2023-12-27T10:35:11Z</time>
      </trkpt>
      <trkpt lat="43.377113" lon="-5.133008">
        <ele>393.683</ele>
        <time>2023-12-27T10:35:51Z</time>
      </trkpt>
      <trkpt lat="43.377039" lon="-5.132927">
        <ele>394.457</ele>
        <time>2023-12-27T10:36:31Z</time>
      </trkpt>
      <trkpt lat="43.377027" lon="-5.132863">
        <ele>396.322</ele>
        <time>2023-12-27T10:37:11Z</time>
      </trkpt>
      <trkpt lat="43.377004" lon="-5.132734">
        <ele>400.483</ele>
        <time>2023-12-27T10:37:51Z</time>
      </trkpt>
      <trkpt lat="43.376965" lon="-5.132627">
        <ele>403.820</ele>
        <time>2023-12-27T10:38:31Z</time>
      </trkpt>
      <trkpt lat="43.376933" lon="-5.132493">
        <ele>408.152</ele>
        <time>2023-12-27T10:39:11Z</time>
      </trkpt>
      <trkpt lat="43.376898" lon="-5.132423">
        <ele>412.566</ele>
        <time>2023-12-27T10:39:51Z</time>
      </trkpt>
      <trkpt lat="43.376902" lon="-5.132359">
        <ele>413.429</ele>
        <time>2023-12-27T10:40:31Z</time>
      </trkpt>
      <trkpt lat="43.376926" lon="-5.132257">
        <ele>413.621</ele>
        <time>2023-12-27T10:41:11Z</time>
      </trkpt>
      <trkpt lat="43.376965" lon="-5.132139">
        <ele>414.309</ele>
        <time>2023-12-27T10:41:51Z</time>
      </trkpt>
      <trkpt lat="43.377008" lon="-5.132015">
        <ele>415.687</ele>
        <time>2023-12-27T10:42:31Z</time>
      </trkpt>
      <trkpt lat="43.377043" lon="-5.131887">
        <ele>417.211</ele>
        <time>2023-12-27T10:43:11Z</time>
      </trkpt>
      <trkpt lat="43.377047" lon="-5.131704">
        <ele>420.782</ele>
        <time>2023-12-27T10:43:51Z</time>
      </trkpt>
      <trkpt lat="43.377062" lon="-5.131484">
        <ele>421.972</ele>
        <time>2023-12-27T10:44:31Z</time>
      </trkpt>
      <trkpt lat="43.377050" lon="-5.131372">
        <ele>422.796</ele>
        <time>2023-12-27T10:45:11Z</time>
      </trkpt>
      <trkpt lat="43.377000" lon="-5.131243">
        <ele>421.721</ele>
        <time>2023-12-27T10:45:51Z</time>
      </trkpt>
      <trkpt lat="43.376957" lon="-5.131162">
        <ele>421.162</ele>
        <time>2023-12-27T10:46:31Z</time>
      </trkpt>
      <trkpt lat="43.376879" lon="-5.131119">
        <ele>423.399</ele>
        <time>2023-12-27T10:47:11Z</time>
      </trkpt>
      <trkpt lat="43.376688" lon="-5.130932">
        <ele>424.381</ele>
        <time>2023-12-27T10:47:51Z</time>
      </trkpt>
      <trkpt lat="43.376610" lon="-5.130867">
        <ele>422.577</ele>
        <time>2023-12-27T10:48:31Z</time>
      </trkpt>
      <trkpt lat="43.376528" lon="-5.130841">
        <ele>421.361</ele>
        <time>2023-12-27T10:49:11Z</time>
      </trkpt>
      <trkpt lat="43.376423" lon="-5.130846">
        <ele>421.527</ele>
        <time>2023-12-27T10:49:51Z</time>
      </trkpt>
      <trkpt lat="43.376278" lon="-5.130867">
        <ele>422.509</ele>
        <time>2023-12-27T10:50:31Z</time>
      </trkpt>
      <trkpt lat="43.376165" lon="-5.130851">
        <ele>421.878</ele>
        <time>2023-12-27T10:51:11Z</time>
      </trkpt>
      <trkpt lat="43.376037" lon="-5.130814">
        <ele>420.872</ele>
        <time>2023-12-27T10:51:51Z</time>
      </trkpt>
      <trkpt lat="43.375810" lon="-5.130685">
        <ele>417.823</ele>
        <time>2023-12-27T10:52:31Z</time>
      </trkpt>
      <trkpt lat="43.375736" lon="-5.130690">
        <ele>416.843</ele>
        <time>2023-12-27T10:53:11Z</time>
      </trkpt>
      <trkpt lat="43.375616" lon="-5.130760">
        <ele>417.317</ele>
        <time>2023-12-27T10:53:51Z</time>
      </trkpt>
      <trkpt lat="43.375471" lon="-5.130755">
        <ele>415.862</ele>
        <time>2023-12-27T10:54:31Z</time>
      </trkpt>
      <trkpt lat="43.375358" lon="-5.130653">
        <ele>411.313</ele>
        <time>2023-12-27T10:55:11Z</time>
      </trkpt>
      <trkpt lat="43.375272" lon="-5.130642">
        <ele>410.650</ele>
        <time>2023-12-27T10:55:51Z</time>
      </trkpt>
      <trkpt lat="43.375194" lon="-5.130647">
        <ele>412.722</ele>
        <time>2023-12-27T10:56:31Z</time>
      </trkpt>
      <trkpt lat="43.375101" lon="-5.130717">
        <ele>417.461</ele>
        <time>2023-12-27T10:57:11Z</time>
      </trkpt>
      <trkpt lat="43.375050" lon="-5.130771">
        <ele>420.221</ele>
        <time>2023-12-27T10:57:51Z</time>
      </trkpt>
      <trkpt lat="43.374957" lon="-5.130851">
        <ele>424.713</ele>
        <time>2023-12-27T10:58:31Z</time>
      </trkpt>
      <trkpt lat="43.374801" lon="-5.130932">
        <ele>430.009</ele>
        <time>2023-12-27T10:59:11Z</time>
      </trkpt>
      <trkpt lat="43.374711" lon="-5.130985">
        <ele>432.287</ele>
        <time>2023-12-27T10:59:51Z</time>
      </trkpt>
      <trkpt lat="43.374613" lon="-5.131023">
        <ele>432.241</ele>
        <time>2023-12-27T11:00:31Z</time>
      </trkpt>
      <trkpt lat="43.374481" lon="-5.131093">
        <ele>430.712</ele>
        <time>2023-12-27T11:01:11Z</time>
      </trkpt>
      <trkpt lat="43.374418" lon="-5.131125">
        <ele>429.612</ele>
        <time>2023-12-27T11:01:51Z</time>
      </trkpt>
      <trkpt lat="43.374368" lon="-5.131157">
        <ele>428.656</ele>
        <time>2023-12-27T11:02:31Z</time>
      </trkpt>
      <trkpt lat="43.374294" lon="-5.131184">
        <ele>427.581</ele>
        <time>2023-12-27T11:03:11Z</time>
      </trkpt>
      <trkpt lat="43.374204" lon="-5.131195">
        <ele>426.532</ele>
        <time>2023-12-27T11:03:51Z</time>
      </trkpt>
      <trkpt lat="43.374118" lon="-5.131211">
        <ele>425.159</ele>
        <time>2023-12-27T11:04:31Z</time>
      </trkpt>
      <trkpt lat="43.373966" lon="-5.131270">
        <ele>421.821</ele>
        <time>2023-12-27T11:05:11Z</time>
      </trkpt>
      <trkpt lat="43.373939" lon="-5.131307">
        <ele>420.815</ele>
        <time>2023-12-27T11:05:51Z</time>
      </trkpt>
      <trkpt lat="43.373865" lon="-5.131307">
        <ele>419.665</ele>
        <time>2023-12-27T11:06:31Z</time>
      </trkpt>
      <trkpt lat="43.373802" lon="-5.131307">
        <ele>418.111</ele>
        <time>2023-12-27T11:07:11Z</time>
      </trkpt>
      <trkpt lat="43.373732" lon="-5.131377">
        <ele>415.709</ele>
        <time>2023-12-27T11:07:51Z</time>
      </trkpt>
      <trkpt lat="43.373666" lon="-5.131398">
        <ele>414.112</ele>
        <time>2023-12-27T11:08:31Z</time>
      </trkpt>
      <trkpt lat="43.373553" lon="-5.131366">
        <ele>411.476</ele>
        <time>2023-12-27T11:09:11Z</time>
      </trkpt>
      <trkpt lat="43.373498" lon="-5.131323">
        <ele>409.727</ele>
        <time>2023-12-27T11:09:51Z</time>
      </trkpt>
      <trkpt lat="43.373483" lon="-5.131275">
        <ele>409.277</ele>
        <time>2023-12-27T11:10:31Z</time>
      </trkpt>
      <trkpt lat="43.373440" lon="-5.131205">
        <ele>407.471</ele>
        <time>2023-12-27T11:11:11Z</time>
      </trkpt>
      <trkpt lat="43.373401" lon="-5.131109">
        <ele>405.226</ele>
        <time>2023-12-27T11:11:51Z</time>
      </trkpt>
      <trkpt lat="43.373370" lon="-5.131018">
        <ele>404.127</ele>
        <time>2023-12-27T11:12:31Z</time>
      </trkpt>
      <trkpt lat="43.373346" lon="-5.130588">
        <ele>403.834</ele>
        <time>2023-12-27T11:13:11Z</time>
      </trkpt>
      <trkpt lat="43.373327" lon="-5.130320">
        <ele>401.756</ele>
        <time>2023-12-27T11:13:51Z</time>
      </trkpt>
      <trkpt lat="43.373319" lon="-5.130127">
        <ele>401.618</ele>
        <time>2023-12-27T11:14:31Z</time>
      </trkpt>
      <trkpt lat="43.373272" lon="-5.129929">
        <ele>400.498</ele>
        <time>2023-12-27T11:15:11Z</time>
      </trkpt>
      <trkpt lat="43.373206" lon="-5.129805">
        <ele>398.917</ele>
        <time>2023-12-27T11:15:51Z</time>
      </trkpt>
      <trkpt lat="43.373132" lon="-5.129693">
        <ele>397.409</ele>
        <time>2023-12-27T11:16:31Z</time>
      </trkpt>
      <trkpt lat="43.373073" lon="-5.129623">
        <ele>396.892</ele>
        <time>2023-12-27T11:17:11Z</time>
      </trkpt>
      <trkpt lat="43.372956" lon="-5.129558">
        <ele>395.116</ele>
        <time>2023-12-27T11:17:51Z</time>
      </trkpt>
      <trkpt lat="43.372839" lon="-5.129483">
        <ele>394.347</ele>
        <time>2023-12-27T11:18:31Z</time>
      </trkpt>
      <trkpt lat="43.372660" lon="-5.129371">
        <ele>392.847</ele>
        <time>2023-12-27T11:19:11Z</time>
      </trkpt>
      <trkpt lat="43.372484" lon="-5.129258">
        <ele>390.661</ele>
        <time>2023-12-27T11:19:51Z</time>
      </trkpt>
      <trkpt lat="43.372348" lon="-5.129060">
        <ele>390.086</ele>
        <time>2023-12-27T11:20:31Z</time>
      </trkpt>
      <trkpt lat="43.372231" lon="-5.128915">
        <ele>386.997</ele>
        <time>2023-12-27T11:21:11Z</time>
      </trkpt>
      <trkpt lat="43.372141" lon="-5.128802">
        <ele>385.664</ele>
        <time>2023-12-27T11:21:51Z</time>
      </trkpt>
      <trkpt lat="43.372052" lon="-5.128689">
        <ele>385.136</ele>
        <time>2023-12-27T11:22:31Z</time>
      </trkpt>
      <trkpt lat="43.371938" lon="-5.128598">
        <ele>383.243</ele>
        <time>2023-12-27T11:23:11Z</time>
      </trkpt>
      <trkpt lat="43.371829" lon="-5.128528">
        <ele>381.664</ele>
        <time>2023-12-27T11:23:51Z</time>
      </trkpt>
      <trkpt lat="43.371743" lon="-5.128475">
        <ele>379.710</ele>
        <time>2023-12-27T11:24:31Z</time>
      </trkpt>
      <trkpt lat="43.371669" lon="-5.128335">
        <ele>379.109</ele>
        <time>2023-12-27T11:25:11Z</time>
      </trkpt>
      <trkpt lat="43.371584" lon="-5.128051">
        <ele>376.445</ele>
        <time>2023-12-27T11:25:51Z</time>
      </trkpt>
      <trkpt lat="43.371525" lon="-5.127826">
        <ele>373.129</ele>
        <time>2023-12-27T11:26:31Z</time>
      </trkpt>
      <trkpt lat="43.371506" lon="-5.127622">
        <ele>371.190</ele>
        <time>2023-12-27T11:27:11Z</time>
      </trkpt>
      <trkpt lat="43.371474" lon="-5.127450">
        <ele>369.190</ele>
        <time>2023-12-27T11:27:51Z</time>
      </trkpt>
      <trkpt lat="43.371443" lon="-5.127354">
        <ele>367.634</ele>
        <time>2023-12-27T11:28:31Z</time>
      </trkpt>
      <trkpt lat="43.371385" lon="-5.127252">
        <ele>366.159</ele>
        <time>2023-12-27T11:29:11Z</time>
      </trkpt>
      <trkpt lat="43.371361" lon="-5.127225">
        <ele>365.730</ele>
        <time>2023-12-27T11:29:51Z</time>
      </trkpt>
      <trkpt lat="43.371357" lon="-5.127102">
        <ele>366.417</ele>
        <time>2023-12-27T11:30:31Z</time>
      </trkpt>
      <trkpt lat="43.371354" lon="-5.126984">
        <ele>367.279</ele>
        <time>2023-12-27T11:31:11Z</time>
      </trkpt>
      <trkpt lat="43.371350" lon="-5.126866">
        <ele>368.482</ele>
        <time>2023-12-27T11:31:51Z</time>
      </trkpt>
      <trkpt lat="43.371330" lon="-5.126758">
        <ele>370.343</ele>
        <time>2023-12-27T11:32:31Z</time>
      </trkpt>
      <trkpt lat="43.371311" lon="-5.126662">
        <ele>372.517</ele>
        <time>2023-12-27T11:33:11Z</time>
      </trkpt>
      <trkpt lat="43.371237" lon="-5.126667">
        <ele>375.609</ele>
        <time>2023-12-27T11:33:51Z</time>
      </trkpt>
      <trkpt lat="43.371190" lon="-5.126769">
        <ele>374.769</ele>
        <time>2023-12-27T11:34:31Z</time>
      </trkpt>
      <trkpt lat="43.371127" lon="-5.126882">
        <ele>372.973</ele>
        <time>2023-12-27T11:35:11Z</time>
      </trkpt>
      <trkpt lat="43.371096" lon="-5.126903">
        <ele>372.764</ele>
        <time>2023-12-27T11:35:51Z</time>
      </trkpt>
      <trkpt lat="43.371014" lon="-5.126892">
        <ele>374.224</ele>
        <time>2023-12-27T11:36:31Z</time>
      </trkpt>
      <trkpt lat="43.370928" lon="-5.126871">
        <ele>376.358</ele>
        <time>2023-12-27T11:37:11Z</time>
      </trkpt>
      <trkpt lat="43.370851" lon="-5.126839">
        <ele>379.033</ele>
        <time>2023-12-27T11:37:51Z</time>
      </trkpt>
      <trkpt lat="43.370773" lon="-5.126801">
        <ele>382.914</ele>
        <time>2023-12-27T11:38:31Z</time>
      </trkpt>
      <trkpt lat="43.370663" lon="-5.126844">
        <ele>383.751</ele>
        <time>2023-12-27T11:39:11Z</time>
      </trkpt>
      <trkpt lat="43.370558" lon="-5.126903">
        <ele>383.923</ele>
        <time>2023-12-27T11:39:51Z</time>
      </trkpt>
      <trkpt lat="43.370449" lon="-5.126941">
        <ele>384.829</ele>
        <time>2023-12-27T11:40:31Z</time>
      </trkpt>
      <trkpt lat="43.370402" lon="-5.126898">
        <ele>387.800</ele>
        <time>2023-12-27T11:41:11Z</time>
      </trkpt>
      <trkpt lat="43.370369" lon="-5.126847">
        <ele>390.620</ele>
        <time>2023-12-27T11:41:51Z</time>
      </trkpt>
      <trkpt lat="43.370346" lon="-5.126801">
        <ele>392.809</ele>
        <time>2023-12-27T11:42:31Z</time>
      </trkpt>
      <trkpt lat="43.370330" lon="-5.126772">
        <ele>394.213</ele>
        <time>2023-12-27T11:43:11Z</time>
      </trkpt>
      <trkpt lat="43.370314" lon="-5.126737">
        <ele>395.847</ele>
        <time>2023-12-27T11:43:51Z</time>
      </trkpt>
      <trkpt lat="43.370312" lon="-5.126713">
        <ele>396.868</ele>
        <time>2023-12-27T11:44:31Z</time>
      </trkpt>
      <trkpt lat="43.370330" lon="-5.126640">
        <ele>399.218</ele>
        <time>2023-12-27T11:45:11Z</time>
      </trkpt>
      <trkpt lat="43.370346" lon="-5.126581">
        <ele>401.092</ele>
        <time>2023-12-27T11:45:51Z</time>
      </trkpt>
      <trkpt lat="43.370381" lon="-5.126498">
        <ele>403.757</ele>
        <time>2023-12-27T11:46:31Z</time>
      </trkpt>
      <trkpt lat="43.370410" lon="-5.126431">
        <ele>405.998</ele>
        <time>2023-12-27T11:47:11Z</time>
      </trkpt>
      <trkpt lat="43.370427" lon="-5.126369">
        <ele>408.235</ele>
        <time>2023-12-27T11:47:51Z</time>
      </trkpt>
      <trkpt lat="43.370431" lon="-5.126321">
        <ele>409.867</ele>
        <time>2023-12-27T11:48:31Z</time>
      </trkpt>
      <trkpt lat="43.370420" lon="-5.126265">
        <ele>411.788</ele>
        <time>2023-12-27T11:49:11Z</time>
      </trkpt>
      <trkpt lat="43.370383" lon="-5.126190">
        <ele>414.224</ele>
        <time>2023-12-27T11:49:51Z</time>
      </trkpt>
      <trkpt lat="43.370365" lon="-5.126147">
        <ele>415.526</ele>
        <time>2023-12-27T11:50:31Z</time>
      </trkpt>
      <trkpt lat="43.370367" lon="-5.126101">
        <ele>417.009</ele>
        <time>2023-12-27T11:51:11Z</time>
      </trkpt>
      <trkpt lat="43.370365" lon="-5.126061">
        <ele>418.449</ele>
        <time>2023-12-27T11:51:51Z</time>
      </trkpt>
      <trkpt lat="43.370379" lon="-5.126005">
        <ele>420.453</ele>
        <time>2023-12-27T11:52:31Z</time>
      </trkpt>
      <trkpt lat="43.370418" lon="-5.125916">
        <ele>423.754</ele>
        <time>2023-12-27T11:53:11Z</time>
      </trkpt>
      <trkpt lat="43.370443" lon="-5.125846">
        <ele>426.244</ele>
        <time>2023-12-27T11:53:51Z</time>
      </trkpt>
      <trkpt lat="43.370462" lon="-5.125803">
        <ele>427.468</ele>
        <time>2023-12-27T11:54:31Z</time>
      </trkpt>
      <trkpt lat="43.370472" lon="-5.125768">
        <ele>428.323</ele>
        <time>2023-12-27T11:55:11Z</time>
      </trkpt>
      <trkpt lat="43.370468" lon="-5.125709">
        <ele>429.814</ele>
        <time>2023-12-27T11:55:51Z</time>
      </trkpt>
      <trkpt lat="43.370486" lon="-5.125667">
        <ele>430.811</ele>
        <time>2023-12-27T11:56:31Z</time>
      </trkpt>
      <trkpt lat="43.370474" lon="-5.125616">
        <ele>432.193</ele>
        <time>2023-12-27T11:57:11Z</time>
      </trkpt>
      <trkpt lat="43.370474" lon="-5.125559">
        <ele>433.595</ele>
        <time>2023-12-27T11:57:51Z</time>
      </trkpt>
      <trkpt lat="43.370496" lon="-5.125490">
        <ele>432.949</ele>
        <time>2023-12-27T11:58:31Z</time>
      </trkpt>
      <trkpt lat="43.370517" lon="-5.125455">
        <ele>432.323</ele>
        <time>2023-12-27T11:59:11Z</time>
      </trkpt>
      <trkpt lat="43.370529" lon="-5.125414">
        <ele>431.809</ele>
        <time>2023-12-27T11:59:51Z</time>
      </trkpt>
      <trkpt lat="43.370500" lon="-5.125385">
        <ele>431.970</ele>
        <time>2023-12-27T12:00:31Z</time>
      </trkpt>
      <trkpt lat="43.370455" lon="-5.125334">
        <ele>432.244</ele>
        <time>2023-12-27T12:01:11Z</time>
      </trkpt>
      <trkpt lat="43.370427" lon="-5.125302">
        <ele>432.555</ele>
        <time>2023-12-27T12:01:51Z</time>
      </trkpt>
      <trkpt lat="43.370398" lon="-5.125221">
        <ele>431.315</ele>
        <time>2023-12-27T12:02:31Z</time>
      </trkpt>
      <trkpt lat="43.370381" lon="-5.125125">
        <ele>429.279</ele>
        <time>2023-12-27T12:03:11Z</time>
      </trkpt>
      <trkpt lat="43.370365" lon="-5.125085">
        <ele>428.624</ele>
        <time>2023-12-27T12:03:51Z</time>
      </trkpt>
      <trkpt lat="43.370344" lon="-5.125050">
        <ele>428.375</ele>
        <time>2023-12-27T12:04:31Z</time>
      </trkpt>
      <trkpt lat="43.370303" lon="-5.125007">
        <ele>428.432</ele>
        <time>2023-12-27T12:05:11Z</time>
      </trkpt>
      <trkpt lat="43.370277" lon="-5.124975">
        <ele>429.324</ele>
        <time>2023-12-27T12:05:51Z</time>
      </trkpt>
      <trkpt lat="43.370252" lon="-5.124975">
        <ele>430.666</ele>
        <time>2023-12-27T12:06:31Z</time>
      </trkpt>
      <trkpt lat="43.370211" lon="-5.124985">
        <ele>432.729</ele>
        <time>2023-12-27T12:07:11Z</time>
      </trkpt>
      <trkpt lat="43.370164" lon="-5.124980">
        <ele>435.321</ele>
        <time>2023-12-27T12:07:51Z</time>
      </trkpt>
      <trkpt lat="43.370158" lon="-5.124956">
        <ele>435.709</ele>
        <time>2023-12-27T12:08:31Z</time>
      </trkpt>
      <trkpt lat="43.370135" lon="-5.124902">
        <ele>437.227</ele>
        <time>2023-12-27T12:09:11Z</time>
      </trkpt>
      <trkpt lat="43.370096" lon="-5.124867">
        <ele>439.361</ele>
        <time>2023-12-27T12:09:51Z</time>
      </trkpt>
      <trkpt lat="43.370053" lon="-5.124808">
        <ele>441.592</ele>
        <time>2023-12-27T12:10:31Z</time>
      </trkpt>
      <trkpt lat="43.370051" lon="-5.124717">
        <ele>441.912</ele>
        <time>2023-12-27T12:11:11Z</time>
      </trkpt>
      <trkpt lat="43.370018" lon="-5.124671">
        <ele>444.096</ele>
        <time>2023-12-27T12:11:51Z</time>
      </trkpt>
      <trkpt lat="43.369965" lon="-5.124602">
        <ele>447.361</ele>
        <time>2023-12-27T12:12:31Z</time>
      </trkpt>
      <trkpt lat="43.369901" lon="-5.124529">
        <ele>450.812</ele>
        <time>2023-12-27T12:13:11Z</time>
      </trkpt>
      <trkpt lat="43.369837" lon="-5.124470">
        <ele>453.749</ele>
        <time>2023-12-27T12:13:51Z</time>
      </trkpt>
      <trkpt lat="43.369774" lon="-5.124468">
        <ele>456.181</ele>
        <time>2023-12-27T12:14:31Z</time>
      </trkpt>
      <trkpt lat="43.369737" lon="-5.124449">
        <ele>457.517</ele>
        <time>2023-12-27T12:15:11Z</time>
      </trkpt>
      <trkpt lat="43.369725" lon="-5.124409">
        <ele>458.787</ele>
        <time>2023-12-27T12:15:51Z</time>
      </trkpt>
      <trkpt lat="43.369636" lon="-5.124358">
        <ele>462.715</ele>
        <time>2023-12-27T12:16:31Z</time>
      </trkpt>
      <trkpt lat="43.369540" lon="-5.124331">
        <ele>466.109</ele>
        <time>2023-12-27T12:17:11Z</time>
      </trkpt>
      <trkpt lat="43.369425" lon="-5.124331">
        <ele>469.442</ele>
        <time>2023-12-27T12:17:51Z</time>
      </trkpt>
      <trkpt lat="43.369324" lon="-5.124344">
        <ele>471.526</ele>
        <time>2023-12-27T12:18:31Z</time>
      </trkpt>
      <trkpt lat="43.369248" lon="-5.124360">
        <ele>472.967</ele>
        <time>2023-12-27T12:19:11Z</time>
      </trkpt>
      <trkpt lat="43.369144" lon="-5.124395">
        <ele>474.087</ele>
        <time>2023-12-27T12:19:51Z</time>
      </trkpt>
      <trkpt lat="43.369031" lon="-5.124427">
        <ele>473.971</ele>
        <time>2023-12-27T12:20:31Z</time>
      </trkpt>
      <trkpt lat="43.368916" lon="-5.124478">
        <ele>473.156</ele>
        <time>2023-12-27T12:21:11Z</time>
      </trkpt>
      <trkpt lat="43.368831" lon="-5.124548">
        <ele>471.447</ele>
        <time>2023-12-27T12:21:51Z</time>
      </trkpt>
      <trkpt lat="43.368712" lon="-5.124607">
        <ele>469.884</ele>
        <time>2023-12-27T12:22:31Z</time>
      </trkpt>
      <trkpt lat="43.368622" lon="-5.124637">
        <ele>468.816</ele>
        <time>2023-12-27T12:23:11Z</time>
      </trkpt>
      <trkpt lat="43.368550" lon="-5.124631">
        <ele>468.923</ele>
        <time>2023-12-27T12:23:51Z</time>
      </trkpt>
      <trkpt lat="43.368370" lon="-5.124645">
        <ele>468.183</ele>
        <time>2023-12-27T12:24:31Z</time>
      </trkpt>
      <trkpt lat="43.368312" lon="-5.124663">
        <ele>467.311</ele>
        <time>2023-12-27T12:25:11Z</time>
      </trkpt>
      <trkpt lat="43.368259" lon="-5.124653">
        <ele>467.709</ele>
        <time>2023-12-27T12:25:51Z</time>
      </trkpt>
      <trkpt lat="43.368187" lon="-5.124637">
        <ele>468.483</ele>
        <time>2023-12-27T12:26:31Z</time>
      </trkpt>
      <trkpt lat="43.368123" lon="-5.124623">
        <ele>468.947</ele>
        <time>2023-12-27T12:27:11Z</time>
      </trkpt>
      <trkpt lat="43.368043" lon="-5.124637">
        <ele>468.358</ele>
        <time>2023-12-27T12:27:51Z</time>
      </trkpt>
      <trkpt lat="43.367996" lon="-5.124655">
        <ele>467.478</ele>
        <time>2023-12-27T12:28:31Z</time>
      </trkpt>
      <trkpt lat="43.367941" lon="-5.124680">
        <ele>466.232</ele>
        <time>2023-12-27T12:29:11Z</time>
      </trkpt>
      <trkpt lat="43.367883" lon="-5.124725">
        <ele>464.217</ele>
        <time>2023-12-27T12:29:51Z</time>
      </trkpt>
      <trkpt lat="43.367834" lon="-5.124728">
        <ele>463.988</ele>
        <time>2023-12-27T12:30:31Z</time>
      </trkpt>
      <trkpt lat="43.367817" lon="-5.124693">
        <ele>465.225</ele>
        <time>2023-12-27T12:31:11Z</time>
      </trkpt>
      <trkpt lat="43.367809" lon="-5.124653">
        <ele>466.647</ele>
        <time>2023-12-27T12:31:51Z</time>
      </trkpt>
      <trkpt lat="43.367781" lon="-5.124647">
        <ele>466.795</ele>
        <time>2023-12-27T12:32:31Z</time>
      </trkpt>
      <trkpt lat="43.367729" lon="-5.124650">
        <ele>465.649</ele>
        <time>2023-12-27T12:33:11Z</time>
      </trkpt>
      <trkpt lat="43.367696" lon="-5.124666">
        <ele>464.323</ele>
        <time>2023-12-27T12:33:51Z</time>
      </trkpt>
      <trkpt lat="43.367678" lon="-5.124669">
        <ele>463.809</ele>
        <time>2023-12-27T12:34:31Z</time>
      </trkpt>
      <trkpt lat="43.367635" lon="-5.124637">
        <ele>464.160</ele>
        <time>2023-12-27T12:35:11Z</time>
      </trkpt>
      <trkpt lat="43.367559" lon="-5.124580">
        <ele>464.834</ele>
        <time>2023-12-27T12:35:51Z</time>
      </trkpt>
      <trkpt lat="43.367518" lon="-5.124556">
        <ele>464.925</ele>
        <time>2023-12-27T12:36:31Z</time>
      </trkpt>
      <trkpt lat="43.367487" lon="-5.124586">
        <ele>463.235</ele>
        <time>2023-12-27T12:37:11Z</time>
      </trkpt>
      <trkpt lat="43.367448" lon="-5.124583">
        <ele>462.649</ele>
        <time>2023-12-27T12:37:51Z</time>
      </trkpt>
      <trkpt lat="43.367378" lon="-5.124548">
        <ele>462.684</ele>
        <time>2023-12-27T12:38:31Z</time>
      </trkpt>
      <trkpt lat="43.367294" lon="-5.124513">
        <ele>462.255</ele>
        <time>2023-12-27T12:39:11Z</time>
      </trkpt>
      <trkpt lat="43.367257" lon="-5.124497">
        <ele>462.082</ele>
        <time>2023-12-27T12:39:51Z</time>
      </trkpt>
      <trkpt lat="43.367202" lon="-5.124478">
        <ele>461.614</ele>
        <time>2023-12-27T12:40:31Z</time>
      </trkpt>
      <trkpt lat="43.367154" lon="-5.124524">
        <ele>459.675</ele>
        <time>2023-12-27T12:41:11Z</time>
      </trkpt>
      <trkpt lat="43.367095" lon="-5.124529">
        <ele>458.728</ele>
        <time>2023-12-27T12:41:51Z</time>
      </trkpt>
      <trkpt lat="43.366945" lon="-5.124494">
        <ele>457.820</ele>
        <time>2023-12-27T12:42:31Z</time>
      </trkpt>
      <trkpt lat="43.366849" lon="-5.124462">
        <ele>457.509</ele>
        <time>2023-12-27T12:43:11Z</time>
      </trkpt>
      <trkpt lat="43.366803" lon="-5.124433">
        <ele>457.828</ele>
        <time>2023-12-27T12:43:51Z</time>
      </trkpt>
      <trkpt lat="43.366742" lon="-5.124417">
        <ele>457.592</ele>
        <time>2023-12-27T12:44:31Z</time>
      </trkpt>
      <trkpt lat="43.366666" lon="-5.124395">
        <ele>457.273</ele>
        <time>2023-12-27T12:45:11Z</time>
      </trkpt>
      <trkpt lat="43.366573" lon="-5.124387">
        <ele>456.523</ele>
        <time>2023-12-27T12:45:51Z</time>
      </trkpt>
      <trkpt lat="43.366508" lon="-5.124374">
        <ele>456.137</ele>
        <time>2023-12-27T12:46:31Z</time>
      </trkpt>
      <trkpt lat="43.366485" lon="-5.124344">
        <ele>456.392</ele>
        <time>2023-12-27T12:47:11Z</time>
      </trkpt>
      <trkpt lat="43.366469" lon="-5.124288">
        <ele>456.923</ele>
        <time>2023-12-27T12:47:51Z</time>
      </trkpt>
      <trkpt lat="43.366454" lon="-5.124269">
        <ele>457.070</ele>
        <time>2023-12-27T12:48:31Z</time>
      </trkpt>
      <trkpt lat="43.366405" lon="-5.124258">
        <ele>456.342</ele>
        <time>2023-12-27T12:49:11Z</time>
      </trkpt>
      <trkpt lat="43.366374" lon="-5.124229">
        <ele>455.976</ele>
        <time>2023-12-27T12:49:51Z</time>
      </trkpt>
      <trkpt lat="43.366354" lon="-5.124205">
        <ele>455.690</ele>
        <time>2023-12-27T12:50:31Z</time>
      </trkpt>
      <trkpt lat="43.366341" lon="-5.124167">
        <ele>455.419</ele>
        <time>2023-12-27T12:51:11Z</time>
      </trkpt>
      <trkpt lat="43.366341" lon="-5.124124">
        <ele>455.009</ele>
        <time>2023-12-27T12:51:51Z</time>
      </trkpt>
      <trkpt lat="43.366335" lon="-5.124071">
        <ele>454.318</ele>
        <time>2023-12-27T12:52:31Z</time>
      </trkpt>
      <trkpt lat="43.366329" lon="-5.124038">
        <ele>453.732</ele>
        <time>2023-12-27T12:53:11Z</time>
      </trkpt>
      <trkpt lat="43.366305" lon="-5.124017">
        <ele>452.683</ele>
        <time>2023-12-27T12:53:51Z</time>
      </trkpt>
      <trkpt lat="43.366272" lon="-5.124004">
        <ele>451.153</ele>
        <time>2023-12-27T12:54:31Z</time>
      </trkpt>
      <trkpt lat="43.366249" lon="-5.123996">
        <ele>450.077</ele>
        <time>2023-12-27T12:55:11Z</time>
      </trkpt>
      <trkpt lat="43.366251" lon="-5.123942">
        <ele>449.352</ele>
        <time>2023-12-27T12:55:51Z</time>
      </trkpt>
      <trkpt lat="43.366276" lon="-5.123827">
        <ele>448.583</ele>
        <time>2023-12-27T12:56:31Z</time>
      </trkpt>
      <trkpt lat="43.366311" lon="-5.123717">
        <ele>448.280</ele>
        <time>2023-12-27T12:57:11Z</time>
      </trkpt>
      <trkpt lat="43.366319" lon="-5.123596">
        <ele>446.612</ele>
        <time>2023-12-27T12:57:51Z</time>
      </trkpt>
      <trkpt lat="43.366307" lon="-5.123440">
        <ele>444.428</ele>
        <time>2023-12-27T12:58:31Z</time>
      </trkpt>
      <trkpt lat="43.366294" lon="-5.123293">
        <ele>441.989</ele>
        <time>2023-12-27T12:59:11Z</time>
      </trkpt>
      <trkpt lat="43.366292" lon="-5.123180">
        <ele>440.217</ele>
        <time>2023-12-27T12:59:51Z</time>
      </trkpt>
      <trkpt lat="43.366313" lon="-5.123067">
        <ele>440.009</ele>
        <time>2023-12-27T13:00:31Z</time>
      </trkpt>
      <trkpt lat="43.366366" lon="-5.122923">
        <ele>440.653</ele>
        <time>2023-12-27T13:01:11Z</time>
      </trkpt>
      <trkpt lat="43.366395" lon="-5.122783">
        <ele>439.527</ele>
        <time>2023-12-27T13:01:51Z</time>
      </trkpt>
      <trkpt lat="43.366403" lon="-5.122649">
        <ele>439.038</ele>
        <time>2023-12-27T13:02:31Z</time>
      </trkpt>
      <trkpt lat="43.366417" lon="-5.122528">
        <ele>438.958</ele>
        <time>2023-12-27T13:03:11Z</time>
      </trkpt>
      <trkpt lat="43.366411" lon="-5.122421">
        <ele>438.662</ele>
        <time>2023-12-27T13:03:51Z</time>
      </trkpt>
      <trkpt lat="43.366397" lon="-5.122362">
        <ele>437.937</ele>
        <time>2023-12-27T13:04:31Z</time>
      </trkpt>
      <trkpt lat="43.366383" lon="-5.122303">
        <ele>437.438</ele>
        <time>2023-12-27T13:05:11Z</time>
      </trkpt>
      <trkpt lat="43.366352" lon="-5.122225">
        <ele>436.135</ele>
        <time>2023-12-27T13:05:51Z</time>
      </trkpt>
      <trkpt lat="43.366222" lon="-5.122056">
        <ele>433.937</ele>
        <time>2023-12-27T13:06:31Z</time>
      </trkpt>
      <trkpt lat="43.366136" lon="-5.121925">
        <ele>433.891</ele>
        <time>2023-12-27T13:07:11Z</time>
      </trkpt>
      <trkpt lat="43.366015" lon="-5.121861">
        <ele>432.081</ele>
        <time>2023-12-27T13:07:51Z</time>
      </trkpt>
      <trkpt lat="43.365890" lon="-5.121815">
        <ele>429.919</ele>
        <time>2023-12-27T13:08:31Z</time>
      </trkpt>
      <trkpt lat="43.365851" lon="-5.121785">
        <ele>429.909</ele>
        <time>2023-12-27T13:09:11Z</time>
      </trkpt>
      <trkpt lat="43.365791" lon="-5.121726">
        <ele>430.040</ele>
        <time>2023-12-27T13:09:51Z</time>
      </trkpt>
      <trkpt lat="43.365773" lon="-5.121726">
        <ele>429.354</ele>
        <time>2023-12-27T13:10:31Z</time>
      </trkpt>
      <trkpt lat="43.365761" lon="-5.121807">
        <ele>425.645</ele>
        <time>2023-12-27T13:11:11Z</time>
      </trkpt>
      <trkpt lat="43.365779" lon="-5.121855">
        <ele>424.495</ele>
        <time>2023-12-27T13:11:51Z</time>
      </trkpt>
      <trkpt lat="43.365765" lon="-5.121909">
        <ele>421.749</ele>
        <time>2023-12-27T13:12:31Z</time>
      </trkpt>
      <trkpt lat="43.365734" lon="-5.121954">
        <ele>418.784</ele>
        <time>2023-12-27T13:13:11Z</time>
      </trkpt>
      <trkpt lat="43.365736" lon="-5.122016">
        <ele>416.525</ele>
        <time>2023-12-27T13:13:51Z</time>
      </trkpt>
      <trkpt lat="43.365689" lon="-5.122054">
        <ele>413.442</ele>
        <time>2023-12-27T13:14:31Z</time>
      </trkpt>
      <trkpt lat="43.365664" lon="-5.122156">
        <ele>408.814</ele>
        <time>2023-12-27T13:15:11Z</time>
      </trkpt>
      <trkpt lat="43.365623" lon="-5.122177">
        <ele>406.785</ele>
        <time>2023-12-27T13:15:51Z</time>
      </trkpt>
      <trkpt lat="43.365574" lon="-5.122244">
        <ele>403.089</ele>
        <time>2023-12-27T13:16:31Z</time>
      </trkpt>
      <trkpt lat="43.365549" lon="-5.122260">
        <ele>401.617</ele>
        <time>2023-12-27T13:17:11Z</time>
      </trkpt>
      <trkpt lat="43.365537" lon="-5.122249">
        <ele>401.309</ele>
        <time>2023-12-27T13:17:51Z</time>
      </trkpt>
      <trkpt lat="43.365432" lon="-5.122384">
        <ele>392.619</ele>
        <time>2023-12-27T13:18:31Z</time>
      </trkpt>
      <trkpt lat="43.365418" lon="-5.122416">
        <ele>391.233</ele>
        <time>2023-12-27T13:19:11Z</time>
      </trkpt>
      <trkpt lat="43.365364" lon="-5.122429">
        <ele>388.474</ele>
        <time>2023-12-27T13:19:51Z</time>
      </trkpt>
      <trkpt lat="43.365336" lon="-5.122483">
        <ele>385.934</ele>
        <time>2023-12-27T13:20:31Z</time>
      </trkpt>
      <trkpt lat="43.365291" lon="-5.122528">
        <ele>382.978</ele>
        <time>2023-12-27T13:21:11Z</time>
      </trkpt>
      <trkpt lat="43.365260" lon="-5.122510">
        <ele>381.893</ele>
        <time>2023-12-27T13:21:51Z</time>
      </trkpt>
      <trkpt lat="43.365167" lon="-5.122563">
        <ele>375.744</ele>
        <time>2023-12-27T13:22:31Z</time>
      </trkpt>
      <trkpt lat="43.365114" lon="-5.122628">
        <ele>371.761</ele>
        <time>2023-12-27T13:23:11Z</time>
      </trkpt>
      <trkpt lat="43.365098" lon="-5.122713">
        <ele>369.423</ele>
        <time>2023-12-27T13:23:51Z</time>
      </trkpt>
      <trkpt lat="43.365063" lon="-5.122772">
        <ele>366.812</ele>
        <time>2023-12-27T13:24:31Z</time>
      </trkpt>
      <trkpt lat="43.365077" lon="-5.122864">
        <ele>366.732</ele>
        <time>2023-12-27T13:25:11Z</time>
      </trkpt>
      <trkpt lat="43.365081" lon="-5.122990">
        <ele>365.905</ele>
        <time>2023-12-27T13:25:51Z</time>
      </trkpt>
      <trkpt lat="43.365013" lon="-5.123258">
        <ele>363.209</ele>
        <time>2023-12-27T13:26:31Z</time>
      </trkpt>
      <trkpt lat="43.364999" lon="-5.123269">
        <ele>362.512</ele>
        <time>2023-12-27T13:27:11Z</time>
      </trkpt>
      <trkpt lat="43.364981" lon="-5.123223">
        <ele>361.276</ele>
        <time>2023-12-27T13:27:51Z</time>
      </trkpt>
      <trkpt lat="43.364981" lon="-5.123159">
        <ele>360.837</ele>
        <time>2023-12-27T13:28:31Z</time>
      </trkpt>
      <trkpt lat="43.364950" lon="-5.123033">
        <ele>358.787</ele>
        <time>2023-12-27T13:29:11Z</time>
      </trkpt>
      <trkpt lat="43.364919" lon="-5.122952">
        <ele>357.781</ele>
        <time>2023-12-27T13:29:51Z</time>
      </trkpt>
      <trkpt lat="43.364841" lon="-5.122944">
        <ele>353.596</ele>
        <time>2023-12-27T13:30:31Z</time>
      </trkpt>
      <trkpt lat="43.364806" lon="-5.122976">
        <ele>351.597</ele>
        <time>2023-12-27T13:31:11Z</time>
      </trkpt>
      <trkpt lat="43.364714" lon="-5.123003">
        <ele>346.664</ele>
        <time>2023-12-27T13:31:51Z</time>
      </trkpt>
      <trkpt lat="43.364671" lon="-5.122998">
        <ele>344.626</ele>
        <time>2023-12-27T13:32:31Z</time>
      </trkpt>
      <trkpt lat="43.364634" lon="-5.122949">
        <ele>342.736</ele>
        <time>2023-12-27T13:33:11Z</time>
      </trkpt>
      <trkpt lat="43.364619" lon="-5.122947">
        <ele>342.017</ele>
        <time>2023-12-27T13:33:51Z</time>
      </trkpt>
      <trkpt lat="43.364617" lon="-5.123033">
        <ele>342.018</ele>
        <time>2023-12-27T13:34:31Z</time>
      </trkpt>
      <trkpt lat="43.364615" lon="-5.123156">
        <ele>342.309</ele>
        <time>2023-12-27T13:35:11Z</time>
      </trkpt>
      <trkpt lat="43.364611" lon="-5.123274">
        <ele>342.614</ele>
        <time>2023-12-27T13:35:51Z</time>
      </trkpt>
      <trkpt lat="43.364599" lon="-5.123333">
        <ele>342.238</ele>
        <time>2023-12-27T13:36:31Z</time>
      </trkpt>
      <trkpt lat="43.364502" lon="-5.123430">
        <ele>338.539</ele>
        <time>2023-12-27T13:37:11Z</time>
      </trkpt>
      <trkpt lat="43.364420" lon="-5.123537">
        <ele>335.259</ele>
        <time>2023-12-27T13:37:51Z</time>
      </trkpt>
      <trkpt lat="43.364357" lon="-5.123636">
        <ele>332.673</ele>
        <time>2023-12-27T13:38:31Z</time>
      </trkpt>
      <trkpt lat="43.364272" lon="-5.123733">
        <ele>328.988</ele>
        <time>2023-12-27T13:39:11Z</time>
      </trkpt>
      <trkpt lat="43.364139" lon="-5.123875">
        <ele>322.469</ele>
        <time>2023-12-27T13:39:51Z</time>
      </trkpt>
      <trkpt lat="43.364139" lon="-5.123875">
        <ele>322.456</ele>
        <time>2023-12-27T13:40:31Z</time>
      </trkpt>
      <trkpt lat="43.363831" lon="-5.124240">
        <ele>310.548</ele>
        <time>2023-12-27T13:41:11Z</time>
      </trkpt>
      <trkpt lat="43.363759" lon="-5.124309">
        <ele>307.323</ele>
        <time>2023-12-27T13:41:51Z</time>
      </trkpt>
      <trkpt lat="43.363724" lon="-5.124414">
        <ele>306.783</ele>
        <time>2023-12-27T13:42:31Z</time>
      </trkpt>
      <trkpt lat="43.363655" lon="-5.124513">
        <ele>304.111</ele>
        <time>2023-12-27T13:43:11Z</time>
      </trkpt>
      <trkpt lat="43.363601" lon="-5.124618">
        <ele>302.209</ele>
        <time>2023-12-27T13:43:51Z</time>
      </trkpt>
      <trkpt lat="43.363591" lon="-5.124653">
        <ele>301.963</ele>
        <time>2023-12-27T13:44:31Z</time>
      </trkpt>
      <trkpt lat="43.363558" lon="-5.124897">
        <ele>301.097</ele>
        <time>2023-12-27T13:45:11Z</time>
      </trkpt>
      <trkpt lat="43.363492" lon="-5.125141">
        <ele>298.498</ele>
        <time>2023-12-27T13:45:51Z</time>
      </trkpt>
      <trkpt lat="43.363429" lon="-5.125288">
        <ele>295.658</ele>
        <time>2023-12-27T13:46:31Z</time>
      </trkpt>
      <trkpt lat="43.363355" lon="-5.125549">
        <ele>292.442</ele>
        <time>2023-12-27T13:47:11Z</time>
      </trkpt>
      <trkpt lat="43.363246" lon="-5.125854">
        <ele>287.577</ele>
        <time>2023-12-27T13:47:51Z</time>
      </trkpt>
      <trkpt lat="43.363180" lon="-5.126152">
        <ele>285.458</ele>
        <time>2023-12-27T13:48:31Z</time>
      </trkpt>
      <trkpt lat="43.363121" lon="-5.126423">
        <ele>283.555</ele>
        <time>2023-12-27T13:49:11Z</time>
      </trkpt>
      <trkpt lat="43.363080" lon="-5.126533">
        <ele>281.627</ele>
        <time>2023-12-27T13:49:51Z</time>
      </trkpt>
      <trkpt lat="43.363016" lon="-5.126747">
        <ele>279.488</ele>
        <time>2023-12-27T13:50:31Z</time>
      </trkpt>
      <trkpt lat="43.362959" lon="-5.127037">
        <ele>278.424</ele>
        <time>2023-12-27T13:51:11Z</time>
      </trkpt>
      <trkpt lat="43.362883" lon="-5.127434">
        <ele>275.426</ele>
        <time>2023-12-27T13:51:51Z</time>
      </trkpt>
      <trkpt lat="43.362838" lon="-5.127845">
        <ele>272.509</ele>
        <time>2023-12-27T13:52:31Z</time>
      </trkpt>
      <trkpt lat="43.362836" lon="-5.127971">
        <ele>271.479</ele>
        <time>2023-12-27T13:53:11Z</time>
      </trkpt>
      <trkpt lat="43.362813" lon="-5.128266">
        <ele>267.983</ele>
        <time>2023-12-27T13:53:51Z</time>
      </trkpt>
      <trkpt lat="43.362817" lon="-5.128419">
        <ele>266.544</ele>
        <time>2023-12-27T13:54:31Z</time>
      </trkpt>
      <trkpt lat="43.362848" lon="-5.128711">
        <ele>263.694</ele>
        <time>2023-12-27T13:55:11Z</time>
      </trkpt>
      <trkpt lat="43.362907" lon="-5.128877">
        <ele>262.048</ele>
        <time>2023-12-27T13:55:51Z</time>
      </trkpt>
      <trkpt lat="43.363359" lon="-5.129365">
        <ele>253.993</ele>
        <time>2023-12-27T13:56:31Z</time>
      </trkpt>
      <trkpt lat="43.363544" lon="-5.129443">
        <ele>253.184</ele>
        <time>2023-12-27T13:57:11Z</time>
      </trkpt>
      <trkpt lat="43.363531" lon="-5.129521">
        <ele>249.951</ele>
        <time>2023-12-27T13:57:51Z</time>
      </trkpt>
      <trkpt lat="43.363498" lon="-5.129534">
        <ele>249.073</ele>
        <time>2023-12-27T13:58:31Z</time>
      </trkpt>
      <trkpt lat="43.363306" lon="-5.129505">
        <ele>247.563</ele>
        <time>2023-12-27T13:59:11Z</time>
      </trkpt>
      <trkpt lat="43.363084" lon="-5.129486">
        <ele>245.244</ele>
        <time>2023-12-27T13:59:51Z</time>
      </trkpt>
      <trkpt lat="43.362856" lon="-5.129457">
        <ele>242.818</ele>
        <time>2023-12-27T14:00:31Z</time>
      </trkpt>
      <trkpt lat="43.362655" lon="-5.129435">
        <ele>241.009</ele>
        <time>2023-12-27T14:01:11Z</time>
      </trkpt>
      <trkpt lat="43.362507" lon="-5.129454">
        <ele>238.977</ele>
        <time>2023-12-27T14:01:51Z</time>
      </trkpt>
      <trkpt lat="43.362333" lon="-5.129510">
        <ele>236.121</ele>
        <time>2023-12-27T14:02:31Z</time>
      </trkpt>
      <trkpt lat="43.362216" lon="-5.129566">
        <ele>234.262</ele>
        <time>2023-12-27T14:03:11Z</time>
      </trkpt>
      <trkpt lat="43.362103" lon="-5.129617">
        <ele>232.162</ele>
        <time>2023-12-27T14:03:51Z</time>
      </trkpt>
      <trkpt lat="43.362010" lon="-5.129588">
        <ele>231.336</ele>
        <time>2023-12-27T14:04:31Z</time>
      </trkpt>
      <trkpt lat="43.361906" lon="-5.129550">
        <ele>230.131</ele>
        <time>2023-12-27T14:05:11Z</time>
      </trkpt>
      <trkpt lat="43.361846" lon="-5.129526">
        <ele>229.142</ele>
        <time>2023-12-27T14:05:51Z</time>
      </trkpt>
      <trkpt lat="43.361768" lon="-5.129467">
        <ele>228.099</ele>
        <time>2023-12-27T14:06:31Z</time>
      </trkpt>
      <trkpt lat="43.361659" lon="-5.129352">
        <ele>226.521</ele>
        <time>2023-12-27T14:07:11Z</time>
      </trkpt>
      <trkpt lat="43.361583" lon="-5.129255">
        <ele>225.417</ele>
        <time>2023-12-27T14:07:51Z</time>
      </trkpt>
      <trkpt lat="43.361495" lon="-5.129143">
        <ele>223.887</ele>
        <time>2023-12-27T14:08:31Z</time>
      </trkpt>
      <trkpt lat="43.361417" lon="-5.129052">
        <ele>222.515</ele>
        <time>2023-12-27T14:09:11Z</time>
      </trkpt>
      <trkpt lat="43.361356" lon="-5.128998">
        <ele>221.609</ele>
        <time>2023-12-27T14:09:51Z</time>
      </trkpt>
      <trkpt lat="43.361282" lon="-5.128963">
        <ele>220.372</ele>
        <time>2023-12-27T14:10:31Z</time>
      </trkpt>
      <trkpt lat="43.361195" lon="-5.128925">
        <ele>218.616</ele>
        <time>2023-12-27T14:11:11Z</time>
      </trkpt>
      <trkpt lat="43.361118" lon="-5.128931">
        <ele>217.067</ele>
        <time>2023-12-27T14:11:51Z</time>
      </trkpt>
      <trkpt lat="43.361060" lon="-5.128944">
        <ele>216.077</ele>
        <time>2023-12-27T14:12:31Z</time>
      </trkpt>
      <trkpt lat="43.360920" lon="-5.128858">
        <ele>213.581</ele>
        <time>2023-12-27T14:13:11Z</time>
      </trkpt>
      <trkpt lat="43.360824" lon="-5.128842">
        <ele>211.666</ele>
        <time>2023-12-27T14:13:51Z</time>
      </trkpt>
      <trkpt lat="43.360674" lon="-5.128891">
        <ele>207.457</ele>
        <time>2023-12-27T14:14:31Z</time>
      </trkpt>
      <trkpt lat="43.360625" lon="-5.128907">
        <ele>206.024</ele>
        <time>2023-12-27T14:15:11Z</time>
      </trkpt>
      <trkpt lat="43.360619" lon="-5.128909">
        <ele>205.856</ele>
        <time>2023-12-27T14:15:51Z</time>
      </trkpt>
      <trkpt lat="43.360580" lon="-5.128907">
        <ele>204.771</ele>
        <time>2023-12-27T14:16:31Z</time>
      </trkpt>
      <trkpt lat="43.360557" lon="-5.128845">
        <ele>204.241</ele>
        <time>2023-12-27T14:17:11Z</time>
      </trkpt>
      <trkpt lat="43.360541" lon="-5.128759">
        <ele>203.615</ele>
        <time>2023-12-27T14:17:51Z</time>
      </trkpt>
      <trkpt lat="43.360514" lon="-5.128671">
        <ele>202.409</ele>
        <time>2023-12-27T14:18:31Z</time>
      </trkpt>
      <trkpt lat="43.360491" lon="-5.128612">
        <ele>201.388</ele>
        <time>2023-12-27T14:19:11Z</time>
      </trkpt>
      <trkpt lat="43.360483" lon="-5.128464">
        <ele>200.792</ele>
        <time>2023-12-27T14:19:51Z</time>
      </trkpt>
      <trkpt lat="43.360485" lon="-5.128263">
        <ele>200.013</ele>
        <time>2023-12-27T14:20:31Z</time>
      </trkpt>
      <trkpt lat="43.360498" lon="-5.128132">
        <ele>199.533</ele>
        <time>2023-12-27T14:21:11Z</time>
      </trkpt>
      <trkpt lat="43.360528" lon="-5.127997">
        <ele>199.817</ele>
        <time>2023-12-27T14:21:51Z</time>
      </trkpt>
      <trkpt lat="43.360590" lon="-5.127721">
        <ele>198.772</ele>
        <time>2023-12-27T14:22:31Z</time>
      </trkpt>
      <trkpt lat="43.360647" lon="-5.127461">
        <ele>195.883</ele>
        <time>2023-12-27T14:23:11Z</time>
      </trkpt>
      <trkpt lat="43.360705" lon="-5.127338">
        <ele>195.770</ele>
        <time>2023-12-27T14:23:51Z</time>
      </trkpt>
      <trkpt lat="43.360754" lon="-5.127252">
        <ele>196.112</ele>
        <time>2023-12-27T14:24:31Z</time>
      </trkpt>
      <trkpt lat="43.360818" lon="-5.127163">
        <ele>195.828</ele>
        <time>2023-12-27T14:25:11Z</time>
      </trkpt>
      <trkpt lat="43.360896" lon="-5.127064">
        <ele>193.589</ele>
        <time>2023-12-27T14:25:51Z</time>
      </trkpt>
      <trkpt lat="43.360916" lon="-5.126970">
        <ele>189.917</ele>
        <time>2023-12-27T14:26:31Z</time>
      </trkpt>
      <trkpt lat="43.360935" lon="-5.126817">
        <ele>184.709</ele>
        <time>2023-12-27T14:27:11Z</time>
      </trkpt>
      <trkpt lat="43.360945" lon="-5.126702">
        <ele>180.923</ele>
        <time>2023-12-27T14:27:51Z</time>
      </trkpt>
      <trkpt lat="43.360957" lon="-5.126597">
        <ele>179.197</ele>
        <time>2023-12-27T14:28:31Z</time>
      </trkpt>
      <trkpt lat="43.360974" lon="-5.126466">
        <ele>178.088</ele>
        <time>2023-12-27T14:29:11Z</time>
      </trkpt>
      <trkpt lat="43.360986" lon="-5.126329">
        <ele>177.538</ele>
        <time>2023-12-27T14:29:51Z</time>
      </trkpt>
      <trkpt lat="43.361001" lon="-5.126200">
        <ele>178.062</ele>
        <time>2023-12-27T14:30:31Z</time>
      </trkpt>
      <trkpt lat="43.360982" lon="-5.126125">
        <ele>177.417</ele>
        <time>2023-12-27T14:31:11Z</time>
      </trkpt>
      <trkpt lat="43.360949" lon="-5.126093">
        <ele>176.188</ele>
        <time>2023-12-27T14:31:51Z</time>
      </trkpt>
      <trkpt lat="43.360900" lon="-5.126077">
        <ele>174.215</ele>
        <time>2023-12-27T14:32:31Z</time>
      </trkpt>
      <trkpt lat="43.360855" lon="-5.126109">
        <ele>172.857</ele>
        <time>2023-12-27T14:33:11Z</time>
      </trkpt>
      <trkpt lat="43.360775" lon="-5.126090">
        <ele>170.173</ele>
        <time>2023-12-27T14:33:51Z</time>
      </trkpt>
      <trkpt lat="43.360674" lon="-5.126029">
        <ele>167.085</ele>
        <time>2023-12-27T14:34:31Z</time>
      </trkpt>
      <trkpt lat="43.360590" lon="-5.125964">
        <ele>164.813</ele>
        <time>2023-12-27T14:35:11Z</time>
      </trkpt>
      <trkpt lat="43.360528" lon="-5.125937">
        <ele>163.509</ele>
        <time>2023-12-27T14:35:51Z</time>
      </trkpt>
      <trkpt lat="43.360455" lon="-5.125884">
        <ele>162.168</ele>
        <time>2023-12-27T14:36:31Z</time>
      </trkpt>
      <trkpt lat="43.360393" lon="-5.125838">
        <ele>161.152</ele>
        <time>2023-12-27T14:37:11Z</time>
      </trkpt>
      <trkpt lat="43.360342" lon="-5.125838">
        <ele>160.163</ele>
        <time>2023-12-27T14:37:51Z</time>
      </trkpt>
      <trkpt lat="43.360296" lon="-5.125798">
        <ele>159.153</ele>
        <time>2023-12-27T14:38:31Z</time>
      </trkpt>
      <trkpt lat="43.360182" lon="-5.125672">
        <ele>156.277</ele>
        <time>2023-12-27T14:39:11Z</time>
      </trkpt>
      <trkpt lat="43.360085" lon="-5.125586">
        <ele>154.392</ele>
        <time>2023-12-27T14:39:51Z</time>
      </trkpt>
      <trkpt lat="43.360005" lon="-5.125583">
        <ele>153.183</ele>
        <time>2023-12-27T14:40:31Z</time>
      </trkpt>
      <trkpt lat="43.359839" lon="-5.125629">
        <ele>149.560</ele>
        <time>2023-12-27T14:41:11Z</time>
      </trkpt>
      <trkpt lat="43.359718" lon="-5.125699">
        <ele>146.962</ele>
        <time>2023-12-27T14:41:51Z</time>
      </trkpt>
      <trkpt lat="43.359642" lon="-5.125750">
        <ele>145.427</ele>
        <time>2023-12-27T14:42:31Z</time>
      </trkpt>
      <trkpt lat="43.359590" lon="-5.125744">
        <ele>144.368</ele>
        <time>2023-12-27T14:43:11Z</time>
      </trkpt>
      <trkpt lat="43.359547" lon="-5.125728">
        <ele>143.414</ele>
        <time>2023-12-27T14:43:51Z</time>
      </trkpt>
      <trkpt lat="43.359535" lon="-5.125664">
        <ele>142.809</ele>
        <time>2023-12-27T14:44:31Z</time>
      </trkpt>
      <trkpt lat="43.359537" lon="-5.125549">
        <ele>142.223</ele>
        <time>2023-12-27T14:45:11Z</time>
      </trkpt>
      <trkpt lat="43.359576" lon="-5.125417">
        <ele>140.397</ele>
        <time>2023-12-27T14:45:51Z</time>
      </trkpt>
      <trkpt lat="43.359609" lon="-5.125299">
        <ele>138.428</ele>
        <time>2023-12-27T14:46:31Z</time>
      </trkpt>
      <trkpt lat="43.359623" lon="-5.125211">
        <ele>137.668</ele>
        <time>2023-12-27T14:47:11Z</time>
      </trkpt>
      <trkpt lat="43.359619" lon="-5.125149">
        <ele>136.952</ele>
        <time>2023-12-27T14:47:51Z</time>
      </trkpt>
      <trkpt lat="43.359597" lon="-5.125090">
        <ele>136.037</ele>
        <time>2023-12-27T14:48:31Z</time>
      </trkpt>
      <trkpt lat="43.359488" lon="-5.125023">
        <ele>133.838</ele>
        <time>2023-12-27T14:49:11Z</time>
      </trkpt>
      <trkpt lat="43.359410" lon="-5.125039">
        <ele>132.265</ele>
        <time>2023-12-27T14:49:51Z</time>
      </trkpt>
      <trkpt lat="43.359324" lon="-5.125095">
        <ele>130.127</ele>
        <time>2023-12-27T14:50:31Z</time>
      </trkpt>
      <trkpt lat="43.359242" lon="-5.125208">
        <ele>129.022</ele>
        <time>2023-12-27T14:51:11Z</time>
      </trkpt>
      <trkpt lat="43.359182" lon="-5.125288">
        <ele>128.562</ele>
        <time>2023-12-27T14:51:51Z</time>
      </trkpt>
      <trkpt lat="43.359139" lon="-5.125380">
        <ele>127.608</ele>
        <time>2023-12-27T14:52:31Z</time>
      </trkpt>
      <trkpt lat="43.359102" lon="-5.125487">
        <ele>127.209</ele>
        <time>2023-12-27T14:53:11Z</time>
      </trkpt>
      <trkpt lat="43.359061" lon="-5.125551">
        <ele>126.513</ele>
        <time>2023-12-27T14:53:51Z</time>
      </trkpt>
      <trkpt lat="43.359014" lon="-5.125650">
        <ele>125.997</ele>
        <time>2023-12-27T14:54:31Z</time>
      </trkpt>
      <trkpt lat="43.358967" lon="-5.125742">
        <ele>125.418</ele>
        <time>2023-12-27T14:55:11Z</time>
      </trkpt>
      <trkpt lat="43.358936" lon="-5.125862">
        <ele>125.188</ele>
        <time>2023-12-27T14:55:51Z</time>
      </trkpt>
      <trkpt lat="43.358923" lon="-5.125983">
        <ele>123.412</ele>
        <time>2023-12-27T14:56:31Z</time>
      </trkpt>
      <trkpt lat="43.358942" lon="-5.126104">
        <ele>122.847</ele>
        <time>2023-12-27T14:57:11Z</time>
      </trkpt>
      <trkpt lat="43.358991" lon="-5.126235">
        <ele>121.888</ele>
        <time>2023-12-27T14:57:51Z</time>
      </trkpt>
      <trkpt lat="43.359026" lon="-5.126353">
        <ele>120.275</ele>
        <time>2023-12-27T14:58:31Z</time>
      </trkpt>
      <trkpt lat="43.359084" lon="-5.126460">
        <ele>119.557</ele>
        <time>2023-12-27T14:59:11Z</time>
      </trkpt>
      <trkpt lat="43.359147" lon="-5.126616">
        <ele>117.734</ele>
        <time>2023-12-27T14:59:51Z</time>
      </trkpt>
      <trkpt lat="43.359161" lon="-5.126702">
        <ele>117.155</ele>
        <time>2023-12-27T15:00:31Z</time>
      </trkpt>
      <trkpt lat="43.359161" lon="-5.126798">
        <ele>117.810</ele>
        <time>2023-12-27T15:01:11Z</time>
      </trkpt>
      <trkpt lat="43.359118" lon="-5.126946">
        <ele>116.909</ele>
        <time>2023-12-27T15:01:51Z</time>
      </trkpt>
      <trkpt lat="43.359026" lon="-5.127067">
        <ele>114.534</ele>
        <time>2023-12-27T15:02:31Z</time>
      </trkpt>
      <trkpt lat="43.358954" lon="-5.127206">
        <ele>112.928</ele>
        <time>2023-12-27T15:03:11Z</time>
      </trkpt>
      <trkpt lat="43.358858" lon="-5.127356">
        <ele>109.629</ele>
        <time>2023-12-27T15:03:51Z</time>
      </trkpt>
      <trkpt lat="43.358772" lon="-5.127520">
        <ele>106.749</ele>
        <time>2023-12-27T15:04:31Z</time>
      </trkpt>
      <trkpt lat="43.358698" lon="-5.127700">
        <ele>104.743</ele>
        <time>2023-12-27T15:05:11Z</time>
      </trkpt>
      <trkpt lat="43.358626" lon="-5.127895">
        <ele>103.468</ele>
        <time>2023-12-27T15:05:51Z</time>
      </trkpt>
      <trkpt lat="43.358579" lon="-5.127984">
        <ele>102.689</ele>
        <time>2023-12-27T15:06:31Z</time>
      </trkpt>
      <trkpt lat="43.358515" lon="-5.128134">
        <ele>100.526</ele>
        <time>2023-12-27T15:07:11Z</time>
      </trkpt>
      <trkpt lat="43.358488" lon="-5.128241">
        <ele>99.238</ele>
        <time>2023-12-27T15:07:51Z</time>
      </trkpt>
      <trkpt lat="43.358472" lon="-5.128338">
        <ele>98.464</ele>
        <time>2023-12-27T15:08:31Z</time>
      </trkpt>
      <trkpt lat="43.358445" lon="-5.128453">
        <ele>95.906</ele>
        <time>2023-12-27T15:09:11Z</time>
      </trkpt>
      <trkpt lat="43.358412" lon="-5.128539">
        <ele>93.516</ele>
        <time>2023-12-27T15:09:51Z</time>
      </trkpt>
      <trkpt lat="43.358382" lon="-5.128641">
        <ele>91.209</ele>
        <time>2023-12-27T15:10:31Z</time>
      </trkpt>
      <trkpt lat="43.358359" lon="-5.128735">
        <ele>89.927</ele>
        <time>2023-12-27T15:11:11Z</time>
      </trkpt>
      <trkpt lat="43.358302" lon="-5.128848">
        <ele>87.491</ele>
        <time>2023-12-27T15:11:51Z</time>
      </trkpt>
      <trkpt lat="43.358244" lon="-5.128928">
        <ele>86.062</ele>
        <time>2023-12-27T15:12:31Z</time>
      </trkpt>
      <trkpt lat="43.358150" lon="-5.129025">
        <ele>83.942</ele>
        <time>2023-12-27T15:13:11Z</time>
      </trkpt>
      <trkpt lat="43.358119" lon="-5.129089">
        <ele>83.126</ele>
        <time>2023-12-27T15:13:51Z</time>
      </trkpt>
      <trkpt lat="43.358076" lon="-5.129186">
        <ele>81.871</ele>
        <time>2023-12-27T15:14:31Z</time>
      </trkpt>
      <trkpt lat="43.357916" lon="-5.129518">
        <ele>80.452</ele>
        <time>2023-12-27T15:15:11Z</time>
      </trkpt>
      <trkpt lat="43.357838" lon="-5.129668">
        <ele>78.779</ele>
        <time>2023-12-27T15:15:51Z</time>
      </trkpt>
      <trkpt lat="43.357741" lon="-5.129821">
        <ele>76.941</ele>
        <time>2023-12-27T15:16:31Z</time>
      </trkpt>
      <trkpt lat="43.357667" lon="-5.129878">
        <ele>76.775</ele>
        <time>2023-12-27T15:17:11Z</time>
      </trkpt>
      <trkpt lat="43.357468" lon="-5.130081">
        <ele>74.728</ele>
        <time>2023-12-27T15:17:51Z</time>
      </trkpt>
      <trkpt lat="43.357290" lon="-5.130229">
        <ele>73.620</ele>
        <time>2023-12-27T15:18:31Z</time>
      </trkpt>
      <trkpt lat="43.357136" lon="-5.130307">
        <ele>72.509</ele>
        <time>2023-12-27T15:19:11Z</time>
      </trkpt>
      <trkpt lat="43.357039" lon="-5.130374">
        <ele>72.188</ele>
        <time>2023-12-27T15:19:51Z</time>
      </trkpt>
      <trkpt lat="43.357004" lon="-5.130409">
        <ele>72.032</ele>
        <time>2023-12-27T15:20:31Z</time>
      </trkpt>
      <trkpt lat="43.356971" lon="-5.130473">
        <ele>72.023</ele>
        <time>2023-12-27T15:21:11Z</time>
      </trkpt>
      <trkpt lat="43.356967" lon="-5.130551">
        <ele>71.933</ele>
        <time>2023-12-27T15:21:51Z</time>
      </trkpt>
      <trkpt lat="43.356980" lon="-5.130647">
        <ele>71.387</ele>
        <time>2023-12-27T15:22:31Z</time>
      </trkpt>
      <trkpt lat="43.357013" lon="-5.130827">
        <ele>70.022</ele>
        <time>2023-12-27T15:23:11Z</time>
      </trkpt>
      <trkpt lat="43.357041" lon="-5.131018">
        <ele>68.983</ele>
        <time>2023-12-27T15:23:51Z</time>
      </trkpt>
      <trkpt lat="43.357045" lon="-5.131160">
        <ele>68.440</ele>
        <time>2023-12-27T15:24:31Z</time>
      </trkpt>
      <trkpt lat="43.357035" lon="-5.131372">
        <ele>68.312</ele>
        <time>2023-12-27T15:25:11Z</time>
      </trkpt>
      <trkpt lat="43.357025" lon="-5.131554">
        <ele>67.735</ele>
        <time>2023-12-27T15:25:51Z</time>
      </trkpt>
      <trkpt lat="43.357035" lon="-5.131801">
        <ele>66.586</ele>
        <time>2023-12-27T15:26:31Z</time>
      </trkpt>
      <trkpt lat="43.357054" lon="-5.132147">
        <ele>64.914</ele>
        <time>2023-12-27T15:27:11Z</time>
      </trkpt>
      <trkpt lat="43.357062" lon="-5.132305">
        <ele>63.609</ele>
        <time>2023-12-27T15:27:51Z</time>
      </trkpt>
      <trkpt lat="43.357060" lon="-5.132423">
        <ele>62.344</ele>
        <time>2023-12-27T15:28:31Z</time>
      </trkpt>
      <trkpt lat="43.357056" lon="-5.132501">
        <ele>61.418</ele>
        <time>2023-12-27T15:29:11Z</time>
      </trkpt>
      <trkpt lat="43.357052" lon="-5.132581">
        <ele>61.479</ele>
        <time>2023-12-27T15:29:51Z</time>
      </trkpt>
      <trkpt lat="43.357070" lon="-5.132726">
        <ele>61.529</ele>
        <time>2023-12-27T15:30:31Z</time>
      </trkpt>
      <trkpt lat="43.357064" lon="-5.133067">
        <ele>60.813</ele>
        <time>2023-12-27T15:31:11Z</time>
      </trkpt>
      <trkpt lat="43.357064" lon="-5.133305">
        <ele>59.528</ele>
        <time>2023-12-27T15:31:51Z</time>
      </trkpt>
      <trkpt lat="43.357054" lon="-5.133442">
        <ele>57.529</ele>
        <time>2023-12-27T15:32:31Z</time>
      </trkpt>
      <trkpt lat="43.357033" lon="-5.133461">
        <ele>57.056</ele>
        <time>2023-12-27T15:33:11Z</time>
      </trkpt>
      <trkpt lat="43.357006" lon="-5.133415">
        <ele>57.498</ele>
        <time>2023-12-27T15:33:51Z</time>
      </trkpt>
      <trkpt lat="43.356996" lon="-5.133359">
        <ele>58.212</ele>
        <time>2023-12-27T15:34:31Z</time>
      </trkpt>
      <trkpt lat="43.356976" lon="-5.133311">
        <ele>58.532</ele>
        <time>2023-12-27T15:35:11Z</time>
      </trkpt>
      <trkpt lat="43.356959" lon="-5.133263">
        <ele>58.605</ele>
        <time>2023-12-27T15:35:51Z</time>
      </trkpt>
      <trkpt lat="43.356928" lon="-5.133265">
        <ele>58.409</ele>
        <time>2023-12-27T15:36:31Z</time>
      </trkpt>
      <trkpt lat="43.356898" lon="-5.133305">
        <ele>58.122</ele>
        <time>2023-12-27T15:37:11Z</time>
      </trkpt>
      <trkpt lat="43.356871" lon="-5.133364">
        <ele>57.386</ele>
        <time>2023-12-27T15:37:51Z</time>
      </trkpt>
      <trkpt lat="43.356832" lon="-5.133373">
        <ele>57.077</ele>
        <time>2023-12-27T15:38:31Z</time>
      </trkpt>
      <trkpt lat="43.356756" lon="-5.133340">
        <ele>57.297</ele>
        <time>2023-12-27T15:39:11Z</time>
      </trkpt>
      <trkpt lat="43.356528" lon="-5.133238">
        <ele>57.261</ele>
        <time>2023-12-27T15:39:51Z</time>
      </trkpt>
      <trkpt lat="43.356368" lon="-5.133145">
        <ele>57.656</ele>
        <time>2023-12-27T15:40:31Z</time>
      </trkpt>
      <trkpt lat="43.356142" lon="-5.133040">
        <ele>58.227</ele>
        <time>2023-12-27T15:41:11Z</time>
      </trkpt>
      <trkpt lat="43.355888" lon="-5.132898">
        <ele>57.614</ele>
        <time>2023-12-27T15:41:51Z</time>
      </trkpt>
      <trkpt lat="43.355722" lon="-5.132777">
        <ele>58.286</ele>
        <time>2023-12-27T15:42:31Z</time>
      </trkpt>
      <trkpt lat="43.355516" lon="-5.132622">
        <ele>58.316</ele>
        <time>2023-12-27T15:43:11Z</time>
      </trkpt>
      <trkpt lat="43.355149" lon="-5.132353">
        <ele>57.976</ele>
        <time>2023-12-27T15:43:51Z</time>
      </trkpt>
      <trkpt lat="43.354782" lon="-5.132093">
        <ele>58.213</ele>
        <time>2023-12-27T15:44:31Z</time>
      </trkpt>
      <trkpt lat="43.354601" lon="-5.131940">
        <ele>59.209</ele>
        <time>2023-12-27T15:45:11Z</time>
      </trkpt>
      <trkpt lat="43.354425" lon="-5.131871">
        <ele>58.752</ele>
        <time>2023-12-27T15:45:51Z</time>
      </trkpt>
      <trkpt lat="43.354230" lon="-5.131782">
        <ele>58.716</ele>
        <time>2023-12-27T15:46:31Z</time>
      </trkpt>
      <trkpt lat="43.354090" lon="-5.131731">
        <ele>58.967</ele>
        <time>2023-12-27T15:47:11Z</time>
      </trkpt>
      <trkpt lat="43.353987" lon="-5.131696">
        <ele>59.077</ele>
        <time>2023-12-27T15:47:51Z</time>
      </trkpt>
      <trkpt lat="43.353881" lon="-5.131661">
        <ele>59.011</ele>
        <time>2023-12-27T15:48:31Z</time>
      </trkpt>
      <trkpt lat="43.353768" lon="-5.131648">
        <ele>58.886</ele>
        <time>2023-12-27T15:49:11Z</time>
      </trkpt>
      <trkpt lat="43.353671" lon="-5.131653">
        <ele>58.457</ele>
        <time>2023-12-27T15:49:51Z</time>
      </trkpt>
      <trkpt lat="43.353600" lon="-5.131669">
        <ele>58.084</ele>
        <time>2023-12-27T15:50:31Z</time>
      </trkpt>
      <trkpt lat="43.353446" lon="-5.131685">
        <ele>57.866</ele>
        <time>2023-12-27T15:51:11Z</time>
      </trkpt>
      <trkpt lat="43.353308" lon="-5.131720">
        <ele>57.572</ele>
        <time>2023-12-27T15:51:51Z</time>
      </trkpt>
      <trkpt lat="43.353160" lon="-5.131723">
        <ele>58.013</ele>
        <time>2023-12-27T15:52:31Z</time>
      </trkpt>
      <trkpt lat="43.353058" lon="-5.131747">
        <ele>58.114</ele>
        <time>2023-12-27T15:53:11Z</time>
      </trkpt>
      <trkpt lat="43.352922" lon="-5.131726">
        <ele>58.709</ele>
        <time>2023-12-27T15:53:51Z</time>
      </trkpt>
      <trkpt lat="43.352725" lon="-5.131710">
        <ele>59.488</ele>
        <time>2023-12-27T15:54:31Z</time>
      </trkpt>
      <trkpt lat="43.352549" lon="-5.131675">
        <ele>59.972</ele>
        <time>2023-12-27T15:55:11Z</time>
      </trkpt>
      <trkpt lat="43.352436" lon="-5.131659">
        <ele>59.833</ele>
        <time>2023-12-27T15:55:51Z</time>
      </trkpt>
      <trkpt lat="43.352331" lon="-5.131632">
        <ele>59.633</ele>
        <time>2023-12-27T15:56:31Z</time>
      </trkpt>
      <trkpt lat="43.352245" lon="-5.131586">
        <ele>59.987</ele>
        <time>2023-12-27T15:57:11Z</time>
      </trkpt>
      <trkpt lat="43.352161" lon="-5.131519">
        <ele>60.022</ele>
        <time>2023-12-27T15:57:51Z</time>
      </trkpt>
      <trkpt lat="43.352046" lon="-5.131361">
        <ele>60.233</ele>
        <time>2023-12-27T15:58:31Z</time>
      </trkpt>
      <trkpt lat="43.351974" lon="-5.131256">
        <ele>60.290</ele>
        <time>2023-12-27T15:59:11Z</time>
      </trkpt>
      <trkpt lat="43.351935" lon="-5.131165">
        <ele>60.532</ele>
        <time>2023-12-27T15:59:51Z</time>
      </trkpt>
      <trkpt lat="43.351906" lon="-5.131095">
        <ele>60.528</ele>
        <time>2023-12-27T16:00:31Z</time>
      </trkpt>
      <trkpt lat="43.351746" lon="-5.131195">
        <ele>58.489</ele>
        <time>2023-12-27T16:01:11Z</time>
      </trkpt>
      <trkpt lat="43.351580" lon="-5.131288">
        <ele>59.417</ele>
        <time>2023-12-27T16:01:51Z</time>
      </trkpt>
      <trkpt lat="43.351531" lon="-5.131358">
        <ele>60.409</ele>
        <time>2023-12-27T16:02:31Z</time>
      </trkpt>
      <trkpt lat="43.351535" lon="-5.131476">
        <ele>60.443</ele>
        <time>2023-12-27T16:03:11Z</time>
      </trkpt>
      <trkpt lat="43.351529" lon="-5.131546">
        <ele>60.587</ele>
        <time>2023-12-27T16:03:51Z</time>
      </trkpt>
      <trkpt lat="43.351467" lon="-5.131610">
        <ele>61.218</ele>
        <time>2023-12-27T16:04:31Z</time>
      </trkpt>
      <trkpt lat="43.351397" lon="-5.131669">
        <ele>61.918</ele>
        <time>2023-12-27T16:05:11Z</time>
      </trkpt>
      <trkpt lat="43.351330" lon="-5.131702">
        <ele>61.452</ele>
        <time>2023-12-27T16:05:51Z</time>
      </trkpt>
      <trkpt lat="43.351123" lon="-5.131731">
        <ele>60.887</ele>
        <time>2023-12-27T16:06:31Z</time>
      </trkpt>
      <trkpt lat="43.350956" lon="-5.131734">
        <ele>61.178</ele>
        <time>2023-12-27T16:07:11Z</time>
      </trkpt>
      <trkpt lat="43.350759" lon="-5.131702">
        <ele>62.175</ele>
        <time>2023-12-27T16:07:51Z</time>
      </trkpt>
      <trkpt lat="43.350675" lon="-5.131685">
        <ele>62.697</ele>
        <time>2023-12-27T16:08:31Z</time>
      </trkpt>
      <trkpt lat="43.350669" lon="-5.131632">
        <ele>63.141</ele>
        <time>2023-12-27T16:09:11Z</time>
      </trkpt>
      <trkpt lat="43.350651" lon="-5.131565">
        <ele>63.481</ele>
        <time>2023-12-27T16:09:51Z</time>
      </trkpt>
      <trkpt lat="43.350577" lon="-5.131551">
        <ele>63.409</ele>
        <time>2023-12-27T16:10:31Z</time>
      </trkpt>
      <trkpt lat="43.350458" lon="-5.131543">
        <ele>63.409</ele>
        <time>2023-12-27T16:11:11Z</time>
      </trkpt>
      <trkpt lat="43.350298" lon="-5.131538">
        <ele>63.585</ele>
        <time>2023-12-27T16:11:51Z</time>
      </trkpt>
      <trkpt lat="43.350252" lon="-5.131519">
        <ele>63.599</ele>
        <time>2023-12-27T16:12:31Z</time>
      </trkpt>
      <trkpt lat="43.350228" lon="-5.131482">
        <ele>63.790</ele>
        <time>2023-12-27T16:13:11Z</time>
      </trkpt>
      <trkpt lat="43.350209" lon="-5.131439">
        <ele>64.060</ele>
        <time>2023-12-27T16:13:51Z</time>
      </trkpt>
      <trkpt lat="43.350179" lon="-5.131441">
        <ele>64.074</ele>
        <time>2023-12-27T16:14:31Z</time>
      </trkpt>
      <trkpt lat="43.350172" lon="-5.131495">
        <ele>63.759</ele>
        <time>2023-12-27T16:15:11Z</time>
      </trkpt>
      <trkpt lat="43.350183" lon="-5.131702">
        <ele>61.970</ele>
        <time>2023-12-27T16:15:51Z</time>
      </trkpt>
      <trkpt lat="43.350179" lon="-5.132034">
        <ele>57.117</ele>
        <time>2023-12-27T16:16:31Z</time>
      </trkpt>
      <trkpt lat="43.350185" lon="-5.132391">
        <ele>60.459</ele>
        <time>2023-12-27T16:17:11Z</time>
      </trkpt>
      <trkpt lat="43.350189" lon="-5.132691">
        <ele>62.773</ele>
        <time>2023-12-27T16:17:51Z</time>
      </trkpt>
      <trkpt lat="43.350193" lon="-5.132871">
        <ele>64.085</ele>
        <time>2023-12-27T16:18:31Z</time>
      </trkpt>
      <trkpt lat="43.350174" lon="-5.132943">
        <ele>64.713</ele>
        <time>2023-12-27T16:19:11Z</time>
      </trkpt>
      <trkpt lat="43.350051" lon="-5.133027">
        <ele>64.409</ele>
        <time>2023-12-27T16:19:51Z</time>
      </trkpt>
      <trkpt lat="43.349883" lon="-5.133145">
        <ele>64.978</ele>
        <time>2023-12-27T16:20:31Z</time>
      </trkpt>
      <trkpt lat="43.349811" lon="-5.133171">
        <ele>64.892</ele>
        <time>2023-12-27T16:21:11Z</time>
      </trkpt>
      <trkpt lat="43.349795" lon="-5.133120">
        <ele>64.443</ele>
        <time>2023-12-27T16:21:51Z</time>
      </trkpt>
      <trkpt lat="43.349789" lon="-5.133061">
        <ele>64.033</ele>
        <time>2023-12-27T16:22:31Z</time>
      </trkpt>
      <trkpt lat="43.349780" lon="-5.132976">
        <ele>63.787</ele>
        <time>2023-12-27T16:23:11Z</time>
      </trkpt>
      <trkpt lat="43.349772" lon="-5.132927">
        <ele>63.542</ele>
        <time>2023-12-27T16:23:51Z</time>
      </trkpt>
      <trkpt lat="43.349743" lon="-5.132876">
        <ele>63.453</ele>
        <time>2023-12-27T16:24:31Z</time>
      </trkpt>
      <trkpt lat="43.349700" lon="-5.132850">
        <ele>63.350</ele>
        <time>2023-12-27T16:25:11Z</time>
      </trkpt>
      <trkpt lat="43.349628" lon="-5.132828">
        <ele>63.292</ele>
        <time>2023-12-27T16:25:51Z</time>
      </trkpt>
      <trkpt lat="43.349489" lon="-5.132791">
        <ele>63.091</ele>
        <time>2023-12-27T16:26:31Z</time>
      </trkpt>
      <trkpt lat="43.349399" lon="-5.132761">
        <ele>63.181</ele>
        <time>2023-12-27T16:27:11Z</time>
      </trkpt>
      <trkpt lat="43.349239" lon="-5.132745">
        <ele>63.419</ele>
        <time>2023-12-27T16:27:51Z</time>
      </trkpt>
      <trkpt lat="43.349128" lon="-5.132731">
        <ele>63.509</ele>
        <time>2023-12-27T16:28:31Z</time>
      </trkpt>
      <trkpt lat="43.349005" lon="-5.132740">
        <ele>63.530</ele>
        <time>2023-12-27T16:29:11Z</time>
      </trkpt>
      <trkpt lat="43.348888" lon="-5.132750">
        <ele>63.614</ele>
        <time>2023-12-27T16:29:51Z</time>
      </trkpt>
      <trkpt lat="43.348767" lon="-5.132745">
        <ele>63.055</ele>
        <time>2023-12-27T16:30:31Z</time>
      </trkpt>
      <trkpt lat="43.348596" lon="-5.132740">
        <ele>62.435</ele>
        <time>2023-12-27T16:31:11Z</time>
      </trkpt>
      <trkpt lat="43.348455" lon="-5.132707">
        <ele>62.429</ele>
        <time>2023-12-27T16:31:51Z</time>
      </trkpt>
      <trkpt lat="43.348319" lon="-5.132686">
        <ele>62.724</ele>
        <time>2023-12-27T16:32:31Z</time>
      </trkpt>
      <trkpt lat="43.348262" lon="-5.132670">
        <ele>62.665</ele>
        <time>2023-12-27T16:33:11Z</time>
      </trkpt>
      <trkpt lat="43.348159" lon="-5.132659">
        <ele>62.612</ele>
        <time>2023-12-27T16:33:51Z</time>
      </trkpt>
      <trkpt lat="43.348040" lon="-5.132651">
        <ele>62.834</ele>
        <time>2023-12-27T16:34:31Z</time>
      </trkpt>
      <trkpt lat="43.347802" lon="-5.132683">
        <ele>64.278</ele>
        <time>2023-12-27T16:35:11Z</time>
      </trkpt>
      <trkpt lat="43.347773" lon="-5.132686">
        <ele>64.333</ele>
        <time>2023-12-27T16:35:51Z</time>
      </trkpt>
      <trkpt lat="43.347581" lon="-5.132667">
        <ele>64.026</ele>
        <time>2023-12-27T16:36:31Z</time>
      </trkpt>
      <trkpt lat="43.347367" lon="-5.132646">
        <ele>64.109</ele>
        <time>2023-12-27T16:37:11Z</time>
      </trkpt>
      <trkpt lat="43.347209" lon="-5.132648">
        <ele>64.618</ele>
        <time>2023-12-27T16:37:51Z</time>
      </trkpt>
      <trkpt lat="43.347094" lon="-5.132654">
        <ele>64.732</ele>
        <time>2023-12-27T16:38:31Z</time>
      </trkpt>
      <trkpt lat="43.346834" lon="-5.132654">
        <ele>64.873</ele>
        <time>2023-12-27T16:39:11Z</time>
      </trkpt>
      <trkpt lat="43.346712" lon="-5.132632">
        <ele>64.993</ele>
        <time>2023-12-27T16:39:51Z</time>
      </trkpt>
      <trkpt lat="43.346600" lon="-5.132619">
        <ele>65.137</ele>
        <time>2023-12-27T16:40:31Z</time>
      </trkpt>
      <trkpt lat="43.346515" lon="-5.132613">
        <ele>65.492</ele>
        <time>2023-12-27T16:41:11Z</time>
      </trkpt>
      <trkpt lat="43.346382" lon="-5.132589">
        <ele>65.763</ele>
        <time>2023-12-27T16:41:51Z</time>
      </trkpt>
      <trkpt lat="43.346220" lon="-5.132552">
        <ele>65.970</ele>
        <time>2023-12-27T16:42:31Z</time>
      </trkpt>
      <trkpt lat="43.346087" lon="-5.132541">
        <ele>66.152</ele>
        <time>2023-12-27T16:43:11Z</time>
      </trkpt>
      <trkpt lat="43.345808" lon="-5.132506">
        <ele>66.033</ele>
        <time>2023-12-27T16:43:51Z</time>
      </trkpt>
      <trkpt lat="43.345319" lon="-5.132442">
        <ele>64.823</ele>
        <time>2023-12-27T16:44:31Z</time>
      </trkpt>
      <trkpt lat="43.345069" lon="-5.132428">
        <ele>64.415</ele>
        <time>2023-12-27T16:45:11Z</time>
      </trkpt>
      <trkpt lat="43.344890" lon="-5.132453">
        <ele>64.609</ele>
        <time>2023-12-27T16:45:51Z</time>
      </trkpt>
      <trkpt lat="43.344660" lon="-5.132498">
        <ele>64.714</ele>
        <time>2023-12-27T16:46:31Z</time>
      </trkpt>
      <trkpt lat="43.344404" lon="-5.132541">
        <ele>64.518</ele>
        <time>2023-12-27T16:47:11Z</time>
      </trkpt>
      <trkpt lat="43.344310" lon="-5.132544">
        <ele>64.619</ele>
        <time>2023-12-27T16:47:51Z</time>
      </trkpt>
      <trkpt lat="43.344088" lon="-5.132544">
        <ele>64.329</ele>
        <time>2023-12-27T16:48:31Z</time>
      </trkpt>
      <trkpt lat="43.343719" lon="-5.132552">
        <ele>63.733</ele>
        <time>2023-12-27T16:49:11Z</time>
      </trkpt>
      <trkpt lat="43.343581" lon="-5.132528">
        <ele>63.388</ele>
        <time>2023-12-27T16:49:51Z</time>
      </trkpt>
      <trkpt lat="43.343515" lon="-5.132533">
        <ele>63.139</ele>
        <time>2023-12-27T16:50:31Z</time>
      </trkpt>
      <trkpt lat="43.343474" lon="-5.132536">
        <ele>63.096</ele>
        <time>2023-12-27T16:51:11Z</time>
      </trkpt>
      <trkpt lat="43.343417" lon="-5.132546">
        <ele>63.038</ele>
        <time>2023-12-27T16:51:51Z</time>
      </trkpt>
      <trkpt lat="43.343327" lon="-5.132597">
        <ele>63.479</ele>
        <time>2023-12-27T16:52:31Z</time>
      </trkpt>
      <trkpt lat="43.343249" lon="-5.132656">
        <ele>64.505</ele>
        <time>2023-12-27T16:53:11Z</time>
      </trkpt>
      <trkpt lat="43.343105" lon="-5.132742">
        <ele>66.325</ele>
        <time>2023-12-27T16:53:51Z</time>
      </trkpt>
      <trkpt lat="43.343011" lon="-5.132772">
        <ele>66.809</ele>
        <time>2023-12-27T16:54:31Z</time>
      </trkpt>
      <trkpt lat="43.342922" lon="-5.132788">
        <ele>66.698</ele>
        <time>2023-12-27T16:55:11Z</time>
      </trkpt>
      <trkpt lat="43.342859" lon="-5.132812">
        <ele>66.542</ele>
        <time>2023-12-27T16:55:51Z</time>
      </trkpt>
      <trkpt lat="43.342814" lon="-5.132866">
        <ele>66.753</ele>
        <time>2023-12-27T16:56:31Z</time>
      </trkpt>
      <trkpt lat="43.342662" lon="-5.133002">
        <ele>67.623</ele>
        <time>2023-12-27T16:57:11Z</time>
      </trkpt>
      <trkpt lat="43.342510" lon="-5.133128">
        <ele>68.397</ele>
        <time>2023-12-27T16:57:51Z</time>
      </trkpt>
      <trkpt lat="43.342449" lon="-5.133260">
        <ele>68.832</ele>
        <time>2023-12-27T16:58:31Z</time>
      </trkpt>
      <trkpt lat="43.342362" lon="-5.133413">
        <ele>69.063</ele>
        <time>2023-12-27T16:59:11Z</time>
      </trkpt>
      <trkpt lat="43.342284" lon="-5.133483">
        <ele>69.020</ele>
        <time>2023-12-27T16:59:51Z</time>
      </trkpt>
      <trkpt lat="43.342211" lon="-5.133592">
        <ele>69.022</ele>
        <time>2023-12-27T17:00:31Z</time>
      </trkpt>
      <trkpt lat="43.342172" lon="-5.133657">
        <ele>69.057</ele>
        <time>2023-12-27T17:01:11Z</time>
      </trkpt>
      <trkpt lat="43.342149" lon="-5.133700">
        <ele>69.100</ele>
        <time>2023-12-27T17:01:51Z</time>
      </trkpt>
      <trkpt lat="43.342143" lon="-5.133783">
        <ele>69.220</ele>
        <time>2023-12-27T17:02:31Z</time>
      </trkpt>
      <trkpt lat="43.342147" lon="-5.133917">
        <ele>69.509</ele>
        <time>2023-12-27T17:03:11Z</time>
      </trkpt>
      <trkpt lat="43.342153" lon="-5.134057">
        <ele>70.546</ele>
        <time>2023-12-27T17:03:51Z</time>
      </trkpt>
      <trkpt lat="43.342128" lon="-5.134124">
        <ele>71.010</ele>
        <time>2023-12-27T17:04:31Z</time>
      </trkpt>
      <trkpt lat="43.342102" lon="-5.134169">
        <ele>71.531</ele>
        <time>2023-12-27T17:05:11Z</time>
      </trkpt>
      <trkpt lat="43.342052" lon="-5.134228">
        <ele>72.871</ele>
        <time>2023-12-27T17:05:51Z</time>
      </trkpt>
      <trkpt lat="43.341997" lon="-5.134260">
        <ele>73.975</ele>
        <time>2023-12-27T17:06:31Z</time>
      </trkpt>
      <trkpt lat="43.341954" lon="-5.134271">
        <ele>74.590</ele>
        <time>2023-12-27T17:07:11Z</time>
      </trkpt>
      <trkpt lat="43.341888" lon="-5.134276">
        <ele>75.331</ele>
        <time>2023-12-27T17:07:51Z</time>
      </trkpt>
      <trkpt lat="43.341753" lon="-5.134260">
        <ele>76.288</ele>
        <time>2023-12-27T17:08:31Z</time>
      </trkpt>
      <trkpt lat="43.341671" lon="-5.134244">
        <ele>76.520</ele>
        <time>2023-12-27T17:09:11Z</time>
      </trkpt>
      <trkpt lat="43.341535" lon="-5.134258">
        <ele>77.848</ele>
        <time>2023-12-27T17:09:51Z</time>
      </trkpt>
      <trkpt lat="43.341406" lon="-5.134290">
        <ele>79.561</ele>
        <time>2023-12-27T17:10:31Z</time>
      </trkpt>
      <trkpt lat="43.341252" lon="-5.134362">
        <ele>81.517</ele>
        <time>2023-12-27T17:11:11Z</time>
      </trkpt>
      <trkpt lat="43.341088" lon="-5.134464">
        <ele>84.309</ele>
        <time>2023-12-27T17:11:51Z</time>
      </trkpt>
      <trkpt lat="43.340893" lon="-5.134601">
        <ele>86.725</ele>
        <time>2023-12-27T17:12:31Z</time>
      </trkpt>
      <trkpt lat="43.340709" lon="-5.134751">
        <ele>90.129</ele>
        <time>2023-12-27T17:13:11Z</time>
      </trkpt>
      <trkpt lat="43.340510" lon="-5.134917">
        <ele>92.080</ele>
        <time>2023-12-27T17:13:51Z</time>
      </trkpt>
      <trkpt lat="43.340083" lon="-5.135390">
        <ele>93.360</ele>
        <time>2023-12-27T17:14:31Z</time>
      </trkpt>
      <trkpt lat="43.340036" lon="-5.135510">
        <ele>94.614</ele>
        <time>2023-12-27T17:15:11Z</time>
      </trkpt>
      <trkpt lat="43.340033" lon="-5.135626">
        <ele>96.619</ele>
        <time>2023-12-27T17:15:51Z</time>
      </trkpt>
      <trkpt lat="43.340066" lon="-5.135736">
        <ele>98.850</ele>
        <time>2023-12-27T17:16:31Z</time>
      </trkpt>
      <trkpt lat="43.340191" lon="-5.135883">
        <ele>103.327</ele>
        <time>2023-12-27T17:17:11Z</time>
      </trkpt>
      <trkpt lat="43.340341" lon="-5.135945">
        <ele>107.779</ele>
        <time>2023-12-27T17:17:51Z</time>
      </trkpt>
      <trkpt lat="43.340446" lon="-5.135937">
        <ele>108.887</ele>
        <time>2023-12-27T17:18:31Z</time>
      </trkpt>
      <trkpt lat="43.340694" lon="-5.135862">
        <ele>109.942</ele>
        <time>2023-12-27T17:19:11Z</time>
      </trkpt>
      <trkpt lat="43.340953" lon="-5.135787">
        <ele>112.126</ele>
        <time>2023-12-27T17:19:51Z</time>
      </trkpt>
      <trkpt lat="43.341068" lon="-5.135773">
        <ele>113.709</ele>
        <time>2023-12-27T17:20:31Z</time>
      </trkpt>
      <trkpt lat="43.341150" lon="-5.135795">
        <ele>115.689</ele>
        <time>2023-12-27T17:21:11Z</time>
      </trkpt>
      <trkpt lat="43.341156" lon="-5.135837">
        <ele>116.763</ele>
        <time>2023-12-27T17:21:51Z</time>
      </trkpt>
      <trkpt lat="43.341139" lon="-5.135899">
        <ele>118.124</ele>
        <time>2023-12-27T17:22:31Z</time>
      </trkpt>
      <trkpt lat="43.341068" lon="-5.135996">
        <ele>119.544</ele>
        <time>2023-12-27T17:23:11Z</time>
      </trkpt>
      <trkpt lat="43.340949" lon="-5.136087">
        <ele>120.538</ele>
        <time>2023-12-27T17:23:51Z</time>
      </trkpt>
      <trkpt lat="43.340828" lon="-5.136192">
        <ele>122.013</ele>
        <time>2023-12-27T17:24:31Z</time>
      </trkpt>
      <trkpt lat="43.340659" lon="-5.136336">
        <ele>124.244</ele>
        <time>2023-12-27T17:25:11Z</time>
      </trkpt>
      <trkpt lat="43.340637" lon="-5.136385">
        <ele>125.541</ele>
        <time>2023-12-27T17:25:51Z</time>
      </trkpt>
      <trkpt lat="43.340657" lon="-5.136492">
        <ele>127.733</ele>
        <time>2023-12-27T17:26:31Z</time>
      </trkpt>
      <trkpt lat="43.340707" lon="-5.136656">
        <ele>131.418</ele>
        <time>2023-12-27T17:27:11Z</time>
      </trkpt>
      <trkpt lat="43.340733" lon="-5.136827">
        <ele>135.098</ele>
        <time>2023-12-27T17:27:51Z</time>
      </trkpt>
      <trkpt lat="43.340760" lon="-5.136980">
        <ele>138.217</ele>
        <time>2023-12-27T17:28:31Z</time>
      </trkpt>
      <trkpt lat="43.340799" lon="-5.137163">
        <ele>142.009</ele>
        <time>2023-12-27T17:29:11Z</time>
      </trkpt>
      <trkpt lat="43.340803" lon="-5.137302">
        <ele>144.092</ele>
        <time>2023-12-27T17:29:51Z</time>
      </trkpt>
      <trkpt lat="43.340813" lon="-5.137450">
        <ele>145.956</ele>
        <time>2023-12-27T17:30:31Z</time>
      </trkpt>
      <trkpt lat="43.340825" lon="-5.137645">
        <ele>148.457</ele>
        <time>2023-12-27T17:31:11Z</time>
      </trkpt>
      <trkpt lat="43.340844" lon="-5.137798">
        <ele>150.617</ele>
        <time>2023-12-27T17:31:51Z</time>
      </trkpt>
      <trkpt lat="43.340865" lon="-5.137897">
        <ele>152.531</ele>
        <time>2023-12-27T17:32:31Z</time>
      </trkpt>
      <trkpt lat="43.340959" lon="-5.138158">
        <ele>160.426</ele>
        <time>2023-12-27T17:33:11Z</time>
      </trkpt>
      <trkpt lat="43.340998" lon="-5.138066">
        <ele>159.897</ele>
        <time>2023-12-27T17:33:51Z</time>
      </trkpt>
      <trkpt lat="43.341063" lon="-5.137943">
        <ele>160.954</ele>
        <time>2023-12-27T17:34:31Z</time>
      </trkpt>
      <trkpt lat="43.341121" lon="-5.137860">
        <ele>162.156</ele>
        <time>2023-12-27T17:35:11Z</time>
      </trkpt>
      <trkpt lat="43.341183" lon="-5.137804">
        <ele>162.728</ele>
        <time>2023-12-27T17:35:51Z</time>
      </trkpt>
      <trkpt lat="43.341252" lon="-5.137753">
        <ele>163.189</ele>
        <time>2023-12-27T17:36:31Z</time>
      </trkpt>
      <trkpt lat="43.341357" lon="-5.137798">
        <ele>165.917</ele>
        <time>2023-12-27T17:37:11Z</time>
      </trkpt>
      <trkpt lat="43.341476" lon="-5.137830">
        <ele>169.409</ele>
        <time>2023-12-27T17:37:51Z</time>
      </trkpt>
      <trkpt lat="43.341548" lon="-5.137930">
        <ele>173.283</ele>
        <time>2023-12-27T17:38:31Z</time>
      </trkpt>
      <trkpt lat="43.341613" lon="-5.138109">
        <ele>178.547</ele>
        <time>2023-12-27T17:39:11Z</time>
      </trkpt>
      <trkpt lat="43.341708" lon="-5.138294">
        <ele>186.088</ele>
        <time>2023-12-27T17:39:51Z</time>
      </trkpt>
      <trkpt lat="43.341786" lon="-5.138429">
        <ele>191.938</ele>
        <time>2023-12-27T17:40:31Z</time>
      </trkpt>
      <trkpt lat="43.341853" lon="-5.138552">
        <ele>196.582</ele>
        <time>2023-12-27T17:41:11Z</time>
      </trkpt>
      <trkpt lat="43.341940" lon="-5.138750">
        <ele>203.497</ele>
        <time>2023-12-27T17:41:51Z</time>
      </trkpt>
      <trkpt lat="43.342077" lon="-5.139056">
        <ele>216.568</ele>
        <time>2023-12-27T17:42:31Z</time>
      </trkpt>
      <trkpt lat="43.342182" lon="-5.139319">
        <ele>227.325</ele>
        <time>2023-12-27T17:43:11Z</time>
      </trkpt>
      <trkpt lat="43.342280" lon="-5.139526">
        <ele>236.817</ele>
        <time>2023-12-27T17:43:51Z</time>
      </trkpt>
      <trkpt lat="43.342369" lon="-5.139756">
        <ele>246.516</ele>
        <time>2023-12-27T17:44:31Z</time>
      </trkpt>
      <trkpt lat="43.342467" lon="-5.139933">
        <ele>255.176</ele>
        <time>2023-12-27T17:45:11Z</time>
      </trkpt>
      <trkpt lat="43.342373" lon="-5.140046">
        <ele>258.613</ele>
        <time>2023-12-27T17:45:51Z</time>
      </trkpt>
      <trkpt lat="43.342229" lon="-5.140046">
        <ele>256.709</ele>
        <time>2023-12-27T17:46:31Z</time>
      </trkpt>
      <trkpt lat="43.342085" lon="-5.140035">
        <ele>256.492</ele>
        <time>2023-12-27T17:47:11Z</time>
      </trkpt>
      <trkpt lat="43.341913" lon="-5.140035">
        <ele>256.566</ele>
        <time>2023-12-27T17:47:51Z</time>
      </trkpt>
      <trkpt lat="43.341765" lon="-5.140057">
        <ele>256.087</ele>
        <time>2023-12-27T17:48:31Z</time>
      </trkpt>
      <trkpt lat="43.341589" lon="-5.140137">
        <ele>257.147</ele>
        <time>2023-12-27T17:49:11Z</time>
      </trkpt>
      <trkpt lat="43.341261" lon="-5.140271">
        <ele>254.611</ele>
        <time>2023-12-27T17:49:51Z</time>
      </trkpt>
      <trkpt lat="43.340938" lon="-5.140395">
        <ele>247.946</ele>
        <time>2023-12-27T17:50:31Z</time>
      </trkpt>
      <trkpt lat="43.340711" lon="-5.140475">
        <ele>241.287</ele>
        <time>2023-12-27T17:51:11Z</time>
      </trkpt>
      <trkpt lat="43.340509" lon="-5.140561">
        <ele>234.924</ele>
        <time>2023-12-27T17:51:51Z</time>
      </trkpt>
      <trkpt lat="43.340341" lon="-5.140620">
        <ele>227.846</ele>
        <time>2023-12-27T17:52:31Z</time>
      </trkpt>
      <trkpt lat="43.340200" lon="-5.140652">
        <ele>222.042</ele>
        <time>2023-12-27T17:53:11Z</time>
      </trkpt>
      <trkpt lat="43.340177" lon="-5.140786">
        <ele>222.522</ele>
        <time>2023-12-27T17:53:51Z</time>
      </trkpt>
      <trkpt lat="43.340177" lon="-5.140947">
        <ele>224.414</ele>
        <time>2023-12-27T17:54:31Z</time>
      </trkpt>
      <trkpt lat="43.340161" lon="-5.141092">
        <ele>225.809</ele>
        <time>2023-12-27T17:55:11Z</time>
      </trkpt>
      <trkpt lat="43.340235" lon="-5.141215">
        <ele>228.795</ele>
        <time>2023-12-27T17:55:51Z</time>
      </trkpt>
      <trkpt lat="43.340329" lon="-5.141323">
        <ele>232.549</ele>
        <time>2023-12-27T17:56:31Z</time>
      </trkpt>
      <trkpt lat="43.340427" lon="-5.141387">
        <ele>236.460</ele>
        <time>2023-12-27T17:57:11Z</time>
      </trkpt>
      <trkpt lat="43.340454" lon="-5.141526">
        <ele>239.740</ele>
        <time>2023-12-27T17:57:51Z</time>
      </trkpt>
      <trkpt lat="43.340462" lon="-5.141607">
        <ele>241.354</ele>
        <time>2023-12-27T17:58:31Z</time>
      </trkpt>
      <trkpt lat="43.340446" lon="-5.141709">
        <ele>242.939</ele>
        <time>2023-12-27T17:59:11Z</time>
      </trkpt>
      <trkpt lat="43.340407" lon="-5.141929">
        <ele>246.820</ele>
        <time>2023-12-27T17:59:51Z</time>
      </trkpt>
      <trkpt lat="43.340399" lon="-5.142127">
        <ele>249.547</ele>
        <time>2023-12-27T18:00:31Z</time>
      </trkpt>
      <trkpt lat="43.340559" lon="-5.142224">
        <ele>257.239</ele>
        <time>2023-12-27T18:01:11Z</time>
      </trkpt>
      <trkpt lat="43.340770" lon="-5.142143">
        <ele>262.972</ele>
        <time>2023-12-27T18:01:51Z</time>
      </trkpt>
      <trkpt lat="43.341031" lon="-5.142047">
        <ele>268.313</ele>
        <time>2023-12-27T18:02:31Z</time>
      </trkpt>
      <trkpt lat="43.341301" lon="-5.142133">
        <ele>278.714</ele>
        <time>2023-12-27T18:03:11Z</time>
      </trkpt>
      <trkpt lat="43.341464" lon="-5.142154">
        <ele>283.809</ele>
        <time>2023-12-27T18:03:51Z</time>
      </trkpt>
      <trkpt lat="43.341679" lon="-5.142095">
        <ele>288.978</ele>
        <time>2023-12-27T18:04:31Z</time>
      </trkpt>
      <trkpt lat="43.341855" lon="-5.141972">
        <ele>291.472</ele>
        <time>2023-12-27T18:05:11Z</time>
      </trkpt>
      <trkpt lat="43.342014" lon="-5.141934">
        <ele>293.843</ele>
        <time>2023-12-27T18:05:51Z</time>
      </trkpt>
      <trkpt lat="43.342159" lon="-5.141918">
        <ele>295.373</ele>
        <time>2023-12-27T18:06:31Z</time>
      </trkpt>
      <trkpt lat="43.342085" lon="-5.142058">
        <ele>295.767</ele>
        <time>2023-12-27T18:07:11Z</time>
      </trkpt>
      <trkpt lat="43.341972" lon="-5.142315">
        <ele>298.012</ele>
        <time>2023-12-27T18:07:51Z</time>
      </trkpt>
      <trkpt lat="43.341862" lon="-5.142578">
        <ele>301.713</ele>
        <time>2023-12-27T18:08:31Z</time>
      </trkpt>
      <trkpt lat="43.341737" lon="-5.142717">
        <ele>302.930</ele>
        <time>2023-12-27T18:09:11Z</time>
      </trkpt>
      <trkpt lat="43.341691" lon="-5.142819">
        <ele>304.962</ele>
        <time>2023-12-27T18:09:51Z</time>
      </trkpt>
      <trkpt lat="43.341862" lon="-5.142841">
        <ele>308.894</ele>
        <time>2023-12-27T18:10:31Z</time>
      </trkpt>
      <trkpt lat="43.342190" lon="-5.142851">
        <ele>312.857</ele>
        <time>2023-12-27T18:11:11Z</time>
      </trkpt>
      <trkpt lat="43.342463" lon="-5.142841">
        <ele>312.622</ele>
        <time>2023-12-27T18:11:51Z</time>
      </trkpt>
      <trkpt lat="43.342600" lon="-5.142846">
        <ele>311.609</ele>
        <time>2023-12-27T18:12:31Z</time>
      </trkpt>
      <trkpt lat="43.342557" lon="-5.142894">
        <ele>313.360</ele>
        <time>2023-12-27T18:13:11Z</time>
      </trkpt>
      <trkpt lat="43.342475" lon="-5.142900">
        <ele>314.174</ele>
        <time>2023-12-27T18:13:51Z</time>
      </trkpt>
      <trkpt lat="43.342358" lon="-5.142953">
        <ele>315.775</ele>
        <time>2023-12-27T18:14:31Z</time>
      </trkpt>
      <trkpt lat="43.342202" lon="-5.143045">
        <ele>318.665</ele>
        <time>2023-12-27T18:15:11Z</time>
      </trkpt>
      <trkpt lat="43.341987" lon="-5.143222">
        <ele>322.589</ele>
        <time>2023-12-27T18:15:51Z</time>
      </trkpt>
      <trkpt lat="43.341730" lon="-5.143415">
        <ele>325.134</ele>
        <time>2023-12-27T18:16:31Z</time>
      </trkpt>
      <trkpt lat="43.341476" lon="-5.143619">
        <ele>326.145</ele>
        <time>2023-12-27T18:17:11Z</time>
      </trkpt>
      <trkpt lat="43.341355" lon="-5.143844">
        <ele>328.462</ele>
        <time>2023-12-27T18:17:51Z</time>
      </trkpt>
      <trkpt lat="43.341312" lon="-5.144032">
        <ele>330.074</ele>
        <time>2023-12-27T18:18:31Z</time>
      </trkpt>
      <trkpt lat="43.341308" lon="-5.144348">
        <ele>335.515</ele>
        <time>2023-12-27T18:19:11Z</time>
      </trkpt>
      <trkpt lat="43.341293" lon="-5.144638">
        <ele>339.965</ele>
        <time>2023-12-27T18:19:51Z</time>
      </trkpt>
      <trkpt lat="43.341254" lon="-5.144826">
        <ele>342.711</ele>
        <time>2023-12-27T18:20:31Z</time>
      </trkpt>
      <trkpt lat="43.341215" lon="-5.144933">
        <ele>344.109</ele>
        <time>2023-12-27T18:21:11Z</time>
      </trkpt>
      <trkpt lat="43.341160" lon="-5.145035">
        <ele>345.442</ele>
        <time>2023-12-27T18:21:51Z</time>
      </trkpt>
      <trkpt lat="43.341090" lon="-5.145056">
        <ele>345.376</ele>
        <time>2023-12-27T18:22:31Z</time>
      </trkpt>
      <trkpt lat="43.340992" lon="-5.145046">
        <ele>347.887</ele>
        <time>2023-12-27T18:23:11Z</time>
      </trkpt>
      <trkpt lat="43.340910" lon="-5.145019">
        <ele>349.337</ele>
        <time>2023-12-27T18:23:51Z</time>
      </trkpt>
      <trkpt lat="43.340766" lon="-5.144928">
        <ele>348.451</ele>
        <time>2023-12-27T18:24:31Z</time>
      </trkpt>
      <trkpt lat="43.340668" lon="-5.144890">
        <ele>348.376</ele>
        <time>2023-12-27T18:25:11Z</time>
      </trkpt>
      <trkpt lat="43.340598" lon="-5.144852">
        <ele>347.747</ele>
        <time>2023-12-27T18:25:51Z</time>
      </trkpt>
      <trkpt lat="43.340466" lon="-5.144885">
        <ele>348.374</ele>
        <time>2023-12-27T18:26:31Z</time>
      </trkpt>
      <trkpt lat="43.340310" lon="-5.145056">
        <ele>353.376</ele>
        <time>2023-12-27T18:27:11Z</time>
      </trkpt>
      <trkpt lat="43.340083" lon="-5.145206">
        <ele>355.661</ele>
        <time>2023-12-27T18:27:51Z</time>
      </trkpt>
      <trkpt lat="43.339865" lon="-5.145389">
        <ele>359.621</ele>
        <time>2023-12-27T18:28:31Z</time>
      </trkpt>
      <trkpt lat="43.339592" lon="-5.145593">
        <ele>363.713</ele>
        <time>2023-12-27T18:29:11Z</time>
      </trkpt>
      <trkpt lat="43.339428" lon="-5.145700">
        <ele>364.709</ele>
        <time>2023-12-27T18:29:51Z</time>
      </trkpt>
      <trkpt lat="43.339256" lon="-5.145872">
        <ele>367.317</ele>
        <time>2023-12-27T18:30:31Z</time>
      </trkpt>
      <trkpt lat="43.339077" lon="-5.146033">
        <ele>371.281</ele>
        <time>2023-12-27T18:31:11Z</time>
      </trkpt>
      <trkpt lat="43.338928" lon="-5.146129">
        <ele>373.542</ele>
        <time>2023-12-27T18:31:51Z</time>
      </trkpt>
      <trkpt lat="43.338827" lon="-5.146151">
        <ele>370.432</ele>
        <time>2023-12-27T18:32:31Z</time>
      </trkpt>
      <trkpt lat="43.338780" lon="-5.146236">
        <ele>371.166</ele>
        <time>2023-12-27T18:33:11Z</time>
      </trkpt>
      <trkpt lat="43.338671" lon="-5.146515">
        <ele>375.351</ele>
        <time>2023-12-27T18:33:51Z</time>
      </trkpt>
      <trkpt lat="43.338530" lon="-5.146816">
        <ele>379.312</ele>
        <time>2023-12-27T18:34:31Z</time>
      </trkpt>
      <trkpt lat="43.338421" lon="-5.147041">
        <ele>383.249</ele>
        <time>2023-12-27T18:35:11Z</time>
      </trkpt>
      <trkpt lat="43.338265" lon="-5.147245">
        <ele>387.211</ele>
        <time>2023-12-27T18:35:51Z</time>
      </trkpt>
      <trkpt lat="43.338132" lon="-5.147352">
        <ele>389.423</ele>
        <time>2023-12-27T18:36:31Z</time>
      </trkpt>
      <trkpt lat="43.338000" lon="-5.147449">
        <ele>392.983</ele>
        <time>2023-12-27T18:37:11Z</time>
      </trkpt>
      <trkpt lat="43.337875" lon="-5.147427">
        <ele>391.311</ele>
        <time>2023-12-27T18:37:51Z</time>
      </trkpt>
      <trkpt lat="43.337703" lon="-5.147470">
        <ele>390.309</ele>
        <time>2023-12-27T18:38:31Z</time>
      </trkpt>
      <trkpt lat="43.337586" lon="-5.147502">
        <ele>386.833</ele>
        <time>2023-12-27T18:39:11Z</time>
      </trkpt>
      <trkpt lat="43.337516" lon="-5.147631">
        <ele>387.617</ele>
        <time>2023-12-27T18:39:51Z</time>
      </trkpt>
      <trkpt lat="43.337485" lon="-5.147899">
        <ele>394.028</ele>
        <time>2023-12-27T18:40:31Z</time>
      </trkpt>
      <trkpt lat="43.337415" lon="-5.148114">
        <ele>397.098</ele>
        <time>2023-12-27T18:41:11Z</time>
      </trkpt>
      <trkpt lat="43.337227" lon="-5.148436">
        <ele>399.732</ele>
        <time>2023-12-27T18:41:51Z</time>
      </trkpt>
      <trkpt lat="43.337063" lon="-5.148715">
        <ele>403.437</ele>
        <time>2023-12-27T18:42:31Z</time>
      </trkpt>
      <trkpt lat="43.336900" lon="-5.148886">
        <ele>405.348</ele>
        <time>2023-12-27T18:43:11Z</time>
      </trkpt>
      <trkpt lat="43.336650" lon="-5.149122">
        <ele>407.565</ele>
        <time>2023-12-27T18:43:51Z</time>
      </trkpt>
      <trkpt lat="43.336494" lon="-5.149326">
        <ele>409.717</ele>
        <time>2023-12-27T18:44:31Z</time>
      </trkpt>
      <trkpt lat="43.336338" lon="-5.149412">
        <ele>413.046</ele>
        <time>2023-12-27T18:45:11Z</time>
      </trkpt>
      <trkpt lat="43.336182" lon="-5.149670">
        <ele>413.088</ele>
        <time>2023-12-27T18:45:51Z</time>
      </trkpt>
      <trkpt lat="43.335994" lon="-5.149831">
        <ele>416.316</ele>
        <time>2023-12-27T18:46:31Z</time>
      </trkpt>
      <trkpt lat="43.335920" lon="-5.149884">
        <ele>417.909</ele>
        <time>2023-12-27T18:47:11Z</time>
      </trkpt>
      <trkpt lat="43.335834" lon="-5.149933">
        <ele>420.485</ele>
        <time>2023-12-27T18:47:51Z</time>
      </trkpt>
      <trkpt lat="43.335663" lon="-5.149938">
        <ele>424.519</ele>
        <time>2023-12-27T18:48:31Z</time>
      </trkpt>
      <trkpt lat="43.335503" lon="-5.149927">
        <ele>428.190</ele>
        <time>2023-12-27T18:49:11Z</time>
      </trkpt>
      <trkpt lat="43.335358" lon="-5.149916">
        <ele>429.710</ele>
        <time>2023-12-27T18:49:51Z</time>
      </trkpt>
      <trkpt lat="43.335241" lon="-5.149922">
        <ele>430.954</ele>
        <time>2023-12-27T18:50:31Z</time>
      </trkpt>
      <trkpt lat="43.335085" lon="-5.149981">
        <ele>431.989</ele>
        <time>2023-12-27T18:51:11Z</time>
      </trkpt>
      <trkpt lat="43.334820" lon="-5.150142">
        <ele>433.510</ele>
        <time>2023-12-27T18:51:51Z</time>
      </trkpt>
      <trkpt lat="43.334597" lon="-5.150437">
        <ele>433.337</ele>
        <time>2023-12-27T18:52:31Z</time>
      </trkpt>
      <trkpt lat="43.334379" lon="-5.150657">
        <ele>437.839</ele>
        <time>2023-12-27T18:53:11Z</time>
      </trkpt>
      <trkpt lat="43.334055" lon="-5.150984">
        <ele>442.739</ele>
        <time>2023-12-27T18:53:51Z</time>
      </trkpt>
      <trkpt lat="43.333895" lon="-5.151247">
        <ele>443.701</ele>
        <time>2023-12-27T18:54:31Z</time>
      </trkpt>
      <trkpt lat="43.333735" lon="-5.151494">
        <ele>447.121</ele>
        <time>2023-12-27T18:55:11Z</time>
      </trkpt>
      <trkpt lat="43.333548" lon="-5.151740">
        <ele>449.809</ele>
        <time>2023-12-27T18:55:51Z</time>
      </trkpt>
      <trkpt lat="43.333478" lon="-5.151799">
        <ele>451.744</ele>
        <time>2023-12-27T18:56:31Z</time>
      </trkpt>
      <trkpt lat="43.333310" lon="-5.152046">
        <ele>453.258</ele>
        <time>2023-12-27T18:57:11Z</time>
      </trkpt>
      <trkpt lat="43.333205" lon="-5.152196">
        <ele>455.139</ele>
        <time>2023-12-27T18:57:51Z</time>
      </trkpt>
      <trkpt lat="43.333107" lon="-5.152314">
        <ele>458.059</ele>
        <time>2023-12-27T18:58:31Z</time>
      </trkpt>
      <trkpt lat="43.333048" lon="-5.152400">
        <ele>459.443</ele>
        <time>2023-12-27T18:59:11Z</time>
      </trkpt>
      <trkpt lat="43.332838" lon="-5.152679">
        <ele>466.258</ele>
        <time>2023-12-27T18:59:51Z</time>
      </trkpt>
      <trkpt lat="43.332650" lon="-5.152926">
        <ele>472.819</ele>
        <time>2023-12-27T19:00:31Z</time>
      </trkpt>
      <trkpt lat="43.332448" lon="-5.153167">
        <ele>480.126</ele>
        <time>2023-12-27T19:01:11Z</time>
      </trkpt>
      <trkpt lat="43.332272" lon="-5.153355">
        <ele>487.458</ele>
        <time>2023-12-27T19:01:51Z</time>
      </trkpt>
      <trkpt lat="43.332178" lon="-5.153489">
        <ele>490.948</ele>
        <time>2023-12-27T19:02:31Z</time>
      </trkpt>
      <trkpt lat="43.332108" lon="-5.153623">
        <ele>493.061</ele>
        <time>2023-12-27T19:03:11Z</time>
      </trkpt>
      <trkpt lat="43.332007" lon="-5.153747">
        <ele>498.117</ele>
        <time>2023-12-27T19:03:51Z</time>
      </trkpt>
      <trkpt lat="43.331948" lon="-5.153822">
        <ele>500.509</ele>
        <time>2023-12-27T19:04:31Z</time>
      </trkpt>
      <trkpt lat="43.331890" lon="-5.153945">
        <ele>503.265</ele>
        <time>2023-12-27T19:05:11Z</time>
      </trkpt>
      <trkpt lat="43.331827" lon="-5.154149">
        <ele>508.749</ele>
        <time>2023-12-27T19:05:51Z</time>
      </trkpt>
      <trkpt lat="43.331831" lon="-5.154283">
        <ele>509.330</ele>
        <time>2023-12-27T19:06:31Z</time>
      </trkpt>
      <trkpt lat="43.331819" lon="-5.154460">
        <ele>510.940</ele>
        <time>2023-12-27T19:07:11Z</time>
      </trkpt>
      <trkpt lat="43.331812" lon="-5.154664">
        <ele>512.714</ele>
        <time>2023-12-27T19:07:51Z</time>
      </trkpt>
      <trkpt lat="43.331804" lon="-5.154798">
        <ele>512.689</ele>
        <time>2023-12-27T19:08:31Z</time>
      </trkpt>
      <trkpt lat="43.331761" lon="-5.154905">
        <ele>513.380</ele>
        <time>2023-12-27T19:09:11Z</time>
      </trkpt>
      <trkpt lat="43.331683" lon="-5.154943">
        <ele>516.397</ele>
        <time>2023-12-27T19:09:51Z</time>
      </trkpt>
      <trkpt lat="43.331612" lon="-5.154980">
        <ele>518.579</ele>
        <time>2023-12-27T19:10:31Z</time>
      </trkpt>
      <trkpt lat="43.331527" lon="-5.155066">
        <ele>519.961</ele>
        <time>2023-12-27T19:11:11Z</time>
      </trkpt>
      <trkpt lat="43.331371" lon="-5.155243">
        <ele>522.421</ele>
        <time>2023-12-27T19:11:51Z</time>
      </trkpt>
      <trkpt lat="43.331203" lon="-5.155404">
        <ele>524.713</ele>
        <time>2023-12-27T19:12:31Z</time>
      </trkpt>
      <trkpt lat="43.331090" lon="-5.155485">
        <ele>526.309</ele>
        <time>2023-12-27T19:13:11Z</time>
      </trkpt>
      <trkpt lat="43.330848" lon="-5.155656">
        <ele>527.787</ele>
        <time>2023-12-27T19:13:51Z</time>
      </trkpt>
      <trkpt lat="43.330758" lon="-5.155721">
        <ele>528.431</ele>
        <time>2023-12-27T19:14:31Z</time>
      </trkpt>
      <trkpt lat="43.330668" lon="-5.155785">
        <ele>528.822</ele>
        <time>2023-12-27T19:15:11Z</time>
      </trkpt>
      <trkpt lat="43.330594" lon="-5.155817">
        <ele>529.662</ele>
        <time>2023-12-27T19:15:51Z</time>
      </trkpt>
      <trkpt lat="43.330500" lon="-5.155849">
        <ele>530.536</ele>
        <time>2023-12-27T19:16:31Z</time>
      </trkpt>
      <trkpt lat="43.330379" lon="-5.155914">
        <ele>531.181</ele>
        <time>2023-12-27T19:17:11Z</time>
      </trkpt>
      <trkpt lat="43.330313" lon="-5.155967">
        <ele>531.312</ele>
        <time>2023-12-27T19:17:51Z</time>
      </trkpt>
      <trkpt lat="43.330278" lon="-5.156085">
        <ele>529.669</ele>
        <time>2023-12-27T19:18:31Z</time>
      </trkpt>
      <trkpt lat="43.330251" lon="-5.156305">
        <ele>530.351</ele>
        <time>2023-12-27T19:19:11Z</time>
      </trkpt>
      <trkpt lat="43.330235" lon="-5.156440">
        <ele>530.873</ele>
        <time>2023-12-27T19:19:51Z</time>
      </trkpt>
      <trkpt lat="43.330243" lon="-5.156541">
        <ele>530.085</ele>
        <time>2023-12-27T19:20:31Z</time>
      </trkpt>
      <trkpt lat="43.330223" lon="-5.156627">
        <ele>530.513</ele>
        <time>2023-12-27T19:21:11Z</time>
      </trkpt>
      <trkpt lat="43.330192" lon="-5.156708">
        <ele>531.509</ele>
        <time>2023-12-27T19:21:51Z</time>
      </trkpt>
      <trkpt lat="43.330134" lon="-5.156756">
        <ele>533.528</ele>
        <time>2023-12-27T19:22:31Z</time>
      </trkpt>
      <trkpt lat="43.330102" lon="-5.156831">
        <ele>534.112</ele>
        <time>2023-12-27T19:23:11Z</time>
      </trkpt>
      <trkpt lat="43.330091" lon="-5.157024">
        <ele>533.963</ele>
        <time>2023-12-27T19:23:51Z</time>
      </trkpt>
      <trkpt lat="43.330087" lon="-5.157239">
        <ele>535.463</ele>
        <time>2023-12-27T19:24:31Z</time>
      </trkpt>
      <trkpt lat="43.330106" lon="-5.157319">
        <ele>536.027</ele>
        <time>2023-12-27T19:25:11Z</time>
      </trkpt>
      <trkpt lat="43.330188" lon="-5.157464">
        <ele>535.112</ele>
        <time>2023-12-27T19:25:51Z</time>
      </trkpt>
      <trkpt lat="43.330188" lon="-5.157555">
        <ele>535.283</ele>
        <time>2023-12-27T19:26:31Z</time>
      </trkpt>
      <trkpt lat="43.330165" lon="-5.157689">
        <ele>535.340</ele>
        <time>2023-12-27T19:27:11Z</time>
      </trkpt>
      <trkpt lat="43.330149" lon="-5.157829">
        <ele>535.622</ele>
        <time>2023-12-27T19:27:51Z</time>
      </trkpt>
      <trkpt lat="43.330122" lon="-5.157979">
        <ele>537.145</ele>
        <time>2023-12-27T19:28:31Z</time>
      </trkpt>
      <trkpt lat="43.330106" lon="-5.158076">
        <ele>538.047</ele>
        <time>2023-12-27T19:29:11Z</time>
      </trkpt>
      <trkpt lat="43.330122" lon="-5.158226">
        <ele>538.911</ele>
        <time>2023-12-27T19:29:51Z</time>
      </trkpt>
      <trkpt lat="43.330095" lon="-5.158381">
        <ele>540.509</ele>
        <time>2023-12-27T19:30:31Z</time>
      </trkpt>
      <trkpt lat="43.329997" lon="-5.158623">
        <ele>540.945</ele>
        <time>2023-12-27T19:31:11Z</time>
      </trkpt>
      <trkpt lat="43.329899" lon="-5.158811">
        <ele>541.589</ele>
        <time>2023-12-27T19:31:51Z</time>
      </trkpt>
      <trkpt lat="43.329814" lon="-5.158998">
        <ele>540.950</ele>
        <time>2023-12-27T19:32:31Z</time>
      </trkpt>
      <trkpt lat="43.329747" lon="-5.159181">
        <ele>539.860</ele>
        <time>2023-12-27T19:33:11Z</time>
      </trkpt>
      <trkpt lat="43.329708" lon="-5.159299">
        <ele>540.324</ele>
        <time>2023-12-27T19:33:51Z</time>
      </trkpt>
      <trkpt lat="43.329697" lon="-5.159395">
        <ele>539.839</ele>
        <time>2023-12-27T19:34:31Z</time>
      </trkpt>
      <trkpt lat="43.329708" lon="-5.159508">
        <ele>539.870</ele>
        <time>2023-12-27T19:35:11Z</time>
      </trkpt>
      <trkpt lat="43.329747" lon="-5.159658">
        <ele>540.527</ele>
        <time>2023-12-27T19:35:51Z</time>
      </trkpt>
      <trkpt lat="43.329763" lon="-5.159857">
        <ele>542.539</ele>
        <time>2023-12-27T19:36:31Z</time>
      </trkpt>
      <trkpt lat="43.329739" lon="-5.159953">
        <ele>544.846</ele>
        <time>2023-12-27T19:37:11Z</time>
      </trkpt>
      <trkpt lat="43.329681" lon="-5.159996">
        <ele>545.788</ele>
        <time>2023-12-27T19:37:51Z</time>
      </trkpt>
      <trkpt lat="43.329607" lon="-5.160028">
        <ele>544.816</ele>
        <time>2023-12-27T19:38:31Z</time>
      </trkpt>
      <trkpt lat="43.329494" lon="-5.159996">
        <ele>544.409</ele>
        <time>2023-12-27T19:39:11Z</time>
      </trkpt>
      <trkpt lat="43.329447" lon="-5.159953">
        <ele>545.285</ele>
        <time>2023-12-27T19:39:51Z</time>
      </trkpt>
      <trkpt lat="43.329361" lon="-5.159894">
        <ele>545.059</ele>
        <time>2023-12-27T19:40:31Z</time>
      </trkpt>
      <trkpt lat="43.329271" lon="-5.159878">
        <ele>543.830</ele>
        <time>2023-12-27T19:41:11Z</time>
      </trkpt>
      <trkpt lat="43.329166" lon="-5.159846">
        <ele>543.110</ele>
        <time>2023-12-27T19:41:51Z</time>
      </trkpt>
      <trkpt lat="43.329045" lon="-5.159846">
        <ele>541.624</ele>
        <time>2023-12-27T19:42:31Z</time>
      </trkpt>
      <trkpt lat="43.328943" lon="-5.159808">
        <ele>541.999</ele>
        <time>2023-12-27T19:43:11Z</time>
      </trkpt>
      <trkpt lat="43.328861" lon="-5.159819">
        <ele>541.340</ele>
        <time>2023-12-27T19:43:51Z</time>
      </trkpt>
      <trkpt lat="43.328783" lon="-5.159867">
        <ele>540.347</ele>
        <time>2023-12-27T19:44:31Z</time>
      </trkpt>
      <trkpt lat="43.328479" lon="-5.160146">
        <ele>532.039</ele>
        <time>2023-12-27T19:45:11Z</time>
      </trkpt>
      <trkpt lat="43.328292" lon="-5.160291">
        <ele>530.288</ele>
        <time>2023-12-27T19:45:51Z</time>
      </trkpt>
      <trkpt lat="43.328065" lon="-5.160463">
        <ele>527.524</ele>
        <time>2023-12-27T19:46:31Z</time>
      </trkpt>
      <trkpt lat="43.327870" lon="-5.160602">
        <ele>525.126</ele>
        <time>2023-12-27T19:47:11Z</time>
      </trkpt>
      <trkpt lat="43.327773" lon="-5.160683">
        <ele>523.909</ele>
        <time>2023-12-27T19:47:51Z</time>
      </trkpt>
      <trkpt lat="43.327546" lon="-5.160860">
        <ele>521.899</ele>
        <time>2023-12-27T19:48:31Z</time>
      </trkpt>
      <trkpt lat="43.327336" lon="-5.161096">
        <ele>519.993</ele>
        <time>2023-12-27T19:49:11Z</time>
      </trkpt>
      <trkpt lat="43.327254" lon="-5.161235">
        <ele>520.514</ele>
        <time>2023-12-27T19:49:51Z</time>
      </trkpt>
      <trkpt lat="43.327172" lon="-5.161402">
        <ele>520.944</ele>
        <time>2023-12-27T19:50:31Z</time>
      </trkpt>
      <trkpt lat="43.327148" lon="-5.161573">
        <ele>522.378</ele>
        <time>2023-12-27T19:51:11Z</time>
      </trkpt>
      <trkpt lat="43.327129" lon="-5.161745">
        <ele>524.263</ele>
        <time>2023-12-27T19:51:51Z</time>
      </trkpt>
      <trkpt lat="43.327063" lon="-5.161874">
        <ele>527.194</ele>
        <time>2023-12-27T19:52:31Z</time>
      </trkpt>
      <trkpt lat="43.327008" lon="-5.162019">
        <ele>530.521</ele>
        <time>2023-12-27T19:53:11Z</time>
      </trkpt>
      <trkpt lat="43.326887" lon="-5.162233">
        <ele>536.463</ele>
        <time>2023-12-27T19:53:51Z</time>
      </trkpt>
      <trkpt lat="43.326821" lon="-5.162405">
        <ele>540.888</ele>
        <time>2023-12-27T19:54:31Z</time>
      </trkpt>
      <trkpt lat="43.326766" lon="-5.162555">
        <ele>545.724</ele>
        <time>2023-12-27T19:55:11Z</time>
      </trkpt>
      <trkpt lat="43.326719" lon="-5.162716">
        <ele>550.826</ele>
        <time>2023-12-27T19:55:51Z</time>
      </trkpt>
      <trkpt lat="43.326696" lon="-5.162834">
        <ele>554.209</ele>
        <time>2023-12-27T19:56:31Z</time>
      </trkpt>
      <trkpt lat="43.326633" lon="-5.162995">
        <ele>558.539</ele>
        <time>2023-12-27T19:57:11Z</time>
      </trkpt>
      <trkpt lat="43.326563" lon="-5.163065">
        <ele>559.543</ele>
        <time>2023-12-27T19:57:51Z</time>
      </trkpt>
      <trkpt lat="43.326415" lon="-5.163161">
        <ele>558.294</ele>
        <time>2023-12-27T19:58:31Z</time>
      </trkpt>
      <trkpt lat="43.326286" lon="-5.163258">
        <ele>559.294</ele>
        <time>2023-12-27T19:59:11Z</time>
      </trkpt>
      <trkpt lat="43.326185" lon="-5.163295">
        <ele>561.138</ele>
        <time>2023-12-27T19:59:51Z</time>
      </trkpt>
      <trkpt lat="43.326056" lon="-5.163386">
        <ele>563.463</ele>
        <time>2023-12-27T20:00:31Z</time>
      </trkpt>
      <trkpt lat="43.325958" lon="-5.163403">
        <ele>565.444</ele>
        <time>2023-12-27T20:01:11Z</time>
      </trkpt>
      <trkpt lat="43.325853" lon="-5.163376">
        <ele>567.761</ele>
        <time>2023-12-27T20:01:51Z</time>
      </trkpt>
      <trkpt lat="43.325685" lon="-5.163590">
        <ele>574.143</ele>
        <time>2023-12-27T20:02:31Z</time>
      </trkpt>
      <trkpt lat="43.325587" lon="-5.163735">
        <ele>578.249</ele>
        <time>2023-12-27T20:03:11Z</time>
      </trkpt>
      <trkpt lat="43.325494" lon="-5.163934">
        <ele>581.402</ele>
        <time>2023-12-27T20:03:51Z</time>
      </trkpt>
      <trkpt lat="43.325373" lon="-5.164148">
        <ele>582.822</ele>
        <time>2023-12-27T20:04:31Z</time>
      </trkpt>
      <trkpt lat="43.325256" lon="-5.164261">
        <ele>585.009</ele>
        <time>2023-12-27T20:05:11Z</time>
      </trkpt>
      <trkpt lat="43.325182" lon="-5.164298">
        <ele>586.155</ele>
        <time>2023-12-27T20:05:51Z</time>
      </trkpt>
      <trkpt lat="43.325111" lon="-5.164459">
        <ele>587.789</ele>
        <time>2023-12-27T20:06:31Z</time>
      </trkpt>
      <trkpt lat="43.325076" lon="-5.164561">
        <ele>589.330</ele>
        <time>2023-12-27T20:07:11Z</time>
      </trkpt>
      <trkpt lat="43.325049" lon="-5.164695">
        <ele>591.250</ele>
        <time>2023-12-27T20:07:51Z</time>
      </trkpt>
      <trkpt lat="43.325010" lon="-5.164883">
        <ele>595.094</ele>
        <time>2023-12-27T20:08:31Z</time>
      </trkpt>
      <trkpt lat="43.325022" lon="-5.165012">
        <ele>596.559</ele>
        <time>2023-12-27T20:09:11Z</time>
      </trkpt>
      <trkpt lat="43.325022" lon="-5.165184">
        <ele>600.270</ele>
        <time>2023-12-27T20:09:51Z</time>
      </trkpt>
      <trkpt lat="43.325022" lon="-5.165344">
        <ele>603.277</ele>
        <time>2023-12-27T20:10:31Z</time>
      </trkpt>
      <trkpt lat="43.324963" lon="-5.165489">
        <ele>607.429</ele>
        <time>2023-12-27T20:11:11Z</time>
      </trkpt>
      <trkpt lat="43.324873" lon="-5.165607">
        <ele>611.063</ele>
        <time>2023-12-27T20:11:51Z</time>
      </trkpt>
      <trkpt lat="43.324823" lon="-5.165666">
        <ele>612.144</ele>
        <time>2023-12-27T20:12:31Z</time>
      </trkpt>
      <trkpt lat="43.324705" lon="-5.165774">
        <ele>614.418</ele>
        <time>2023-12-27T20:13:11Z</time>
      </trkpt>
      <trkpt lat="43.324581" lon="-5.165876">
        <ele>616.709</ele>
        <time>2023-12-27T20:13:51Z</time>
      </trkpt>
      <trkpt lat="43.324483" lon="-5.165956">
        <ele>618.847</ele>
        <time>2023-12-27T20:14:31Z</time>
      </trkpt>
      <trkpt lat="43.324385" lon="-5.166085">
        <ele>620.251</ele>
        <time>2023-12-27T20:15:11Z</time>
      </trkpt>
      <trkpt lat="43.324335" lon="-5.166171">
        <ele>621.772</ele>
        <time>2023-12-27T20:15:51Z</time>
      </trkpt>
      <trkpt lat="43.324315" lon="-5.166310">
        <ele>622.892</ele>
        <time>2023-12-27T20:16:31Z</time>
      </trkpt>
      <trkpt lat="43.324335" lon="-5.166450">
        <ele>622.446</ele>
        <time>2023-12-27T20:17:11Z</time>
      </trkpt>
      <trkpt lat="43.324311" lon="-5.166584">
        <ele>624.311</ele>
        <time>2023-12-27T20:17:51Z</time>
      </trkpt>
      <trkpt lat="43.324276" lon="-5.166712">
        <ele>626.852</ele>
        <time>2023-12-27T20:18:31Z</time>
      </trkpt>
      <trkpt lat="43.324253" lon="-5.166739">
        <ele>628.279</ele>
        <time>2023-12-27T20:19:11Z</time>
      </trkpt>
      <trkpt lat="43.324253" lon="-5.166879">
        <ele>628.651</ele>
        <time>2023-12-27T20:19:51Z</time>
      </trkpt>
      <trkpt lat="43.324245" lon="-5.167007">
        <ele>629.031</ele>
        <time>2023-12-27T20:20:31Z</time>
      </trkpt>
      <trkpt lat="43.324155" lon="-5.167184">
        <ele>633.761</ele>
        <time>2023-12-27T20:21:11Z</time>
      </trkpt>
      <trkpt lat="43.324081" lon="-5.167388">
        <ele>635.307</ele>
        <time>2023-12-27T20:21:51Z</time>
      </trkpt>
      <trkpt lat="43.324026" lon="-5.167528">
        <ele>636.309</ele>
        <time>2023-12-27T20:22:31Z</time>
      </trkpt>
      <trkpt lat="43.323952" lon="-5.167640">
        <ele>638.534</ele>
        <time>2023-12-27T20:23:11Z</time>
      </trkpt>
      <trkpt lat="43.323890" lon="-5.167775">
        <ele>640.078</ele>
        <time>2023-12-27T20:23:51Z</time>
      </trkpt>
      <trkpt lat="43.323788" lon="-5.167893">
        <ele>641.959</ele>
        <time>2023-12-27T20:24:31Z</time>
      </trkpt>
      <trkpt lat="43.323749" lon="-5.167984">
        <ele>642.829</ele>
        <time>2023-12-27T20:25:11Z</time>
      </trkpt>
      <trkpt lat="43.323718" lon="-5.168032">
        <ele>643.863</ele>
        <time>2023-12-27T20:25:51Z</time>
      </trkpt>
      <trkpt lat="43.323687" lon="-5.168070">
        <ele>644.918</ele>
        <time>2023-12-27T20:26:31Z</time>
      </trkpt>
      <trkpt lat="43.323648" lon="-5.168204">
        <ele>646.339</ele>
        <time>2023-12-27T20:27:11Z</time>
      </trkpt>
      <trkpt lat="43.323582" lon="-5.168338">
        <ele>648.386</ele>
        <time>2023-12-27T20:27:51Z</time>
      </trkpt>
      <trkpt lat="43.323535" lon="-5.168434">
        <ele>649.278</ele>
        <time>2023-12-27T20:28:31Z</time>
      </trkpt>
      <trkpt lat="43.323472" lon="-5.168585">
        <ele>651.853</ele>
        <time>2023-12-27T20:29:11Z</time>
      </trkpt>
      <trkpt lat="43.323422" lon="-5.168676">
        <ele>654.604</ele>
        <time>2023-12-27T20:29:51Z</time>
      </trkpt>
      <trkpt lat="43.323425" lon="-5.168751">
        <ele>655.414</ele>
        <time>2023-12-27T20:30:31Z</time>
      </trkpt>
      <trkpt lat="43.323379" lon="-5.168815">
        <ele>658.409</ele>
        <time>2023-12-27T20:31:11Z</time>
      </trkpt>
      <trkpt lat="43.323379" lon="-5.168923">
        <ele>660.076</ele>
        <time>2023-12-27T20:31:51Z</time>
      </trkpt>
      <trkpt lat="43.323316" lon="-5.168971">
        <ele>663.450</ele>
        <time>2023-12-27T20:32:31Z</time>
      </trkpt>
      <trkpt lat="43.323265" lon="-5.169073">
        <ele>666.311</ele>
        <time>2023-12-27T20:33:11Z</time>
      </trkpt>
      <trkpt lat="43.323191" lon="-5.169239">
        <ele>672.641</ele>
        <time>2023-12-27T20:33:51Z</time>
      </trkpt>
      <trkpt lat="43.323133" lon="-5.169336">
        <ele>677.565</ele>
        <time>2023-12-27T20:34:31Z</time>
      </trkpt>
      <trkpt lat="43.323133" lon="-5.169432">
        <ele>680.370</ele>
        <time>2023-12-27T20:35:11Z</time>
      </trkpt>
      <trkpt lat="43.323141" lon="-5.169502">
        <ele>681.861</ele>
        <time>2023-12-27T20:35:51Z</time>
      </trkpt>
      <trkpt lat="43.323168" lon="-5.169561">
        <ele>682.368</ele>
        <time>2023-12-27T20:36:31Z</time>
      </trkpt>
      <trkpt lat="43.323164" lon="-5.169625">
        <ele>684.250</ele>
        <time>2023-12-27T20:37:11Z</time>
      </trkpt>
      <trkpt lat="43.323176" lon="-5.169700">
        <ele>685.997</ele>
        <time>2023-12-27T20:37:51Z</time>
      </trkpt>
      <trkpt lat="43.323234" lon="-5.169797">
        <ele>686.423</ele>
        <time>2023-12-27T20:38:31Z</time>
      </trkpt>
      <trkpt lat="43.323273" lon="-5.169867">
        <ele>687.225</ele>
        <time>2023-12-27T20:39:11Z</time>
      </trkpt>
      <trkpt lat="43.323312" lon="-5.169963">
        <ele>689.109</ele>
        <time>2023-12-27T20:39:51Z</time>
      </trkpt>
      <trkpt lat="43.323324" lon="-5.170097">
        <ele>691.580</ele>
        <time>2023-12-27T20:40:31Z</time>
      </trkpt>
      <trkpt lat="43.323328" lon="-5.170269">
        <ele>693.984</ele>
        <time>2023-12-27T20:41:11Z</time>
      </trkpt>
      <trkpt lat="43.323320" lon="-5.170489">
        <ele>695.715</ele>
        <time>2023-12-27T20:41:51Z</time>
      </trkpt>
      <trkpt lat="43.323285" lon="-5.170671">
        <ele>696.785</ele>
        <time>2023-12-27T20:42:31Z</time>
      </trkpt>
      <trkpt lat="43.323230" lon="-5.170784">
        <ele>698.579</ele>
        <time>2023-12-27T20:43:11Z</time>
      </trkpt>
      <trkpt lat="43.323152" lon="-5.170891">
        <ele>700.634</ele>
        <time>2023-12-27T20:43:51Z</time>
      </trkpt>
      <trkpt lat="43.323082" lon="-5.170982">
        <ele>701.845</ele>
        <time>2023-12-27T20:44:31Z</time>
      </trkpt>
      <trkpt lat="43.323012" lon="-5.171041">
        <ele>701.692</ele>
        <time>2023-12-27T20:45:11Z</time>
      </trkpt>
      <trkpt lat="43.322957" lon="-5.171106">
        <ele>701.044</ele>
        <time>2023-12-27T20:45:51Z</time>
      </trkpt>
      <trkpt lat="43.322824" lon="-5.171224">
        <ele>699.151</ele>
        <time>2023-12-27T20:46:31Z</time>
      </trkpt>
      <trkpt lat="43.322668" lon="-5.171374">
        <ele>695.401</ele>
        <time>2023-12-27T20:47:11Z</time>
      </trkpt>
      <trkpt lat="43.322571" lon="-5.171519">
        <ele>691.711</ele>
        <time>2023-12-27T20:47:51Z</time>
      </trkpt>
      <trkpt lat="43.322430" lon="-5.171626">
        <ele>689.409</ele>
        <time>2023-12-27T20:48:31Z</time>
      </trkpt>
      <trkpt lat="43.322266" lon="-5.171803">
        <ele>690.056</ele>
        <time>2023-12-27T20:49:11Z</time>
      </trkpt>
      <trkpt lat="43.322149" lon="-5.171932">
        <ele>692.680</ele>
        <time>2023-12-27T20:49:51Z</time>
      </trkpt>
      <trkpt lat="43.321915" lon="-5.172109">
        <ele>694.691</ele>
        <time>2023-12-27T20:50:31Z</time>
      </trkpt>
      <trkpt lat="43.321775" lon="-5.172163">
        <ele>695.921</ele>
        <time>2023-12-27T20:51:11Z</time>
      </trkpt>
      <trkpt lat="43.321634" lon="-5.172238">
        <ele>698.045</ele>
        <time>2023-12-27T20:51:51Z</time>
      </trkpt>
      <trkpt lat="43.321505" lon="-5.172307">
        <ele>699.110</ele>
        <time>2023-12-27T20:52:31Z</time>
      </trkpt>
      <trkpt lat="43.321373" lon="-5.172404">
        <ele>702.211</ele>
        <time>2023-12-27T20:53:11Z</time>
      </trkpt>
      <trkpt lat="43.321271" lon="-5.172485">
        <ele>705.688</ele>
        <time>2023-12-27T20:53:51Z</time>
      </trkpt>
      <trkpt lat="43.321072" lon="-5.172662">
        <ele>711.250</ele>
        <time>2023-12-27T20:54:31Z</time>
      </trkpt>
      <trkpt lat="43.320900" lon="-5.172812">
        <ele>716.728</ele>
        <time>2023-12-27T20:55:11Z</time>
      </trkpt>
      <trkpt lat="43.320721" lon="-5.172962">
        <ele>717.789</ele>
        <time>2023-12-27T20:55:51Z</time>
      </trkpt>
      <trkpt lat="43.320627" lon="-5.173026">
        <ele>718.717</ele>
        <time>2023-12-27T20:56:31Z</time>
      </trkpt>
      <trkpt lat="43.320495" lon="-5.173085">
        <ele>718.809</ele>
        <time>2023-12-27T20:57:11Z</time>
      </trkpt>
      <trkpt lat="43.320397" lon="-5.173085">
        <ele>718.613</ele>
        <time>2023-12-27T20:57:51Z</time>
      </trkpt>
      <trkpt lat="43.320342" lon="-5.173118">
        <ele>717.577</ele>
        <time>2023-12-27T20:58:31Z</time>
      </trkpt>
      <trkpt lat="43.320256" lon="-5.173107">
        <ele>718.068</ele>
        <time>2023-12-27T20:59:11Z</time>
      </trkpt>
      <trkpt lat="43.320112" lon="-5.173048">
        <ele>721.438</ele>
        <time>2023-12-27T20:59:51Z</time>
      </trkpt>
      <trkpt lat="43.319979" lon="-5.172983">
        <ele>723.762</ele>
        <time>2023-12-27T21:00:31Z</time>
      </trkpt>
      <trkpt lat="43.319882" lon="-5.172903">
        <ele>727.347</ele>
        <time>2023-12-27T21:01:11Z</time>
      </trkpt>
      <trkpt lat="43.319741" lon="-5.172822">
        <ele>733.628</ele>
        <time>2023-12-27T21:01:51Z</time>
      </trkpt>
      <trkpt lat="43.319624" lon="-5.172753">
        <ele>739.285</ele>
        <time>2023-12-27T21:02:31Z</time>
      </trkpt>
      <trkpt lat="43.319562" lon="-5.172704">
        <ele>742.087</ele>
        <time>2023-12-27T21:03:11Z</time>
      </trkpt>
      <trkpt lat="43.319472" lon="-5.172635">
        <ele>746.652</ele>
        <time>2023-12-27T21:03:51Z</time>
      </trkpt>
      <trkpt lat="43.319398" lon="-5.172603">
        <ele>750.253</ele>
        <time>2023-12-27T21:04:31Z</time>
      </trkpt>
      <trkpt lat="43.319335" lon="-5.172592">
        <ele>753.108</ele>
        <time>2023-12-27T21:05:11Z</time>
      </trkpt>
      <trkpt lat="43.319261" lon="-5.172592">
        <ele>756.309</ele>
        <time>2023-12-27T21:05:51Z</time>
      </trkpt>
      <trkpt lat="43.319132" lon="-5.172721">
        <ele>758.076</ele>
        <time>2023-12-27T21:06:31Z</time>
      </trkpt>
      <trkpt lat="43.319054" lon="-5.172946">
        <ele>754.480</ele>
        <time>2023-12-27T21:07:11Z</time>
      </trkpt>
      <trkpt lat="43.318996" lon="-5.173150">
        <ele>753.221</ele>
        <time>2023-12-27T21:07:51Z</time>
      </trkpt>
      <trkpt lat="43.318945" lon="-5.173391">
        <ele>754.141</ele>
        <time>2023-12-27T21:08:31Z</time>
      </trkpt>
      <trkpt lat="43.318922" lon="-5.173520">
        <ele>755.435</ele>
        <time>2023-12-27T21:09:11Z</time>
      </trkpt>
      <trkpt lat="43.318832" lon="-5.173756">
        <ele>757.970</ele>
        <time>2023-12-27T21:09:51Z</time>
      </trkpt>
      <trkpt lat="43.318656" lon="-5.173970">
        <ele>763.241</ele>
        <time>2023-12-27T21:10:31Z</time>
      </trkpt>
      <trkpt lat="43.318531" lon="-5.174131">
        <ele>766.598</ele>
        <time>2023-12-27T21:11:11Z</time>
      </trkpt>
      <trkpt lat="43.318305" lon="-5.174367">
        <ele>772.810</ele>
        <time>2023-12-27T21:11:51Z</time>
      </trkpt>
      <trkpt lat="43.318157" lon="-5.174550">
        <ele>776.937</ele>
        <time>2023-12-27T21:12:31Z</time>
      </trkpt>
      <trkpt lat="43.317997" lon="-5.174738">
        <ele>782.549</ele>
        <time>2023-12-27T21:13:11Z</time>
      </trkpt>
      <trkpt lat="43.317903" lon="-5.174877">
        <ele>785.813</ele>
        <time>2023-12-27T21:13:51Z</time>
      </trkpt>
      <trkpt lat="43.317860" lon="-5.174984">
        <ele>790.309</ele>
        <time>2023-12-27T21:14:31Z</time>
      </trkpt>
      <trkpt lat="43.317770" lon="-5.175113">
        <ele>795.934</ele>
        <time>2023-12-27T21:15:11Z</time>
      </trkpt>
      <trkpt lat="43.317696" lon="-5.175204">
        <ele>799.138</ele>
        <time>2023-12-27T21:15:51Z</time>
      </trkpt>
      <trkpt lat="43.317622" lon="-5.175279">
        <ele>802.839</ele>
        <time>2023-12-27T21:16:31Z</time>
      </trkpt>
      <trkpt lat="43.317591" lon="-5.175344">
        <ele>804.519</ele>
        <time>2023-12-27T21:17:11Z</time>
      </trkpt>
      <trkpt lat="43.317575" lon="-5.175440">
        <ele>806.613</ele>
        <time>2023-12-27T21:17:51Z</time>
      </trkpt>
      <trkpt lat="43.317536" lon="-5.175478">
        <ele>808.748</ele>
        <time>2023-12-27T21:18:31Z</time>
      </trkpt>
      <trkpt lat="43.317497" lon="-5.175564">
        <ele>812.029</ele>
        <time>2023-12-27T21:19:11Z</time>
      </trkpt>
      <trkpt lat="43.317392" lon="-5.175730">
        <ele>813.666</ele>
        <time>2023-12-27T21:19:51Z</time>
      </trkpt>
      <trkpt lat="43.317349" lon="-5.175773">
        <ele>815.068</ele>
        <time>2023-12-27T21:20:31Z</time>
      </trkpt>
      <trkpt lat="43.317279" lon="-5.175907">
        <ele>818.799</ele>
        <time>2023-12-27T21:21:11Z</time>
      </trkpt>
      <trkpt lat="43.317158" lon="-5.176052">
        <ele>823.007</ele>
        <time>2023-12-27T21:21:51Z</time>
      </trkpt>
      <trkpt lat="43.316959" lon="-5.176213">
        <ele>826.327</ele>
        <time>2023-12-27T21:22:31Z</time>
      </trkpt>
      <trkpt lat="43.316787" lon="-5.176363">
        <ele>827.609</ele>
        <time>2023-12-27T21:23:11Z</time>
      </trkpt>
      <trkpt lat="43.316697" lon="-5.176449">
        <ele>827.680</ele>
        <time>2023-12-27T21:23:51Z</time>
      </trkpt>
      <trkpt lat="43.316615" lon="-5.176481">
        <ele>827.774</ele>
        <time>2023-12-27T21:24:31Z</time>
      </trkpt>
      <trkpt lat="43.316404" lon="-5.176460">
        <ele>829.275</ele>
        <time>2023-12-27T21:25:11Z</time>
      </trkpt>
      <trkpt lat="43.316299" lon="-5.176417">
        <ele>830.445</ele>
        <time>2023-12-27T21:25:51Z</time>
      </trkpt>
      <trkpt lat="43.316233" lon="-5.176384">
        <ele>831.029</ele>
        <time>2023-12-27T21:26:31Z</time>
      </trkpt>
      <trkpt lat="43.316158" lon="-5.176358">
        <ele>830.554</ele>
        <time>2023-12-27T21:27:11Z</time>
      </trkpt>
      <trkpt lat="43.316092" lon="-5.176336">
        <ele>829.915</ele>
        <time>2023-12-27T21:27:51Z</time>
      </trkpt>
      <trkpt lat="43.316014" lon="-5.176336">
        <ele>830.522</ele>
        <time>2023-12-27T21:28:31Z</time>
      </trkpt>
      <trkpt lat="43.315932" lon="-5.176368">
        <ele>832.414</ele>
        <time>2023-12-27T21:29:11Z</time>
      </trkpt>
      <trkpt lat="43.315866" lon="-5.176374">
        <ele>833.238</ele>
        <time>2023-12-27T21:29:51Z</time>
      </trkpt>
      <trkpt lat="43.315823" lon="-5.176449">
        <ele>833.370</ele>
        <time>2023-12-27T21:30:31Z</time>
      </trkpt>
      <trkpt lat="43.315760" lon="-5.176545">
        <ele>830.117</ele>
        <time>2023-12-27T21:31:11Z</time>
      </trkpt>
      <trkpt lat="43.315713" lon="-5.176610">
        <ele>828.109</ele>
        <time>2023-12-27T21:31:51Z</time>
      </trkpt>
      <trkpt lat="43.315667" lon="-5.176669">
        <ele>826.454</ele>
        <time>2023-12-27T21:32:31Z</time>
      </trkpt>
      <trkpt lat="43.315639" lon="-5.176712">
        <ele>824.518</ele>
        <time>2023-12-27T21:33:11Z</time>
      </trkpt>
      <trkpt lat="43.315585" lon="-5.176653">
        <ele>823.049</ele>
        <time>2023-12-27T21:33:51Z</time>
      </trkpt>
      <trkpt lat="43.315468" lon="-5.176867">
        <ele>815.029</ele>
        <time>2023-12-27T21:34:31Z</time>
      </trkpt>
      <trkpt lat="43.315421" lon="-5.176867">
        <ele>812.453</ele>
        <time>2023-12-27T21:35:11Z</time>
      </trkpt>
      <trkpt lat="43.315386" lon="-5.176975">
        <ele>809.668</ele>
        <time>2023-12-27T21:35:51Z</time>
      </trkpt>
      <trkpt lat="43.315331" lon="-5.176969">
        <ele>807.139</ele>
        <time>2023-12-27T21:36:31Z</time>
      </trkpt>
      <trkpt lat="43.315276" lon="-5.176991">
        <ele>804.176</ele>
        <time>2023-12-27T21:37:11Z</time>
      </trkpt>
      <trkpt lat="43.315241" lon="-5.177039">
        <ele>801.498</ele>
        <time>2023-12-27T21:37:51Z</time>
      </trkpt>
      <trkpt lat="43.315163" lon="-5.177093">
        <ele>797.319</ele>
        <time>2023-12-27T21:38:31Z</time>
      </trkpt>
      <trkpt lat="43.315112" lon="-5.177162">
        <ele>795.509</ele>
        <time>2023-12-27T21:39:11Z</time>
      </trkpt>
      <trkpt lat="43.315038" lon="-5.177205">
        <ele>793.719</ele>
        <time>2023-12-27T21:39:51Z</time>
      </trkpt>
      <trkpt lat="43.314991" lon="-5.177291">
        <ele>791.409</ele>
        <time>2023-12-27T21:40:31Z</time>
      </trkpt>
      <trkpt lat="43.314886" lon="-5.177372">
        <ele>787.242</ele>
        <time>2023-12-27T21:41:11Z</time>
      </trkpt>
      <trkpt lat="43.314831" lon="-5.177398">
        <ele>785.856</ele>
        <time>2023-12-27T21:41:51Z</time>
      </trkpt>
      <trkpt lat="43.314710" lon="-5.177490">
        <ele>784.447</ele>
        <time>2023-12-27T21:42:31Z</time>
      </trkpt>
      <trkpt lat="43.314613" lon="-5.177532">
        <ele>780.677</ele>
        <time>2023-12-27T21:43:11Z</time>
      </trkpt>
      <trkpt lat="43.314484" lon="-5.177608">
        <ele>776.431</ele>
        <time>2023-12-27T21:43:51Z</time>
      </trkpt>
      <trkpt lat="43.314375" lon="-5.177667">
        <ele>773.896</ele>
        <time>2023-12-27T21:44:31Z</time>
      </trkpt>
      <trkpt lat="43.314238" lon="-5.177715">
        <ele>771.587</ele>
        <time>2023-12-27T21:45:11Z</time>
      </trkpt>
      <trkpt lat="43.314012" lon="-5.177822">
        <ele>769.134</ele>
        <time>2023-12-27T21:45:51Z</time>
      </trkpt>
      <trkpt lat="43.313785" lon="-5.177865">
        <ele>766.536</ele>
        <time>2023-12-27T21:46:31Z</time>
      </trkpt>
      <trkpt lat="43.313536" lon="-5.177886">
        <ele>765.774</ele>
        <time>2023-12-27T21:47:11Z</time>
      </trkpt>
      <trkpt lat="43.313360" lon="-5.177967">
        <ele>766.356</ele>
        <time>2023-12-27T21:47:51Z</time>
      </trkpt>
      <trkpt lat="43.313118" lon="-5.178047">
        <ele>764.421</ele>
        <time>2023-12-27T21:48:31Z</time>
      </trkpt>
      <trkpt lat="43.313009" lon="-5.178090">
        <ele>763.409</ele>
        <time>2023-12-27T21:49:11Z</time>
      </trkpt>
      <trkpt lat="43.312833" lon="-5.178144">
        <ele>763.868</ele>
        <time>2023-12-27T21:49:51Z</time>
      </trkpt>
      <trkpt lat="43.312669" lon="-5.178224">
        <ele>765.792</ele>
        <time>2023-12-27T21:50:31Z</time>
      </trkpt>
      <trkpt lat="43.312489" lon="-5.178375">
        <ele>769.473</ele>
        <time>2023-12-27T21:51:11Z</time>
      </trkpt>
      <trkpt lat="43.312318" lon="-5.178428">
        <ele>771.393</ele>
        <time>2023-12-27T21:51:51Z</time>
      </trkpt>
      <trkpt lat="43.312126" lon="-5.178541">
        <ele>772.687</ele>
        <time>2023-12-27T21:52:31Z</time>
      </trkpt>
      <trkpt lat="43.311779" lon="-5.178756">
        <ele>773.552</ele>
        <time>2023-12-27T21:53:11Z</time>
      </trkpt>
      <trkpt lat="43.311545" lon="-5.178927">
        <ele>773.523</ele>
        <time>2023-12-27T21:53:51Z</time>
      </trkpt>
      <trkpt lat="43.311205" lon="-5.179136">
        <ele>775.860</ele>
        <time>2023-12-27T21:54:31Z</time>
      </trkpt>
      <trkpt lat="43.311002" lon="-5.179324">
        <ele>774.012</ele>
        <time>2023-12-27T21:55:11Z</time>
      </trkpt>
      <trkpt lat="43.310834" lon="-5.179448">
        <ele>773.833</ele>
        <time>2023-12-27T21:55:51Z</time>
      </trkpt>
      <trkpt lat="43.310643" lon="-5.179592">
        <ele>773.823</ele>
        <time>2023-12-27T21:56:31Z</time>
      </trkpt>
      <trkpt lat="43.310522" lon="-5.179694">
        <ele>773.515</ele>
        <time>2023-12-27T21:57:11Z</time>
      </trkpt>
      <trkpt lat="43.310179" lon="-5.179930">
        <ele>773.709</ele>
        <time>2023-12-27T21:57:51Z</time>
      </trkpt>
      <trkpt lat="43.309866" lon="-5.180102">
        <ele>776.514</ele>
        <time>2023-12-27T21:58:31Z</time>
      </trkpt>
      <trkpt lat="43.309687" lon="-5.180225">
        <ele>777.828</ele>
        <time>2023-12-27T21:59:11Z</time>
      </trkpt>
      <trkpt lat="43.309593" lon="-5.180317">
        <ele>777.349</ele>
        <time>2023-12-27T21:59:51Z</time>
      </trkpt>
      <trkpt lat="43.309499" lon="-5.180327">
        <ele>780.579</ele>
        <time>2023-12-27T22:00:31Z</time>
      </trkpt>
      <trkpt lat="43.309437" lon="-5.180365">
        <ele>781.273</ele>
        <time>2023-12-27T22:01:11Z</time>
      </trkpt>
      <trkpt lat="43.309367" lon="-5.180467">
        <ele>778.798</ele>
        <time>2023-12-27T22:01:51Z</time>
      </trkpt>
      <trkpt lat="43.309332" lon="-5.180483">
        <ele>779.029</ele>
        <time>2023-12-27T22:02:31Z</time>
      </trkpt>
      <trkpt lat="43.309183" lon="-5.180585">
        <ele>779.016</ele>
        <time>2023-12-27T22:03:11Z</time>
      </trkpt>
      <trkpt lat="43.309023" lon="-5.180596">
        <ele>781.558</ele>
        <time>2023-12-27T22:03:51Z</time>
      </trkpt>
      <trkpt lat="43.308898" lon="-5.180601">
        <ele>783.526</ele>
        <time>2023-12-27T22:04:31Z</time>
      </trkpt>
      <trkpt lat="43.308777" lon="-5.180617">
        <ele>784.647</ele>
        <time>2023-12-27T22:05:11Z</time>
      </trkpt>
      <trkpt lat="43.308645" lon="-5.180655">
        <ele>784.811</ele>
        <time>2023-12-27T22:05:51Z</time>
      </trkpt>
      <trkpt lat="43.308528" lon="-5.180649">
        <ele>786.209</ele>
        <time>2023-12-27T22:06:31Z</time>
      </trkpt>
      <trkpt lat="43.308352" lon="-5.180681">
        <ele>786.323</ele>
        <time>2023-12-27T22:07:11Z</time>
      </trkpt>
      <trkpt lat="43.308196" lon="-5.180730">
        <ele>784.997</ele>
        <time>2023-12-27T22:07:51Z</time>
      </trkpt>
      <trkpt lat="43.308063" lon="-5.180746">
        <ele>785.088</ele>
        <time>2023-12-27T22:08:31Z</time>
      </trkpt>
      <trkpt lat="43.307958" lon="-5.180799">
        <ele>784.998</ele>
        <time>2023-12-27T22:09:11Z</time>
      </trkpt>
      <trkpt lat="43.307716" lon="-5.180912">
        <ele>784.922</ele>
        <time>2023-12-27T22:09:51Z</time>
      </trkpt>
      <trkpt lat="43.307536" lon="-5.180955">
        <ele>786.467</ele>
        <time>2023-12-27T22:10:31Z</time>
      </trkpt>
      <trkpt lat="43.307349" lon="-5.181019">
        <ele>787.318</ele>
        <time>2023-12-27T22:11:11Z</time>
      </trkpt>
      <trkpt lat="43.307134" lon="-5.181186">
        <ele>788.035</ele>
        <time>2023-12-27T22:11:51Z</time>
      </trkpt>
      <trkpt lat="43.306927" lon="-5.181389">
        <ele>791.727</ele>
        <time>2023-12-27T22:12:31Z</time>
      </trkpt>
      <trkpt lat="43.306818" lon="-5.181465">
        <ele>789.078</ele>
        <time>2023-12-27T22:13:11Z</time>
      </trkpt>
      <trkpt lat="43.306685" lon="-5.181545">
        <ele>789.133</ele>
        <time>2023-12-27T22:13:51Z</time>
      </trkpt>
      <trkpt lat="43.306599" lon="-5.181583">
        <ele>789.826</ele>
        <time>2023-12-27T22:14:31Z</time>
      </trkpt>
      <trkpt lat="43.306513" lon="-5.181604">
        <ele>790.309</ele>
        <time>2023-12-27T22:15:11Z</time>
      </trkpt>
      <trkpt lat="43.306416" lon="-5.181625">
        <ele>791.358</ele>
        <time>2023-12-27T22:15:51Z</time>
      </trkpt>
      <trkpt lat="43.306197" lon="-5.181711">
        <ele>794.062</ele>
        <time>2023-12-27T22:16:31Z</time>
      </trkpt>
      <trkpt lat="43.306084" lon="-5.181711">
        <ele>795.473</ele>
        <time>2023-12-27T22:17:11Z</time>
      </trkpt>
      <trkpt lat="43.306010" lon="-5.181738">
        <ele>796.823</ele>
        <time>2023-12-27T22:17:51Z</time>
      </trkpt>
      <trkpt lat="43.305963" lon="-5.181760">
        <ele>798.067</ele>
        <time>2023-12-27T22:18:31Z</time>
      </trkpt>
      <trkpt lat="43.305908" lon="-5.181797">
        <ele>799.972</ele>
        <time>2023-12-27T22:19:11Z</time>
      </trkpt>
      <trkpt lat="43.305842" lon="-5.181808">
        <ele>801.923</ele>
        <time>2023-12-27T22:19:51Z</time>
      </trkpt>
      <trkpt lat="43.305779" lon="-5.181851">
        <ele>804.150</ele>
        <time>2023-12-27T22:20:31Z</time>
      </trkpt>
      <trkpt lat="43.305733" lon="-5.181915">
        <ele>807.162</ele>
        <time>2023-12-27T22:21:11Z</time>
      </trkpt>
      <trkpt lat="43.305682" lon="-5.181883">
        <ele>806.877</ele>
        <time>2023-12-27T22:21:51Z</time>
      </trkpt>
      <trkpt lat="43.305639" lon="-5.181921">
        <ele>809.261</ele>
        <time>2023-12-27T22:22:31Z</time>
      </trkpt>
      <trkpt lat="43.305580" lon="-5.181974">
        <ele>811.727</ele>
        <time>2023-12-27T22:23:11Z</time>
      </trkpt>
      <trkpt lat="43.305561" lon="-5.181996">
        <ele>812.409</ele>
        <time>2023-12-27T22:23:51Z</time>
      </trkpt>
      <trkpt lat="43.305490" lon="-5.182001">
        <ele>813.988</ele>
        <time>2023-12-27T22:24:31Z</time>
      </trkpt>
      <trkpt lat="43.305440" lon="-5.182055">
        <ele>816.262</ele>
        <time>2023-12-27T22:25:11Z</time>
      </trkpt>
      <trkpt lat="43.305416" lon="-5.182119">
        <ele>818.423</ele>
        <time>2023-12-27T22:25:51Z</time>
      </trkpt>
      <trkpt lat="43.305354" lon="-5.182140">
        <ele>821.123</ele>
        <time>2023-12-27T22:26:31Z</time>
      </trkpt>
      <trkpt lat="43.305303" lon="-5.182124">
        <ele>822.367</ele>
        <time>2023-12-27T22:27:11Z</time>
      </trkpt>
      <trkpt lat="43.305256" lon="-5.182130">
        <ele>823.952</ele>
        <time>2023-12-27T22:27:51Z</time>
      </trkpt>
      <trkpt lat="43.305233" lon="-5.182135">
        <ele>824.813</ele>
        <time>2023-12-27T22:28:31Z</time>
      </trkpt>
      <trkpt lat="43.305206" lon="-5.182205">
        <ele>828.410</ele>
        <time>2023-12-27T22:29:11Z</time>
      </trkpt>
      <trkpt lat="43.305155" lon="-5.182226">
        <ele>830.512</ele>
        <time>2023-12-27T22:29:51Z</time>
      </trkpt>
      <trkpt lat="43.305127" lon="-5.182221">
        <ele>831.393</ele>
        <time>2023-12-27T22:30:31Z</time>
      </trkpt>
      <trkpt lat="43.305100" lon="-5.182291">
        <ele>832.665</ele>
        <time>2023-12-27T22:31:11Z</time>
      </trkpt>
      <trkpt lat="43.305069" lon="-5.182301">
        <ele>833.921</ele>
        <time>2023-12-27T22:31:51Z</time>
      </trkpt>
      <trkpt lat="43.304983" lon="-5.182355">
        <ele>838.009</ele>
        <time>2023-12-27T22:32:31Z</time>
      </trkpt>
      <trkpt lat="43.304924" lon="-5.182377">
        <ele>840.770</ele>
        <time>2023-12-27T22:33:11Z</time>
      </trkpt>
      <trkpt lat="43.304893" lon="-5.182350">
        <ele>841.384</ele>
        <time>2023-12-27T22:33:51Z</time>
      </trkpt>
      <trkpt lat="43.304827" lon="-5.182398">
        <ele>844.875</ele>
        <time>2023-12-27T22:34:31Z</time>
      </trkpt>
      <trkpt lat="43.304800" lon="-5.182457">
        <ele>847.015</ele>
        <time>2023-12-27T22:35:11Z</time>
      </trkpt>
      <trkpt lat="43.304679" lon="-5.182505">
        <ele>849.869</ele>
        <time>2023-12-27T22:35:51Z</time>
      </trkpt>
      <trkpt lat="43.304608" lon="-5.182516">
        <ele>847.994</ele>
        <time>2023-12-27T22:36:31Z</time>
      </trkpt>
      <trkpt lat="43.304565" lon="-5.182468">
        <ele>846.755</ele>
        <time>2023-12-27T22:37:11Z</time>
      </trkpt>
      <trkpt lat="43.304499" lon="-5.182366">
        <ele>844.432</ele>
        <time>2023-12-27T22:37:51Z</time>
      </trkpt>
      <trkpt lat="43.304382" lon="-5.182162">
        <ele>839.184</ele>
        <time>2023-12-27T22:38:31Z</time>
      </trkpt>
      <trkpt lat="43.304335" lon="-5.182071">
        <ele>836.428</ele>
        <time>2023-12-27T22:39:11Z</time>
      </trkpt>
      <trkpt lat="43.304273" lon="-5.182001">
        <ele>834.089</ele>
        <time>2023-12-27T22:39:51Z</time>
      </trkpt>
      <trkpt lat="43.304230" lon="-5.181926">
        <ele>832.717</ele>
        <time>2023-12-27T22:40:31Z</time>
      </trkpt>
      <trkpt lat="43.304179" lon="-5.181813">
        <ele>831.109</ele>
        <time>2023-12-27T22:41:11Z</time>
      </trkpt>
      <trkpt lat="43.304120" lon="-5.181706">
        <ele>828.613</ele>
        <time>2023-12-27T22:41:51Z</time>
      </trkpt>
      <trkpt lat="43.304066" lon="-5.181647">
        <ele>825.457</ele>
        <time>2023-12-27T22:42:31Z</time>
      </trkpt>
      <trkpt lat="43.303995" lon="-5.181615">
        <ele>821.628</ele>
        <time>2023-12-27T22:43:11Z</time>
      </trkpt>
      <trkpt lat="43.303921" lon="-5.181566">
        <ele>818.278</ele>
        <time>2023-12-27T22:43:51Z</time>
      </trkpt>
      <trkpt lat="43.303882" lon="-5.181481">
        <ele>816.772</ele>
        <time>2023-12-27T22:44:31Z</time>
      </trkpt>
      <trkpt lat="43.303785" lon="-5.181320">
        <ele>812.087</ele>
        <time>2023-12-27T22:45:11Z</time>
      </trkpt>
      <trkpt lat="43.303718" lon="-5.181164">
        <ele>810.478</ele>
        <time>2023-12-27T22:45:51Z</time>
      </trkpt>
      <trkpt lat="43.303613" lon="-5.180976">
        <ele>808.535</ele>
        <time>2023-12-27T22:46:31Z</time>
      </trkpt>
      <trkpt lat="43.303472" lon="-5.180789">
        <ele>803.527</ele>
        <time>2023-12-27T22:47:11Z</time>
      </trkpt>
      <trkpt lat="43.303410" lon="-5.180756">
        <ele>802.975</ele>
        <time>2023-12-27T22:47:51Z</time>
      </trkpt>
      <trkpt lat="43.303304" lon="-5.180649">
        <ele>800.528</ele>
        <time>2023-12-27T22:48:31Z</time>
      </trkpt>
      <trkpt lat="43.303308" lon="-5.180537">
        <ele>798.320</ele>
        <time>2023-12-27T22:49:11Z</time>
      </trkpt>
      <trkpt lat="43.303297" lon="-5.180461">
        <ele>794.509</ele>
        <time>2023-12-27T22:49:51Z</time>
      </trkpt>
      <trkpt lat="43.303211" lon="-5.180263">
        <ele>786.218</ele>
        <time>2023-12-27T22:50:31Z</time>
      </trkpt>
      <trkpt lat="43.303129" lon="-5.180000">
        <ele>776.612</ele>
        <time>2023-12-27T22:51:11Z</time>
      </trkpt>
      <trkpt lat="43.303027" lon="-5.179925">
        <ele>775.293</ele>
        <time>2023-12-27T22:51:51Z</time>
      </trkpt>
      <trkpt lat="43.302992" lon="-5.179780">
        <ele>769.553</ele>
        <time>2023-12-27T22:52:31Z</time>
      </trkpt>
      <trkpt lat="43.302988" lon="-5.179635">
        <ele>763.937</ele>
        <time>2023-12-27T22:53:11Z</time>
      </trkpt>
      <trkpt lat="43.302937" lon="-5.179507">
        <ele>759.622</ele>
        <time>2023-12-27T22:53:51Z</time>
      </trkpt>
      <trkpt lat="43.302898" lon="-5.179480">
        <ele>759.643</ele>
        <time>2023-12-27T22:54:31Z</time>
      </trkpt>
      <trkpt lat="43.302883" lon="-5.179383">
        <ele>756.940</ele>
        <time>2023-12-27T22:55:11Z</time>
      </trkpt>
      <trkpt lat="43.302812" lon="-5.179287">
        <ele>756.272</ele>
        <time>2023-12-27T22:55:51Z</time>
      </trkpt>
      <trkpt lat="43.302777" lon="-5.179110">
        <ele>753.013</ele>
        <time>2023-12-27T22:56:31Z</time>
      </trkpt>
      <trkpt lat="43.302809" lon="-5.178986">
        <ele>749.043</ele>
        <time>2023-12-27T22:57:11Z</time>
      </trkpt>
      <trkpt lat="43.302801" lon="-5.178831">
        <ele>746.707</ele>
        <time>2023-12-27T22:57:51Z</time>
      </trkpt>
      <trkpt lat="43.302723" lon="-5.178750">
        <ele>748.009</ele>
        <time>2023-12-27T22:58:31Z</time>
      </trkpt>
      <trkpt lat="43.302649" lon="-5.178670">
        <ele>748.782</ele>
        <time>2023-12-27T22:59:11Z</time>
      </trkpt>
      <trkpt lat="43.302559" lon="-5.178541">
        <ele>748.176</ele>
        <time>2023-12-27T22:59:51Z</time>
      </trkpt>
      <trkpt lat="43.302461" lon="-5.178380">
        <ele>744.697</ele>
        <time>2023-12-27T23:00:31Z</time>
      </trkpt>
      <trkpt lat="43.302395" lon="-5.178165">
        <ele>738.717</ele>
        <time>2023-12-27T23:01:11Z</time>
      </trkpt>
      <trkpt lat="43.302285" lon="-5.177870">
        <ele>733.071</ele>
        <time>2023-12-27T23:01:51Z</time>
      </trkpt>
      <trkpt lat="43.302200" lon="-5.177570">
        <ele>727.356</ele>
        <time>2023-12-27T23:02:31Z</time>
      </trkpt>
      <trkpt lat="43.302161" lon="-5.177398">
        <ele>723.367</ele>
        <time>2023-12-27T23:03:11Z</time>
      </trkpt>
      <trkpt lat="43.302106" lon="-5.177216">
        <ele>720.534</ele>
        <time>2023-12-27T23:03:51Z</time>
      </trkpt>
      <trkpt lat="43.302020" lon="-5.176975">
        <ele>720.936</ele>
        <time>2023-12-27T23:04:31Z</time>
      </trkpt>
      <trkpt lat="43.301918" lon="-5.176840">
        <ele>722.368</ele>
        <time>2023-12-27T23:05:11Z</time>
      </trkpt>
      <trkpt lat="43.301786" lon="-5.176760">
        <ele>722.042</ele>
        <time>2023-12-27T23:05:51Z</time>
      </trkpt>
      <trkpt lat="43.301676" lon="-5.176722">
        <ele>722.526</ele>
        <time>2023-12-27T23:06:31Z</time>
      </trkpt>
      <trkpt lat="43.301551" lon="-5.176717">
        <ele>721.709</ele>
        <time>2023-12-27T23:07:11Z</time>
      </trkpt>
      <trkpt lat="43.301372" lon="-5.176610">
        <ele>719.427</ele>
        <time>2023-12-27T23:07:51Z</time>
      </trkpt>
      <trkpt lat="43.301302" lon="-5.176599">
        <ele>719.691</ele>
        <time>2023-12-27T23:08:31Z</time>
      </trkpt>
      <trkpt lat="43.301114" lon="-5.176567">
        <ele>721.092</ele>
        <time>2023-12-27T23:09:11Z</time>
      </trkpt>
      <trkpt lat="43.301009" lon="-5.176561">
        <ele>723.552</ele>
        <time>2023-12-27T23:09:51Z</time>
      </trkpt>
      <trkpt lat="43.300907" lon="-5.176567">
        <ele>725.626</ele>
        <time>2023-12-27T23:10:31Z</time>
      </trkpt>
      <trkpt lat="43.300814" lon="-5.176561">
        <ele>727.961</ele>
        <time>2023-12-27T23:11:11Z</time>
      </trkpt>
      <trkpt lat="43.300642" lon="-5.176610">
        <ele>729.812</ele>
        <time>2023-12-27T23:11:51Z</time>
      </trkpt>
      <trkpt lat="43.300466" lon="-5.176588">
        <ele>733.769</ele>
        <time>2023-12-27T23:12:31Z</time>
      </trkpt>
      <trkpt lat="43.300326" lon="-5.176519">
        <ele>737.931</ele>
        <time>2023-12-27T23:13:11Z</time>
      </trkpt>
      <trkpt lat="43.300236" lon="-5.176422">
        <ele>739.819</ele>
        <time>2023-12-27T23:13:51Z</time>
      </trkpt>
      <trkpt lat="43.300177" lon="-5.176256">
        <ele>740.409</ele>
        <time>2023-12-27T23:14:31Z</time>
      </trkpt>
      <trkpt lat="43.300134" lon="-5.176138">
        <ele>739.719</ele>
        <time>2023-12-27T23:15:11Z</time>
      </trkpt>
      <trkpt lat="43.300134" lon="-5.176036">
        <ele>741.109</ele>
        <time>2023-12-27T23:15:51Z</time>
      </trkpt>
      <trkpt lat="43.300111" lon="-5.175853">
        <ele>741.812</ele>
        <time>2023-12-27T23:16:31Z</time>
      </trkpt>
      <trkpt lat="43.300123" lon="-5.175612">
        <ele>744.816</ele>
        <time>2023-12-27T23:17:11Z</time>
      </trkpt>
      <trkpt lat="43.300076" lon="-5.175408">
        <ele>744.067</ele>
        <time>2023-12-27T23:17:51Z</time>
      </trkpt>
      <trkpt lat="43.300080" lon="-5.175113">
        <ele>747.197</ele>
        <time>2023-12-27T23:18:31Z</time>
      </trkpt>
      <trkpt lat="43.300084" lon="-5.174941">
        <ele>748.761</ele>
        <time>2023-12-27T23:19:11Z</time>
      </trkpt>
      <trkpt lat="43.300119" lon="-5.174797">
        <ele>753.426</ele>
        <time>2023-12-27T23:19:51Z</time>
      </trkpt>
      <trkpt lat="43.300134" lon="-5.174700">
        <ele>755.587</ele>
        <time>2023-12-27T23:20:31Z</time>
      </trkpt>
      <trkpt lat="43.300146" lon="-5.174593">
        <ele>755.994</ele>
        <time>2023-12-27T23:21:11Z</time>
      </trkpt>
      <trkpt lat="43.300209" lon="-5.174426">
        <ele>759.146</ele>
        <time>2023-12-27T23:21:51Z</time>
      </trkpt>
      <trkpt lat="43.300212" lon="-5.174314">
        <ele>757.821</ele>
        <time>2023-12-27T23:22:31Z</time>
      </trkpt>
      <trkpt lat="43.300205" lon="-5.174180">
        <ele>755.841</ele>
        <time>2023-12-27T23:23:11Z</time>
      </trkpt>
      <trkpt lat="43.300212" lon="-5.173997">
        <ele>753.405</ele>
        <time>2023-12-27T23:23:51Z</time>
      </trkpt>
      <trkpt lat="43.300236" lon="-5.173831">
        <ele>749.709</ele>
        <time>2023-12-27T23:24:31Z</time>
      </trkpt>
      <trkpt lat="43.300267" lon="-5.173654">
        <ele>740.563</ele>
        <time>2023-12-27T23:25:11Z</time>
      </trkpt>
      <trkpt lat="43.300337" lon="-5.173536">
        <ele>731.317</ele>
        <time>2023-12-27T23:25:51Z</time>
      </trkpt>
      <trkpt lat="43.300412" lon="-5.173407">
        <ele>721.118</ele>
        <time>2023-12-27T23:26:31Z</time>
      </trkpt>
      <trkpt lat="43.300466" lon="-5.173257">
        <ele>718.188</ele>
        <time>2023-12-27T23:27:11Z</time>
      </trkpt>
      <trkpt lat="43.300540" lon="-5.173112">
        <ele>720.162</ele>
        <time>2023-12-27T23:27:51Z</time>
      </trkpt>
      <trkpt lat="43.300595" lon="-5.173048">
        <ele>719.017</ele>
        <time>2023-12-27T23:28:31Z</time>
      </trkpt>
      <trkpt lat="43.300603" lon="-5.172989">
        <ele>720.148</ele>
        <time>2023-12-27T23:29:11Z</time>
      </trkpt>
      <trkpt lat="43.300615" lon="-5.172769">
        <ele>725.925</ele>
        <time>2023-12-27T23:29:51Z</time>
      </trkpt>
      <trkpt lat="43.300654" lon="-5.172565">
        <ele>726.797</ele>
        <time>2023-12-27T23:30:31Z</time>
      </trkpt>
      <trkpt lat="43.300638" lon="-5.172506">
        <ele>729.047</ele>
        <time>2023-12-27T23:31:11Z</time>
      </trkpt>
      <trkpt lat="43.300661" lon="-5.172350">
        <ele>731.229</ele>
        <time>2023-12-27T23:31:51Z</time>
      </trkpt>
      <trkpt lat="43.300697" lon="-5.172195">
        <ele>732.521</ele>
        <time>2023-12-27T23:32:31Z</time>
      </trkpt>
      <trkpt lat="43.300638" lon="-5.172147">
        <ele>737.909</ele>
        <time>2023-12-27T23:33:11Z</time>
      </trkpt>
      <trkpt lat="43.300525" lon="-5.172066">
        <ele>747.235</ele>
        <time>2023-12-27T23:33:51Z</time>
      </trkpt>
      <trkpt lat="43.300427" lon="-5.171959">
        <ele>754.379</ele>
        <time>2023-12-27T23:34:31Z</time>
      </trkpt>
      <trkpt lat="43.300310" lon="-5.171830">
        <ele>754.890</ele>
        <time>2023-12-27T23:35:11Z</time>
      </trkpt>
      <trkpt lat="43.300240" lon="-5.171701">
        <ele>750.750</ele>
        <time>2023-12-27T23:35:51Z</time>
      </trkpt>
      <trkpt lat="43.300119" lon="-5.171578">
        <ele>747.894</ele>
        <time>2023-12-27T23:36:31Z</time>
      </trkpt>
      <trkpt lat="43.300013" lon="-5.171497">
        <ele>747.849</ele>
        <time>2023-12-27T23:37:11Z</time>
      </trkpt>
      <trkpt lat="43.299900" lon="-5.171401">
        <ele>748.870</ele>
        <time>2023-12-27T23:37:51Z</time>
      </trkpt>
      <trkpt lat="43.299787" lon="-5.171267">
        <ele>746.837</ele>
        <time>2023-12-27T23:38:31Z</time>
      </trkpt>
      <trkpt lat="43.299693" lon="-5.171213">
        <ele>747.829</ele>
        <time>2023-12-27T23:39:11Z</time>
      </trkpt>
      <trkpt lat="43.299603" lon="-5.171165">
        <ele>749.331</ele>
        <time>2023-12-27T23:39:51Z</time>
      </trkpt>
      <trkpt lat="43.299506" lon="-5.171084">
        <ele>749.861</ele>
        <time>2023-12-27T23:40:31Z</time>
      </trkpt>
      <trkpt lat="43.299338" lon="-5.170972">
        <ele>752.207</ele>
        <time>2023-12-27T23:41:11Z</time>
      </trkpt>
      <trkpt lat="43.299248" lon="-5.170902">
        <ele>753.209</ele>
        <time>2023-12-27T23:41:51Z</time>
      </trkpt>
      <trkpt lat="43.299069" lon="-5.170838">
        <ele>758.854</ele>
        <time>2023-12-27T23:42:31Z</time>
      </trkpt>
      <trkpt lat="43.298998" lon="-5.170752">
        <ele>758.198</ele>
        <time>2023-12-27T23:43:11Z</time>
      </trkpt>
      <trkpt lat="43.298889" lon="-5.170623">
        <ele>757.269</ele>
        <time>2023-12-27T23:43:51Z</time>
      </trkpt>
      <trkpt lat="43.298748" lon="-5.170494">
        <ele>757.979</ele>
        <time>2023-12-27T23:44:31Z</time>
      </trkpt>
      <trkpt lat="43.298600" lon="-5.170392">
        <ele>760.483</ele>
        <time>2023-12-27T23:45:11Z</time>
      </trkpt>
      <trkpt lat="43.298551" lon="-5.170366">
        <ele>761.558</ele>
        <time>2023-12-27T23:45:51Z</time>
      </trkpt>
      <trkpt lat="43.298489" lon="-5.170312">
        <ele>762.169</ele>
        <time>2023-12-27T23:46:31Z</time>
      </trkpt>
      <trkpt lat="43.298417" lon="-5.170282">
        <ele>764.246</ele>
        <time>2023-12-27T23:47:11Z</time>
      </trkpt>
      <trkpt lat="43.298413" lon="-5.170240">
        <ele>762.838</ele>
        <time>2023-12-27T23:47:51Z</time>
      </trkpt>
      <trkpt lat="43.298428" lon="-5.170140">
        <ele>758.136</ele>
        <time>2023-12-27T23:48:31Z</time>
      </trkpt>
      <trkpt lat="43.298428" lon="-5.169985">
        <ele>751.917</ele>
        <time>2023-12-27T23:49:11Z</time>
      </trkpt>
      <trkpt lat="43.298385" lon="-5.169894">
        <ele>750.018</ele>
        <time>2023-12-27T23:49:51Z</time>
      </trkpt>
      <trkpt lat="43.298319" lon="-5.169754">
        <ele>747.009</ele>
        <time>2023-12-27T23:50:31Z</time>
      </trkpt>
      <trkpt lat="43.298331" lon="-5.169588">
        <ele>740.314</ele>
        <time>2023-12-27T23:51:11Z</time>
      </trkpt>
      <trkpt lat="43.298288" lon="-5.169497">
        <ele>739.098</ele>
        <time>2023-12-27T23:51:51Z</time>
      </trkpt>
      <trkpt lat="43.298202" lon="-5.169384">
        <ele>739.339</ele>
        <time>2023-12-27T23:52:31Z</time>
      </trkpt>
      <trkpt lat="43.298171" lon="-5.169201">
        <ele>735.229</ele>
        <time>2023-12-27T23:53:11Z</time>
      </trkpt>
      <trkpt lat="43.298139" lon="-5.169078">
        <ele>733.413</ele>
        <time>2023-12-27T23:53:51Z</time>
      </trkpt>
      <trkpt lat="43.298089" lon="-5.168853">
        <ele>729.658</ele>
        <time>2023-12-27T23:54:31Z</time>
      </trkpt>
      <trkpt lat="43.298034" lon="-5.168676">
        <ele>726.299</ele>
        <time>2023-12-27T23:55:11Z</time>
      </trkpt>
      <trkpt lat="43.297928" lon="-5.168311">
        <ele>716.726</ele>
        <time>2023-12-27T23:55:51Z</time>
      </trkpt>
      <trkpt lat="43.297804" lon="-5.168134">
        <ele>713.048</ele>
        <time>2023-12-27T23:56:31Z</time>
      </trkpt>
      <trkpt lat="43.297710" lon="-5.167968">
        <ele>708.937</ele>
        <time>2023-12-27T23:57:11Z</time>
      </trkpt>
      <trkpt lat="43.297647" lon="-5.167839">
        <ele>706.049</ele>
        <time>2023-12-27T23:57:51Z</time>
      </trkpt>
      <trkpt lat="43.297522" lon="-5.167549">
        <ele>700.813</ele>
        <time>2023-12-27T23:58:31Z</time>
      </trkpt>
      <trkpt lat="43.297464" lon="-5.167120">
        <ele>695.309</ele>
        <time>2023-12-27T23:59:11Z</time>
      </trkpt>
      <trkpt lat="43.297413" lon="-5.166932">
        <ele>694.234</ele>
        <time>2023-12-27T23:59:51Z</time>
      </trkpt>
      <trkpt lat="43.297382" lon="-5.166766">
        <ele>695.918</ele>
        <time>2023-12-28T00:00:31Z</time>
      </trkpt>
      <trkpt lat="43.297366" lon="-5.166680">
        <ele>696.979</ele>
        <time>2023-12-28T00:01:11Z</time>
      </trkpt>
      <trkpt lat="43.297327" lon="-5.166562">
        <ele>699.829</ele>
        <time>2023-12-28T00:01:51Z</time>
      </trkpt>
      <trkpt lat="43.297261" lon="-5.166503">
        <ele>701.023</ele>
        <time>2023-12-28T00:02:31Z</time>
      </trkpt>
      <trkpt lat="43.297179" lon="-5.166444">
        <ele>702.188</ele>
        <time>2023-12-28T00:03:11Z</time>
      </trkpt>
      <trkpt lat="43.297179" lon="-5.166396">
        <ele>703.529</ele>
        <time>2023-12-28T00:03:51Z</time>
      </trkpt>
      <trkpt lat="43.297175" lon="-5.166267">
        <ele>708.966</ele>
        <time>2023-12-28T00:04:31Z</time>
      </trkpt>
      <trkpt lat="43.297191" lon="-5.166192">
        <ele>712.228</ele>
        <time>2023-12-28T00:05:11Z</time>
      </trkpt>
      <trkpt lat="43.297128" lon="-5.166112">
        <ele>714.965</ele>
        <time>2023-12-28T00:05:51Z</time>
      </trkpt>
      <trkpt lat="43.297046" lon="-5.166020">
        <ele>718.268</ele>
        <time>2023-12-28T00:06:31Z</time>
      </trkpt>
      <trkpt lat="43.296988" lon="-5.166004">
        <ele>718.214</ele>
        <time>2023-12-28T00:07:11Z</time>
      </trkpt>
      <trkpt lat="43.296913" lon="-5.165977">
        <ele>718.509</ele>
        <time>2023-12-28T00:07:51Z</time>
      </trkpt>
      <trkpt lat="43.296851" lon="-5.165945">
        <ele>719.287</ele>
        <time>2023-12-28T00:08:31Z</time>
      </trkpt>
      <trkpt lat="43.296804" lon="-5.165897">
        <ele>720.781</ele>
        <time>2023-12-28T00:09:11Z</time>
      </trkpt>
      <trkpt lat="43.296730" lon="-5.165795">
        <ele>724.532</ele>
        <time>2023-12-28T00:09:51Z</time>
      </trkpt>
      <trkpt lat="43.296660" lon="-5.165704">
        <ele>728.072</ele>
        <time>2023-12-28T00:10:31Z</time>
      </trkpt>
      <trkpt lat="43.296621" lon="-5.165586">
        <ele>733.256</ele>
        <time>2023-12-28T00:11:11Z</time>
      </trkpt>
      <trkpt lat="43.296539" lon="-5.165500">
        <ele>736.721</ele>
        <time>2023-12-28T00:11:51Z</time>
      </trkpt>
      <trkpt lat="43.296468" lon="-5.165393">
        <ele>741.292</ele>
        <time>2023-12-28T00:12:31Z</time>
      </trkpt>
      <trkpt lat="43.296437" lon="-5.165237">
        <ele>748.439</ele>
        <time>2023-12-28T00:13:11Z</time>
      </trkpt>
      <trkpt lat="43.296453" lon="-5.165055">
        <ele>757.961</ele>
        <time>2023-12-28T00:13:51Z</time>
      </trkpt>
      <trkpt lat="43.296531" lon="-5.164883">
        <ele>767.671</ele>
        <time>2023-12-28T00:14:31Z</time>
      </trkpt>
      <trkpt lat="43.296546" lon="-5.164738">
        <ele>775.441</ele>
        <time>2023-12-28T00:15:11Z</time>
      </trkpt>
      <trkpt lat="43.296492" lon="-5.164669">
        <ele>778.015</ele>
        <time>2023-12-28T00:15:51Z</time>
      </trkpt>
      <trkpt lat="43.296457" lon="-5.164593">
        <ele>781.009</ele>
        <time>2023-12-28T00:16:31Z</time>
      </trkpt>
      <trkpt lat="43.296546" lon="-5.164325">
        <ele>795.018</ele>
        <time>2023-12-28T00:17:11Z</time>
      </trkpt>
      <trkpt lat="43.296578" lon="-5.164095">
        <ele>806.532</ele>
        <time>2023-12-28T00:17:51Z</time>
      </trkpt>
      <trkpt lat="43.296554" lon="-5.163934">
        <ele>814.083</ele>
        <time>2023-12-28T00:18:31Z</time>
      </trkpt>
      <trkpt lat="43.296421" lon="-5.163810">
        <ele>818.993</ele>
        <time>2023-12-28T00:19:11Z</time>
      </trkpt>
      <trkpt lat="43.296250" lon="-5.163682">
        <ele>823.757</ele>
        <time>2023-12-28T00:19:51Z</time>
      </trkpt>
      <trkpt lat="43.296203" lon="-5.163569">
        <ele>828.172</ele>
        <time>2023-12-28T00:20:31Z</time>
      </trkpt>
      <trkpt lat="43.296082" lon="-5.163435">
        <ele>832.163</ele>
        <time>2023-12-28T00:21:11Z</time>
      </trkpt>
      <trkpt lat="43.295992" lon="-5.163349">
        <ele>834.650</ele>
        <time>2023-12-28T00:21:51Z</time>
      </trkpt>
      <trkpt lat="43.295922" lon="-5.163258">
        <ele>835.192</ele>
        <time>2023-12-28T00:22:31Z</time>
      </trkpt>
      <trkpt lat="43.295844" lon="-5.163150">
        <ele>835.497</ele>
        <time>2023-12-28T00:23:11Z</time>
      </trkpt>
      <trkpt lat="43.295816" lon="-5.163091">
        <ele>835.423</ele>
        <time>2023-12-28T00:23:51Z</time>
      </trkpt>
      <trkpt lat="43.295832" lon="-5.163006">
        <ele>833.825</ele>
        <time>2023-12-28T00:24:31Z</time>
      </trkpt>
      <trkpt lat="43.295836" lon="-5.162904">
        <ele>829.509</ele>
        <time>2023-12-28T00:25:11Z</time>
      </trkpt>
      <trkpt lat="43.295781" lon="-5.162882">
        <ele>827.980</ele>
        <time>2023-12-28T00:25:51Z</time>
      </trkpt>
      <trkpt lat="43.295723" lon="-5.162732">
        <ele>821.574</ele>
        <time>2023-12-28T00:26:31Z</time>
      </trkpt>
      <trkpt lat="43.295668" lon="-5.162711">
        <ele>820.565</ele>
        <time>2023-12-28T00:27:11Z</time>
      </trkpt>
      <trkpt lat="43.295602" lon="-5.162550">
        <ele>814.785</ele>
        <time>2023-12-28T00:27:51Z</time>
      </trkpt>
      <trkpt lat="43.295562" lon="-5.162426">
        <ele>810.179</ele>
        <time>2023-12-28T00:28:31Z</time>
      </trkpt>
      <trkpt lat="43.295551" lon="-5.162340">
        <ele>806.784</ele>
        <time>2023-12-28T00:29:11Z</time>
      </trkpt>
      <trkpt lat="43.295523" lon="-5.162228">
        <ele>802.495</ele>
        <time>2023-12-28T00:29:51Z</time>
      </trkpt>
      <trkpt lat="43.295512" lon="-5.162088">
        <ele>797.492</ele>
        <time>2023-12-28T00:30:31Z</time>
      </trkpt>
      <trkpt lat="43.295613" lon="-5.161965">
        <ele>791.274</ele>
        <time>2023-12-28T00:31:11Z</time>
      </trkpt>
      <trkpt lat="43.295867" lon="-5.161852">
        <ele>784.136</ele>
        <time>2023-12-28T00:31:51Z</time>
      </trkpt>
      <trkpt lat="43.296101" lon="-5.161761">
        <ele>778.817</ele>
        <time>2023-12-28T00:32:31Z</time>
      </trkpt>
      <trkpt lat="43.296281" lon="-5.161675">
        <ele>774.718</ele>
        <time>2023-12-28T00:33:11Z</time>
      </trkpt>
      <trkpt lat="43.296511" lon="-5.161584">
        <ele>770.709</ele>
        <time>2023-12-28T00:33:51Z</time>
      </trkpt>
      <trkpt lat="43.296699" lon="-5.161477">
        <ele>766.264</ele>
        <time>2023-12-28T00:34:31Z</time>
      </trkpt>
      <trkpt lat="43.296921" lon="-5.161407">
        <ele>761.048</ele>
        <time>2023-12-28T00:35:11Z</time>
      </trkpt>
      <trkpt lat="43.297085" lon="-5.161375">
        <ele>754.389</ele>
        <time>2023-12-28T00:35:51Z</time>
      </trkpt>
      <trkpt lat="43.297105" lon="-5.161321">
        <ele>751.379</ele>
        <time>2023-12-28T00:36:31Z</time>
      </trkpt>
      <trkpt lat="43.297042" lon="-5.161246">
        <ele>750.233</ele>
        <time>2023-12-28T00:37:11Z</time>
      </trkpt>
      <trkpt lat="43.296980" lon="-5.161123">
        <ele>746.588</ele>
        <time>2023-12-28T00:37:51Z</time>
      </trkpt>
      <trkpt lat="43.296902" lon="-5.161053">
        <ele>744.649</ele>
        <time>2023-12-28T00:38:31Z</time>
      </trkpt>
      <trkpt lat="43.296824" lon="-5.161042">
        <ele>744.376</ele>
        <time>2023-12-28T00:39:11Z</time>
      </trkpt>
      <trkpt lat="43.296730" lon="-5.161058">
        <ele>745.318</ele>
        <time>2023-12-28T00:39:51Z</time>
      </trkpt>
      <trkpt lat="43.296906" lon="-5.160860">
        <ele>736.296</ele>
        <time>2023-12-28T00:40:31Z</time>
      </trkpt>
      <trkpt lat="43.297097" lon="-5.160731">
        <ele>725.431</ele>
        <time>2023-12-28T00:41:11Z</time>
      </trkpt>
      <trkpt lat="43.297292" lon="-5.160758">
        <ele>720.824</ele>
        <time>2023-12-28T00:41:51Z</time>
      </trkpt>
      <trkpt lat="43.297440" lon="-5.160913">
        <ele>721.709</ele>
        <time>2023-12-28T00:42:31Z</time>
      </trkpt>
      <trkpt lat="43.297604" lon="-5.161031">
        <ele>716.890</ele>
        <time>2023-12-28T00:43:11Z</time>
      </trkpt>
      <trkpt lat="43.297722" lon="-5.161133">
        <ele>714.224</ele>
        <time>2023-12-28T00:43:51Z</time>
      </trkpt>
      <trkpt lat="43.298034" lon="-5.161214">
        <ele>711.975</ele>
        <time>2023-12-28T00:44:31Z</time>
      </trkpt>
      <trkpt lat="43.298303" lon="-5.161176">
        <ele>701.335</ele>
        <time>2023-12-28T00:45:11Z</time>
      </trkpt>
      <trkpt lat="43.298655" lon="-5.161305">
        <ele>698.669</ele>
        <time>2023-12-28T00:45:51Z</time>
      </trkpt>
      <trkpt lat="43.298893" lon="-5.161187">
        <ele>692.564</ele>
        <time>2023-12-28T00:46:31Z</time>
      </trkpt>
      <trkpt lat="43.299139" lon="-5.160972">
        <ele>687.785</ele>
        <time>2023-12-28T00:47:11Z</time>
      </trkpt>
      <trkpt lat="43.299287" lon="-5.160871">
        <ele>687.762</ele>
        <time>2023-12-28T00:47:51Z</time>
      </trkpt>
      <trkpt lat="43.299396" lon="-5.160651">
        <ele>682.634</ele>
        <time>2023-12-28T00:48:31Z</time>
      </trkpt>
      <trkpt lat="43.299514" lon="-5.160436">
        <ele>678.025</ele>
        <time>2023-12-28T00:49:11Z</time>
      </trkpt>
      <trkpt lat="43.299662" lon="-5.160490">
        <ele>679.326</ele>
        <time>2023-12-28T00:49:51Z</time>
      </trkpt>
      <trkpt lat="43.299865" lon="-5.160618">
        <ele>681.008</ele>
        <time>2023-12-28T00:50:31Z</time>
      </trkpt>
      <trkpt lat="43.300013" lon="-5.160683">
        <ele>680.309</ele>
        <time>2023-12-28T00:51:11Z</time>
      </trkpt>
      <trkpt lat="43.300132" lon="-5.160889">
        <ele>689.393</ele>
        <time>2023-12-28T00:51:51Z</time>
      </trkpt>
      <trkpt lat="43.300212" lon="-5.160999">
        <ele>693.997</ele>
        <time>2023-12-28T00:52:31Z</time>
      </trkpt>
      <trkpt lat="43.300345" lon="-5.161147">
        <ele>702.598</ele>
        <time>2023-12-28T00:53:11Z</time>
      </trkpt>
      <trkpt lat="43.300519" lon="-5.161219">
        <ele>710.238</ele>
        <time>2023-12-28T00:53:51Z</time>
      </trkpt>
      <trkpt lat="43.300640" lon="-5.161190">
        <ele>712.572</ele>
        <time>2023-12-28T00:54:31Z</time>
      </trkpt>
      <trkpt lat="43.300814" lon="-5.161152">
        <ele>716.417</ele>
        <time>2023-12-28T00:55:11Z</time>
      </trkpt>
      <trkpt lat="43.300983" lon="-5.161112">
        <ele>720.428</ele>
        <time>2023-12-28T00:55:51Z</time>
      </trkpt>
      <trkpt lat="43.301130" lon="-5.161058">
        <ele>723.135</ele>
        <time>2023-12-28T00:56:31Z</time>
      </trkpt>
      <trkpt lat="43.301302" lon="-5.161010">
        <ele>727.727</ele>
        <time>2023-12-28T00:57:11Z</time>
      </trkpt>
      <trkpt lat="43.301470" lon="-5.160956">
        <ele>732.037</ele>
        <time>2023-12-28T00:57:51Z</time>
      </trkpt>
      <trkpt lat="43.301573" lon="-5.160922">
        <ele>734.449</ele>
        <time>2023-12-28T00:58:31Z</time>
      </trkpt>
      <trkpt lat="43.301673" lon="-5.160865">
        <ele>735.813</ele>
        <time>2023-12-28T00:59:11Z</time>
      </trkpt>
      <trkpt lat="43.301737" lon="-5.160793">
        <ele>736.109</ele>
        <time>2023-12-28T00:59:51Z</time>
      </trkpt>
      <trkpt lat="43.301874" lon="-5.160761">
        <ele>742.484</ele>
        <time>2023-12-28T01:00:31Z</time>
      </trkpt>
      <trkpt lat="43.301922" lon="-5.160846">
        <ele>747.328</ele>
        <time>2023-12-28T01:01:11Z</time>
      </trkpt>
      <trkpt lat="43.302000" lon="-5.160777">
        <ele>750.069</ele>
        <time>2023-12-28T01:01:51Z</time>
      </trkpt>
      <trkpt lat="43.302120" lon="-5.160846">
        <ele>758.599</ele>
        <time>2023-12-28T01:02:31Z</time>
      </trkpt>
      <trkpt lat="43.302262" lon="-5.160833">
        <ele>766.113</ele>
        <time>2023-12-28T01:03:11Z</time>
      </trkpt>
      <trkpt lat="43.302315" lon="-5.160726">
        <ele>768.848</ele>
        <time>2023-12-28T01:03:51Z</time>
      </trkpt>
      <trkpt lat="43.302410" lon="-5.160750">
        <ele>774.419</ele>
        <time>2023-12-28T01:04:31Z</time>
      </trkpt>
      <trkpt lat="43.302596" lon="-5.160964">
        <ele>786.386</ele>
        <time>2023-12-28T01:05:11Z</time>
      </trkpt>
      <trkpt lat="43.302695" lon="-5.161064">
        <ele>791.788</ele>
        <time>2023-12-28T01:05:51Z</time>
      </trkpt>
      <trkpt lat="43.302812" lon="-5.160943">
        <ele>794.633</ele>
        <time>2023-12-28T01:06:31Z</time>
      </trkpt>
      <trkpt lat="43.302932" lon="-5.160884">
        <ele>797.723</ele>
        <time>2023-12-28T01:07:11Z</time>
      </trkpt>
      <trkpt lat="43.303140" lon="-5.160672">
        <ele>802.415</ele>
        <time>2023-12-28T01:07:51Z</time>
      </trkpt>
      <trkpt lat="43.303191" lon="-5.160479">
        <ele>803.509</ele>
        <time>2023-12-28T01:08:31Z</time>
      </trkpt>
      <trkpt lat="43.303269" lon="-5.160146">
        <ele>804.724</ele>
        <time>2023-12-28T01:09:11Z</time>
      </trkpt>
      <trkpt lat="43.303359" lon="-5.159824">
        <ele>808.578</ele>
        <time>2023-12-28T01:09:51Z</time>
      </trkpt>
      <trkpt lat="43.303406" lon="-5.159631">
        <ele>809.969</ele>
        <time>2023-12-28T01:10:31Z</time>
      </trkpt>
      <trkpt lat="43.303492" lon="-5.159369">
        <ele>811.959</ele>
        <time>2023-12-28T01:11:11Z</time>
      </trkpt>
      <trkpt lat="43.303609" lon="-5.159084">
        <ele>816.323</ele>
        <time>2023-12-28T01:11:51Z</time>
      </trkpt>
      <trkpt lat="43.303714" lon="-5.158795">
        <ele>818.078</ele>
        <time>2023-12-28T01:12:31Z</time>
      </trkpt>
      <trkpt lat="43.303816" lon="-5.158537">
        <ele>823.599</ele>
        <time>2023-12-28T01:13:11Z</time>
      </trkpt>
      <trkpt lat="43.303898" lon="-5.158333">
        <ele>828.116</ele>
        <time>2023-12-28T01:13:51Z</time>
      </trkpt>
      <trkpt lat="43.303968" lon="-5.158022">
        <ele>829.098</ele>
        <time>2023-12-28T01:14:31Z</time>
      </trkpt>
      <trkpt lat="43.304034" lon="-5.157732">
        <ele>833.735</ele>
        <time>2023-12-28T01:15:11Z</time>
      </trkpt>
      <trkpt lat="43.304073" lon="-5.157470">
        <ele>837.986</ele>
        <time>2023-12-28T01:15:51Z</time>
      </trkpt>
      <trkpt lat="43.304089" lon="-5.157314">
        <ele>838.714</ele>
        <time>2023-12-28T01:16:31Z</time>
      </trkpt>
      <trkpt lat="43.304230" lon="-5.157148">
        <ele>839.309</ele>
        <time>2023-12-28T01:17:11Z</time>
      </trkpt>
      <trkpt lat="43.304448" lon="-5.156858">
        <ele>832.624</ele>
        <time>2023-12-28T01:17:51Z</time>
      </trkpt>
      <trkpt lat="43.304667" lon="-5.156595">
        <ele>825.868</ele>
        <time>2023-12-28T01:18:31Z</time>
      </trkpt>
      <trkpt lat="43.304842" lon="-5.156279">
        <ele>817.389</ele>
        <time>2023-12-28T01:19:11Z</time>
      </trkpt>
      <trkpt lat="43.305057" lon="-5.156123">
        <ele>814.719</ele>
        <time>2023-12-28T01:19:51Z</time>
      </trkpt>
      <trkpt lat="43.305311" lon="-5.155796">
        <ele>798.413</ele>
        <time>2023-12-28T01:20:31Z</time>
      </trkpt>
      <trkpt lat="43.305549" lon="-5.155571">
        <ele>789.318</ele>
        <time>2023-12-28T01:21:11Z</time>
      </trkpt>
      <trkpt lat="43.305787" lon="-5.155259">
        <ele>776.549</ele>
        <time>2023-12-28T01:21:51Z</time>
      </trkpt>
      <trkpt lat="43.305951" lon="-5.155061">
        <ele>768.886</ele>
        <time>2023-12-28T01:22:31Z</time>
      </trkpt>
      <trkpt lat="43.306072" lon="-5.154862">
        <ele>765.718</ele>
        <time>2023-12-28T01:23:11Z</time>
      </trkpt>
      <trkpt lat="43.306189" lon="-5.154642">
        <ele>762.888</ele>
        <time>2023-12-28T01:23:51Z</time>
      </trkpt>
      <trkpt lat="43.306291" lon="-5.154401">
        <ele>762.524</ele>
        <time>2023-12-28T01:24:31Z</time>
      </trkpt>
      <trkpt lat="43.306435" lon="-5.154026">
        <ele>763.126</ele>
        <time>2023-12-28T01:25:11Z</time>
      </trkpt>
      <trkpt lat="43.306552" lon="-5.153741">
        <ele>762.809</ele>
        <time>2023-12-28T01:25:51Z</time>
      </trkpt>
      <trkpt lat="43.306626" lon="-5.153425">
        <ele>764.199</ele>
        <time>2023-12-28T01:26:31Z</time>
      </trkpt>
      <trkpt lat="43.306712" lon="-5.152985">
        <ele>760.663</ele>
        <time>2023-12-28T01:27:11Z</time>
      </trkpt>
      <trkpt lat="43.306775" lon="-5.152625">
        <ele>756.864</ele>
        <time>2023-12-28T01:27:51Z</time>
      </trkpt>
      <trkpt lat="43.306829" lon="-5.152255">
        <ele>757.254</ele>
        <time>2023-12-28T01:28:31Z</time>
      </trkpt>
      <trkpt lat="43.306904" lon="-5.152084">
        <ele>759.658</ele>
        <time>2023-12-28T01:29:11Z</time>
      </trkpt>
      <trkpt lat="43.307044" lon="-5.151885">
        <ele>757.333</ele>
        <time>2023-12-28T01:29:51Z</time>
      </trkpt>
      <trkpt lat="43.307353" lon="-5.151751">
        <ele>749.744</ele>
        <time>2023-12-28T01:30:31Z</time>
      </trkpt>
      <trkpt lat="43.307641" lon="-5.151585">
        <ele>742.031</ele>
        <time>2023-12-28T01:31:11Z</time>
      </trkpt>
      <trkpt lat="43.307868" lon="-5.151435">
        <ele>735.213</ele>
        <time>2023-12-28T01:31:51Z</time>
      </trkpt>
      <trkpt lat="43.308114" lon="-5.151247">
        <ele>727.127</ele>
        <time>2023-12-28T01:32:31Z</time>
      </trkpt>
      <trkpt lat="43.308395" lon="-5.151016">
        <ele>718.768</ele>
        <time>2023-12-28T01:33:11Z</time>
      </trkpt>
      <trkpt lat="43.308570" lon="-5.150871">
        <ele>713.514</ele>
        <time>2023-12-28T01:33:51Z</time>
      </trkpt>
      <trkpt lat="43.308844" lon="-5.150759">
        <ele>707.409</ele>
        <time>2023-12-28T01:34:31Z</time>
      </trkpt>
      <trkpt lat="43.308992" lon="-5.150667">
        <ele>701.033</ele>
        <time>2023-12-28T01:35:11Z</time>
      </trkpt>
      <trkpt lat="43.309230" lon="-5.150726">
        <ele>695.657</ele>
        <time>2023-12-28T01:35:51Z</time>
      </trkpt>
      <trkpt lat="43.309351" lon="-5.150866">
        <ele>692.948</ele>
        <time>2023-12-28T01:36:31Z</time>
      </trkpt>
      <trkpt lat="43.309437" lon="-5.150979">
        <ele>690.388</ele>
        <time>2023-12-28T01:37:11Z</time>
      </trkpt>
      <trkpt lat="43.309581" lon="-5.151107">
        <ele>685.682</ele>
        <time>2023-12-28T01:37:51Z</time>
      </trkpt>
      <trkpt lat="43.309765" lon="-5.151188">
        <ele>677.837</ele>
        <time>2023-12-28T01:38:31Z</time>
      </trkpt>
      <trkpt lat="43.309937" lon="-5.151317">
        <ele>669.468</ele>
        <time>2023-12-28T01:39:11Z</time>
      </trkpt>
      <trkpt lat="43.310093" lon="-5.151483">
        <ele>662.055</ele>
        <time>2023-12-28T01:39:51Z</time>
      </trkpt>
      <trkpt lat="43.310233" lon="-5.151579">
        <ele>657.047</ele>
        <time>2023-12-28T01:40:31Z</time>
      </trkpt>
      <trkpt lat="43.310315" lon="-5.151528">
        <ele>654.038</ele>
        <time>2023-12-28T01:41:11Z</time>
      </trkpt>
      <trkpt lat="43.310370" lon="-5.151418">
        <ele>651.170</ele>
        <time>2023-12-28T01:41:51Z</time>
      </trkpt>
      <trkpt lat="43.310397" lon="-5.151341">
        <ele>649.817</ele>
        <time>2023-12-28T01:42:31Z</time>
      </trkpt>
      <trkpt lat="43.310450" lon="-5.151271">
        <ele>647.909</ele>
        <time>2023-12-28T01:43:11Z</time>
      </trkpt>
      <trkpt lat="43.310510" lon="-5.151180">
        <ele>645.334</ele>
        <time>2023-12-28T01:43:51Z</time>
      </trkpt>
      <trkpt lat="43.310540" lon="-5.151078">
        <ele>643.718</ele>
        <time>2023-12-28T01:44:31Z</time>
      </trkpt>
      <trkpt lat="43.310663" lon="-5.150930">
        <ele>637.669</ele>
        <time>2023-12-28T01:45:11Z</time>
      </trkpt>
      <trkpt lat="43.310745" lon="-5.150858">
        <ele>632.559</ele>
        <time>2023-12-28T01:45:51Z</time>
      </trkpt>
      <trkpt lat="43.310832" lon="-5.150767">
        <ele>626.883</ele>
        <time>2023-12-28T01:46:31Z</time>
      </trkpt>
      <trkpt lat="43.310938" lon="-5.150705">
        <ele>621.648</ele>
        <time>2023-12-28T01:47:11Z</time>
      </trkpt>
      <trkpt lat="43.311020" lon="-5.150692">
        <ele>617.459</ele>
        <time>2023-12-28T01:47:51Z</time>
      </trkpt>
      <trkpt lat="43.311071" lon="-5.150616">
        <ele>612.516</ele>
        <time>2023-12-28T01:48:31Z</time>
      </trkpt>
      <trkpt lat="43.311137" lon="-5.150533">
        <ele>606.818</ele>
        <time>2023-12-28T01:49:11Z</time>
      </trkpt>
      <trkpt lat="43.311256" lon="-5.150555">
        <ele>604.848</ele>
        <time>2023-12-28T01:49:51Z</time>
      </trkpt>
      <trkpt lat="43.311223" lon="-5.150477">
        <ele>602.861</ele>
        <time>2023-12-28T01:50:31Z</time>
      </trkpt>
      <trkpt lat="43.311192" lon="-5.150407">
        <ele>601.417</ele>
        <time>2023-12-28T01:51:11Z</time>
      </trkpt>
      <trkpt lat="43.311281" lon="-5.150415">
        <ele>598.609</ele>
        <time>2023-12-28T01:51:51Z</time>
      </trkpt>
      <trkpt lat="43.311344" lon="-5.150372">
        <ele>594.565</ele>
        <time>2023-12-28T01:52:31Z</time>
      </trkpt>
      <trkpt lat="43.311438" lon="-5.150311">
        <ele>589.549</ele>
        <time>2023-12-28T01:53:11Z</time>
      </trkpt>
      <trkpt lat="43.311535" lon="-5.150260">
        <ele>586.640</ele>
        <time>2023-12-28T01:53:51Z</time>
      </trkpt>
      <trkpt lat="43.311637" lon="-5.150220">
        <ele>584.230</ele>
        <time>2023-12-28T01:54:31Z</time>
      </trkpt>
      <trkpt lat="43.311674" lon="-5.150174">
        <ele>581.884</ele>
        <time>2023-12-28T01:55:11Z</time>
      </trkpt>
      <trkpt lat="43.311808" lon="-5.150142">
        <ele>579.919</ele>
        <time>2023-12-28T01:55:51Z</time>
      </trkpt>
      <trkpt lat="43.311933" lon="-5.150091">
        <ele>576.980</ele>
        <time>2023-12-28T01:56:31Z</time>
      </trkpt>
      <trkpt lat="43.312021" lon="-5.150053">
        <ele>574.937</ele>
        <time>2023-12-28T01:57:11Z</time>
      </trkpt>
      <trkpt lat="43.312148" lon="-5.150010">
        <ele>572.639</ele>
        <time>2023-12-28T01:57:51Z</time>
      </trkpt>
      <trkpt lat="43.312296" lon="-5.149927">
        <ele>569.258</ele>
        <time>2023-12-28T01:58:31Z</time>
      </trkpt>
      <trkpt lat="43.312341" lon="-5.149863">
        <ele>566.452</ele>
        <time>2023-12-28T01:59:11Z</time>
      </trkpt>
      <trkpt lat="43.312281" lon="-5.149798">
        <ele>562.417</ele>
        <time>2023-12-28T01:59:51Z</time>
      </trkpt>
      <trkpt lat="43.312205" lon="-5.149723">
        <ele>558.009</ele>
        <time>2023-12-28T02:00:31Z</time>
      </trkpt>
      <trkpt lat="43.312154" lon="-5.149659">
        <ele>554.946</ele>
        <time>2023-12-28T02:01:11Z</time>
      </trkpt>
      <trkpt lat="43.312109" lon="-5.149627">
        <ele>553.320</ele>
        <time>2023-12-28T02:01:51Z</time>
      </trkpt>
      <trkpt lat="43.312072" lon="-5.149603">
        <ele>552.191</ele>
        <time>2023-12-28T02:02:31Z</time>
      </trkpt>
      <trkpt lat="43.312054" lon="-5.149584">
        <ele>551.271</ele>
        <time>2023-12-28T02:03:11Z</time>
      </trkpt>
      <trkpt lat="43.312003" lon="-5.149557">
        <ele>549.935</ele>
        <time>2023-12-28T02:03:51Z</time>
      </trkpt>
      <trkpt lat="43.311972" lon="-5.149541">
        <ele>549.280</ele>
        <time>2023-12-28T02:04:31Z</time>
      </trkpt>
      <trkpt lat="43.311980" lon="-5.149474">
        <ele>546.321</ele>
        <time>2023-12-28T02:05:11Z</time>
      </trkpt>
      <trkpt lat="43.312037" lon="-5.149418">
        <ele>543.788</ele>
        <time>2023-12-28T02:05:51Z</time>
      </trkpt>
      <trkpt lat="43.312117" lon="-5.149377">
        <ele>541.720</ele>
        <time>2023-12-28T02:06:31Z</time>
      </trkpt>
      <trkpt lat="43.312195" lon="-5.149329">
        <ele>539.271</ele>
        <time>2023-12-28T02:07:11Z</time>
      </trkpt>
      <trkpt lat="43.312296" lon="-5.149262">
        <ele>535.141</ele>
        <time>2023-12-28T02:07:51Z</time>
      </trkpt>
      <trkpt lat="43.312175" lon="-5.149133">
        <ele>529.615</ele>
        <time>2023-12-28T02:08:31Z</time>
      </trkpt>
      <trkpt lat="43.312054" lon="-5.149037">
        <ele>525.809</ele>
        <time>2023-12-28T02:09:11Z</time>
      </trkpt>
      <trkpt lat="43.311951" lon="-5.148929">
        <ele>521.718</ele>
        <time>2023-12-28T02:09:51Z</time>
      </trkpt>
      <trkpt lat="43.311853" lon="-5.148838">
        <ele>517.952</ele>
        <time>2023-12-28T02:10:31Z</time>
      </trkpt>
      <trkpt lat="43.311773" lon="-5.148728">
        <ele>513.383</ele>
        <time>2023-12-28T02:11:11Z</time>
      </trkpt>
      <trkpt lat="43.311680" lon="-5.148613">
        <ele>508.143</ele>
        <time>2023-12-28T02:11:51Z</time>
      </trkpt>
      <trkpt lat="43.311611" lon="-5.148479">
        <ele>503.917</ele>
        <time>2023-12-28T02:12:31Z</time>
      </trkpt>
      <trkpt lat="43.311543" lon="-5.148393">
        <ele>501.222</ele>
        <time>2023-12-28T02:13:11Z</time>
      </trkpt>
      <trkpt lat="43.311510" lon="-5.148350">
        <ele>499.883</ele>
        <time>2023-12-28T02:13:51Z</time>
      </trkpt>
      <trkpt lat="43.311467" lon="-5.148291">
        <ele>497.960</ele>
        <time>2023-12-28T02:14:31Z</time>
      </trkpt>
      <trkpt lat="43.311406" lon="-5.148245">
        <ele>496.792</ele>
        <time>2023-12-28T02:15:11Z</time>
      </trkpt>
      <trkpt lat="43.311356" lon="-5.148219">
        <ele>496.922</ele>
        <time>2023-12-28T02:15:51Z</time>
      </trkpt>
      <trkpt lat="43.311317" lon="-5.148170">
        <ele>496.462</ele>
        <time>2023-12-28T02:16:31Z</time>
      </trkpt>
      <trkpt lat="43.311236" lon="-5.148068">
        <ele>495.408</ele>
        <time>2023-12-28T02:17:11Z</time>
      </trkpt>
      <trkpt lat="43.311186" lon="-5.148004">
        <ele>494.709</ele>
        <time>2023-12-28T02:17:51Z</time>
      </trkpt>
      <trkpt lat="43.311115" lon="-5.147915">
        <ele>493.823</ele>
        <time>2023-12-28T02:18:31Z</time>
      </trkpt>
      <trkpt lat="43.311016" lon="-5.147800">
        <ele>493.037</ele>
        <time>2023-12-28T02:19:11Z</time>
      </trkpt>
      <trkpt lat="43.310948" lon="-5.147725">
        <ele>492.578</ele>
        <time>2023-12-28T02:19:51Z</time>
      </trkpt>
      <trkpt lat="43.310877" lon="-5.147604">
        <ele>490.498</ele>
        <time>2023-12-28T02:20:31Z</time>
      </trkpt>
      <trkpt lat="43.310788" lon="-5.147470">
        <ele>488.932</ele>
        <time>2023-12-28T02:21:11Z</time>
      </trkpt>
      <trkpt lat="43.310733" lon="-5.147336">
        <ele>487.057</ele>
        <time>2023-12-28T02:21:51Z</time>
      </trkpt>
      <trkpt lat="43.310647" lon="-5.147143">
        <ele>485.768</ele>
        <time>2023-12-28T02:22:31Z</time>
      </trkpt>
      <trkpt lat="43.310628" lon="-5.146987">
        <ele>484.245</ele>
        <time>2023-12-28T02:23:11Z</time>
      </trkpt>
      <trkpt lat="43.310893" lon="-5.147014">
        <ele>476.397</ele>
        <time>2023-12-28T02:23:51Z</time>
      </trkpt>
      <trkpt lat="43.311073" lon="-5.147052">
        <ele>472.515</ele>
        <time>2023-12-28T02:24:31Z</time>
      </trkpt>
      <trkpt lat="43.311260" lon="-5.147127">
        <ele>470.565</ele>
        <time>2023-12-28T02:25:11Z</time>
      </trkpt>
      <trkpt lat="43.311432" lon="-5.147191">
        <ele>468.911</ele>
        <time>2023-12-28T02:25:51Z</time>
      </trkpt>
      <trkpt lat="43.311639" lon="-5.147272">
        <ele>464.109</ele>
        <time>2023-12-28T02:26:31Z</time>
      </trkpt>
      <trkpt lat="43.311709" lon="-5.147154">
        <ele>459.662</ele>
        <time>2023-12-28T02:27:11Z</time>
      </trkpt>
      <trkpt lat="43.311931" lon="-5.147202">
        <ele>454.016</ele>
        <time>2023-12-28T02:27:51Z</time>
      </trkpt>
      <trkpt lat="43.312123" lon="-5.147272">
        <ele>451.597</ele>
        <time>2023-12-28T02:28:31Z</time>
      </trkpt>
      <trkpt lat="43.312271" lon="-5.147213">
        <ele>445.237</ele>
        <time>2023-12-28T02:29:11Z</time>
      </trkpt>
      <trkpt lat="43.312474" lon="-5.147304">
        <ele>444.361</ele>
        <time>2023-12-28T02:29:51Z</time>
      </trkpt>
      <trkpt lat="43.312689" lon="-5.147390">
        <ele>440.546</ele>
        <time>2023-12-28T02:30:31Z</time>
      </trkpt>
      <trkpt lat="43.312876" lon="-5.147374">
        <ele>435.697</ele>
        <time>2023-12-28T02:31:11Z</time>
      </trkpt>
      <trkpt lat="43.313063" lon="-5.147229">
        <ele>431.474</ele>
        <time>2023-12-28T02:31:51Z</time>
      </trkpt>
      <trkpt lat="43.313379" lon="-5.146805">
        <ele>425.676</ele>
        <time>2023-12-28T02:32:31Z</time>
      </trkpt>
      <trkpt lat="43.313676" lon="-5.146451">
        <ele>415.771</ele>
        <time>2023-12-28T02:33:11Z</time>
      </trkpt>
      <trkpt lat="43.313879" lon="-5.146242">
        <ele>411.241</ele>
        <time>2023-12-28T02:33:51Z</time>
      </trkpt>
      <trkpt lat="43.313969" lon="-5.145984">
        <ele>407.615</ele>
        <time>2023-12-28T02:34:31Z</time>
      </trkpt>
      <trkpt lat="43.314078" lon="-5.145802">
        <ele>406.709</ele>
        <time>2023-12-28T02:35:11Z</time>
      </trkpt>
      <trkpt lat="43.314258" lon="-5.145668">
        <ele>403.928</ele>
        <time>2023-12-28T02:35:51Z</time>
      </trkpt>
      <trkpt lat="43.314578" lon="-5.145684">
        <ele>401.872</ele>
        <time>2023-12-28T02:36:31Z</time>
      </trkpt>
      <trkpt lat="43.314757" lon="-5.145775">
        <ele>400.123</ele>
        <time>2023-12-28T02:37:11Z</time>
      </trkpt>
      <trkpt lat="43.314945" lon="-5.145947">
        <ele>401.013</ele>
        <time>2023-12-28T02:37:51Z</time>
      </trkpt>
      <trkpt lat="43.315151" lon="-5.146027">
        <ele>400.887</ele>
        <time>2023-12-28T02:38:31Z</time>
      </trkpt>
      <trkpt lat="43.315378" lon="-5.146108">
        <ele>401.232</ele>
        <time>2023-12-28T02:39:11Z</time>
      </trkpt>
      <trkpt lat="43.315491" lon="-5.146231">
        <ele>405.283</ele>
        <time>2023-12-28T02:39:51Z</time>
      </trkpt>
      <trkpt lat="43.315729" lon="-5.146269">
        <ele>405.360</ele>
        <time>2023-12-28T02:40:31Z</time>
      </trkpt>
      <trkpt lat="43.315868" lon="-5.146274">
        <ele>404.732</ele>
        <time>2023-12-28T02:41:11Z</time>
      </trkpt>
      <trkpt lat="43.316000" lon="-5.146247">
        <ele>403.397</ele>
        <time>2023-12-28T02:41:51Z</time>
      </trkpt>
      <trkpt lat="43.316110" lon="-5.146234">
        <ele>402.923</ele>
        <time>2023-12-28T02:42:31Z</time>
      </trkpt>
      <trkpt lat="43.316188" lon="-5.146185">
        <ele>401.725</ele>
        <time>2023-12-28T02:43:11Z</time>
      </trkpt>
      <trkpt lat="43.316336" lon="-5.146167">
        <ele>400.509</ele>
        <time>2023-12-28T02:43:51Z</time>
      </trkpt>
      <trkpt lat="43.316291" lon="-5.146282">
        <ele>399.880</ele>
        <time>2023-12-28T02:44:31Z</time>
      </trkpt>
      <trkpt lat="43.316225" lon="-5.146446">
        <ele>399.384</ele>
        <time>2023-12-28T02:45:11Z</time>
      </trkpt>
      <trkpt lat="43.316186" lon="-5.146558">
        <ele>398.425</ele>
        <time>2023-12-28T02:45:51Z</time>
      </trkpt>
      <trkpt lat="43.316178" lon="-5.146658">
        <ele>396.875</ele>
        <time>2023-12-28T02:46:31Z</time>
      </trkpt>
      <trkpt lat="43.316182" lon="-5.146767">
        <ele>395.319</ele>
        <time>2023-12-28T02:47:11Z</time>
      </trkpt>
      <trkpt lat="43.316188" lon="-5.146947">
        <ele>393.014</ele>
        <time>2023-12-28T02:47:51Z</time>
      </trkpt>
      <trkpt lat="43.316258" lon="-5.147103">
        <ele>390.955</ele>
        <time>2023-12-28T02:48:31Z</time>
      </trkpt>
      <trkpt lat="43.316309" lon="-5.147215">
        <ele>390.342</ele>
        <time>2023-12-28T02:49:11Z</time>
      </trkpt>
      <trkpt lat="43.316430" lon="-5.147363">
        <ele>390.234</ele>
        <time>2023-12-28T02:49:51Z</time>
      </trkpt>
      <trkpt lat="43.316570" lon="-5.147524">
        <ele>389.627</ele>
        <time>2023-12-28T02:50:31Z</time>
      </trkpt>
      <trkpt lat="43.316621" lon="-5.147567">
        <ele>387.968</ele>
        <time>2023-12-28T02:51:11Z</time>
      </trkpt>
      <trkpt lat="43.316717" lon="-5.147744">
        <ele>384.714</ele>
        <time>2023-12-28T02:51:51Z</time>
      </trkpt>
      <trkpt lat="43.316722" lon="-5.147934">
        <ele>386.309</ele>
        <time>2023-12-28T02:52:31Z</time>
      </trkpt>
      <trkpt lat="43.316853" lon="-5.148194">
        <ele>386.893</ele>
        <time>2023-12-28T02:53:11Z</time>
      </trkpt>
      <trkpt lat="43.316986" lon="-5.148229">
        <ele>382.957</ele>
        <time>2023-12-28T02:53:51Z</time>
      </trkpt>
      <trkpt lat="43.317103" lon="-5.148296">
        <ele>380.888</ele>
        <time>2023-12-28T02:54:31Z</time>
      </trkpt>
      <trkpt lat="43.317269" lon="-5.148439">
        <ele>380.458</ele>
        <time>2023-12-28T02:55:11Z</time>
      </trkpt>
      <trkpt lat="43.317431" lon="-5.148398">
        <ele>374.332</ele>
        <time>2023-12-28T02:55:51Z</time>
      </trkpt>
      <trkpt lat="43.317813" lon="-5.148642">
        <ele>376.767</ele>
        <time>2023-12-28T02:56:31Z</time>
      </trkpt>
      <trkpt lat="43.317936" lon="-5.148768">
        <ele>375.398</ele>
        <time>2023-12-28T02:57:11Z</time>
      </trkpt>
      <trkpt lat="43.317966" lon="-5.148814">
        <ele>375.385</ele>
        <time>2023-12-28T02:57:51Z</time>
      </trkpt>
      <trkpt lat="43.318083" lon="-5.149122">
        <ele>375.347</ele>
        <time>2023-12-28T02:58:31Z</time>
      </trkpt>
      <trkpt lat="43.318178" lon="-5.149428">
        <ele>374.976</ele>
        <time>2023-12-28T02:59:11Z</time>
      </trkpt>
      <trkpt lat="43.318416" lon="-5.149774">
        <ele>369.990</ele>
        <time>2023-12-28T02:59:51Z</time>
      </trkpt>
      <trkpt lat="43.318502" lon="-5.149882">
        <ele>368.119</ele>
        <time>2023-12-28T03:00:31Z</time>
      </trkpt>
      <trkpt lat="43.318682" lon="-5.150249">
        <ele>365.709</ele>
        <time>2023-12-28T03:01:11Z</time>
      </trkpt>
      <trkpt lat="43.318762" lon="-5.150362">
        <ele>363.548</ele>
        <time>2023-12-28T03:01:51Z</time>
      </trkpt>
      <trkpt lat="43.318812" lon="-5.150445">
        <ele>362.622</ele>
        <time>2023-12-28T03:02:31Z</time>
      </trkpt>
      <trkpt lat="43.318904" lon="-5.150635">
        <ele>362.253</ele>
        <time>2023-12-28T03:03:11Z</time>
      </trkpt>
      <trkpt lat="43.319353" lon="-5.151003">
        <ele>346.543</ele>
        <time>2023-12-28T03:03:51Z</time>
      </trkpt>
      <trkpt lat="43.319324" lon="-5.151148">
        <ele>346.427</ele>
        <time>2023-12-28T03:04:31Z</time>
      </trkpt>
      <trkpt lat="43.319294" lon="-5.151244">
        <ele>342.772</ele>
        <time>2023-12-28T03:05:11Z</time>
      </trkpt>
      <trkpt lat="43.319164" lon="-5.151405">
        <ele>354.483</ele>
        <time>2023-12-28T03:05:51Z</time>
      </trkpt>
      <trkpt lat="43.319043" lon="-5.151587">
        <ele>349.820</ele>
        <time>2023-12-28T03:06:31Z</time>
      </trkpt>
      <trkpt lat="43.318920" lon="-5.151794">
        <ele>348.232</ele>
        <time>2023-12-28T03:07:11Z</time>
      </trkpt>
      <trkpt lat="43.318848" lon="-5.151882">
        <ele>350.263</ele>
        <time>2023-12-28T03:07:51Z</time>
      </trkpt>
      <trkpt lat="43.318742" lon="-5.151984">
        <ele>359.544</ele>
        <time>2023-12-28T03:08:31Z</time>
      </trkpt>
      <trkpt lat="43.318656" lon="-5.152094">
        <ele>361.318</ele>
        <time>2023-12-28T03:09:11Z</time>
      </trkpt>
      <trkpt lat="43.318609" lon="-5.152245">
        <ele>351.109</ele>
        <time>2023-12-28T03:09:51Z</time>
      </trkpt>
      <trkpt lat="43.318545" lon="-5.152473">
        <ele>353.597</ele>
        <time>2023-12-28T03:10:31Z</time>
      </trkpt>
      <trkpt lat="43.318479" lon="-5.152625">
        <ele>355.821</ele>
        <time>2023-12-28T03:11:11Z</time>
      </trkpt>
      <trkpt lat="43.318418" lon="-5.152738">
        <ele>357.872</ele>
        <time>2023-12-28T03:11:51Z</time>
      </trkpt>
      <trkpt lat="43.318299" lon="-5.152923">
        <ele>360.622</ele>
        <time>2023-12-28T03:12:31Z</time>
      </trkpt>
      <trkpt lat="43.318188" lon="-5.153132">
        <ele>361.486</ele>
        <time>2023-12-28T03:13:11Z</time>
      </trkpt>
      <trkpt lat="43.318044" lon="-5.153387">
        <ele>362.551</ele>
        <time>2023-12-28T03:13:51Z</time>
      </trkpt>
      <trkpt lat="43.317932" lon="-5.153610">
        <ele>361.782</ele>
        <time>2023-12-28T03:14:31Z</time>
      </trkpt>
      <trkpt lat="43.317805" lon="-5.153838">
        <ele>358.079</ele>
        <time>2023-12-28T03:15:11Z</time>
      </trkpt>
      <trkpt lat="43.317669" lon="-5.154020">
        <ele>356.581</ele>
        <time>2023-12-28T03:15:51Z</time>
      </trkpt>
      <trkpt lat="43.317548" lon="-5.154160">
        <ele>356.933</ele>
        <time>2023-12-28T03:16:31Z</time>
      </trkpt>
      <trkpt lat="43.317456" lon="-5.154313">
        <ele>358.723</ele>
        <time>2023-12-28T03:17:11Z</time>
      </trkpt>
      <trkpt lat="43.317392" lon="-5.154423">
        <ele>359.815</ele>
        <time>2023-12-28T03:17:51Z</time>
      </trkpt>
      <trkpt lat="43.317376" lon="-5.154532">
        <ele>360.509</ele>
        <time>2023-12-28T03:18:31Z</time>
      </trkpt>
      <trkpt lat="43.317390" lon="-5.154632">
        <ele>360.614</ele>
        <time>2023-12-28T03:19:11Z</time>
      </trkpt>
      <trkpt lat="43.317425" lon="-5.154790">
        <ele>359.728</ele>
        <time>2023-12-28T03:19:51Z</time>
      </trkpt>
      <trkpt lat="43.317443" lon="-5.154921">
        <ele>358.049</ele>
        <time>2023-12-28T03:20:31Z</time>
      </trkpt>
      <trkpt lat="43.317411" lon="-5.155080">
        <ele>356.279</ele>
        <time>2023-12-28T03:21:11Z</time>
      </trkpt>
      <trkpt lat="43.317302" lon="-5.155251">
        <ele>354.983</ele>
        <time>2023-12-28T03:21:51Z</time>
      </trkpt>
      <trkpt lat="43.317070" lon="-5.155493">
        <ele>352.668</ele>
        <time>2023-12-28T03:22:31Z</time>
      </trkpt>
      <trkpt lat="43.316767" lon="-5.155718">
        <ele>351.249</ele>
        <time>2023-12-28T03:23:11Z</time>
      </trkpt>
      <trkpt lat="43.316508" lon="-5.155863">
        <ele>348.466</ele>
        <time>2023-12-28T03:23:51Z</time>
      </trkpt>
      <trkpt lat="43.316276" lon="-5.155957">
        <ele>346.878</ele>
        <time>2023-12-28T03:24:31Z</time>
      </trkpt>
      <trkpt lat="43.316102" lon="-5.156072">
        <ele>344.546</ele>
        <time>2023-12-28T03:25:11Z</time>
      </trkpt>
      <trkpt lat="43.315891" lon="-5.156244">
        <ele>341.788</ele>
        <time>2023-12-28T03:25:51Z</time>
      </trkpt>
      <trkpt lat="43.315692" lon="-5.156528">
        <ele>337.316</ele>
        <time>2023-12-28T03:26:31Z</time>
      </trkpt>
      <trkpt lat="43.315532" lon="-5.156850">
        <ele>331.609</ele>
        <time>2023-12-28T03:27:11Z</time>
      </trkpt>
      <trkpt lat="43.315446" lon="-5.157062">
        <ele>328.845</ele>
        <time>2023-12-28T03:27:51Z</time>
      </trkpt>
      <trkpt lat="43.315362" lon="-5.157220">
        <ele>327.319</ele>
        <time>2023-12-28T03:28:31Z</time>
      </trkpt>
      <trkpt lat="43.315257" lon="-5.157397">
        <ele>324.480</ele>
        <time>2023-12-28T03:29:11Z</time>
      </trkpt>
      <trkpt lat="43.315079" lon="-5.157588">
        <ele>323.170</ele>
        <time>2023-12-28T03:29:51Z</time>
      </trkpt>
      <trkpt lat="43.314927" lon="-5.157842">
        <ele>320.634</ele>
        <time>2023-12-28T03:30:31Z</time>
      </trkpt>
      <trkpt lat="43.314759" lon="-5.158132">
        <ele>316.889</ele>
        <time>2023-12-28T03:31:11Z</time>
      </trkpt>
      <trkpt lat="43.314578" lon="-5.158422">
        <ele>316.430</ele>
        <time>2023-12-28T03:31:51Z</time>
      </trkpt>
      <trkpt lat="43.314535" lon="-5.158572">
        <ele>314.587</ele>
        <time>2023-12-28T03:32:31Z</time>
      </trkpt>
      <trkpt lat="43.314527" lon="-5.158626">
        <ele>313.619</ele>
        <time>2023-12-28T03:33:11Z</time>
      </trkpt>
      <trkpt lat="43.314621" lon="-5.158553">
        <ele>312.779</ele>
        <time>2023-12-28T03:33:51Z</time>
      </trkpt>
      <trkpt lat="43.314769" lon="-5.158414">
        <ele>311.405</ele>
        <time>2023-12-28T03:34:31Z</time>
      </trkpt>
      <trkpt lat="43.314913" lon="-5.158306">
        <ele>309.825</ele>
        <time>2023-12-28T03:35:11Z</time>
      </trkpt>
      <trkpt lat="43.315062" lon="-5.158218">
        <ele>308.109</ele>
        <time>2023-12-28T03:35:51Z</time>
      </trkpt>
      <trkpt lat="43.315317" lon="-5.158041">
        <ele>304.378</ele>
        <time>2023-12-28T03:36:31Z</time>
      </trkpt>
      <trkpt lat="43.315444" lon="-5.157944">
        <ele>303.032</ele>
        <time>2023-12-28T03:37:11Z</time>
      </trkpt>
      <trkpt lat="43.315557" lon="-5.157875">
        <ele>301.263</ele>
        <time>2023-12-28T03:37:51Z</time>
      </trkpt>
      <trkpt lat="43.315721" lon="-5.157818">
        <ele>300.353</ele>
        <time>2023-12-28T03:38:31Z</time>
      </trkpt>
      <trkpt lat="43.315848" lon="-5.157783">
        <ele>299.737</ele>
        <time>2023-12-28T03:39:11Z</time>
      </trkpt>
      <trkpt lat="43.316030" lon="-5.157746">
        <ele>298.192</ele>
        <time>2023-12-28T03:39:51Z</time>
      </trkpt>
      <trkpt lat="43.316203" lon="-5.157687">
        <ele>296.733</ele>
        <time>2023-12-28T03:40:31Z</time>
      </trkpt>
      <trkpt lat="43.316354" lon="-5.157582">
        <ele>295.940</ele>
        <time>2023-12-28T03:41:11Z</time>
      </trkpt>
      <trkpt lat="43.316516" lon="-5.157435">
        <ele>294.982</ele>
        <time>2023-12-28T03:41:51Z</time>
      </trkpt>
      <trkpt lat="43.316613" lon="-5.157319">
        <ele>294.215</ele>
        <time>2023-12-28T03:42:31Z</time>
      </trkpt>
      <trkpt lat="43.316676" lon="-5.157199">
        <ele>294.165</ele>
        <time>2023-12-28T03:43:11Z</time>
      </trkpt>
      <trkpt lat="43.316732" lon="-5.157073">
        <ele>294.711</ele>
        <time>2023-12-28T03:43:51Z</time>
      </trkpt>
      <trkpt lat="43.316785" lon="-5.156968">
        <ele>295.509</ele>
        <time>2023-12-28T03:44:31Z</time>
      </trkpt>
      <trkpt lat="43.316861" lon="-5.156901">
        <ele>295.792</ele>
        <time>2023-12-28T03:45:11Z</time>
      </trkpt>
      <trkpt lat="43.317042" lon="-5.156874">
        <ele>294.826</ele>
        <time>2023-12-28T03:45:51Z</time>
      </trkpt>
      <trkpt lat="43.317208" lon="-5.156885">
        <ele>294.487</ele>
        <time>2023-12-28T03:46:31Z</time>
      </trkpt>
      <trkpt lat="43.317333" lon="-5.156863">
        <ele>294.127</ele>
        <time>2023-12-28T03:47:11Z</time>
      </trkpt>
      <trkpt lat="43.317443" lon="-5.156820">
        <ele>294.341</ele>
        <time>2023-12-28T03:47:51Z</time>
      </trkpt>
      <trkpt lat="43.317575" lon="-5.156729">
        <ele>294.626</ele>
        <time>2023-12-28T03:48:31Z</time>
      </trkpt>
      <trkpt lat="43.317702" lon="-5.156598">
        <ele>295.757</ele>
        <time>2023-12-28T03:49:11Z</time>
      </trkpt>
      <trkpt lat="43.317819" lon="-5.156496">
        <ele>295.694</ele>
        <time>2023-12-28T03:49:51Z</time>
      </trkpt>
      <trkpt lat="43.317932" lon="-5.156356">
        <ele>296.056</ele>
        <time>2023-12-28T03:50:31Z</time>
      </trkpt>
      <trkpt lat="43.317983" lon="-5.156297">
        <ele>295.843</ele>
        <time>2023-12-28T03:51:11Z</time>
      </trkpt>
      <trkpt lat="43.318042" lon="-5.156214">
        <ele>295.464</ele>
        <time>2023-12-28T03:51:51Z</time>
      </trkpt>
      <trkpt lat="43.318096" lon="-5.156126">
        <ele>295.110</ele>
        <time>2023-12-28T03:52:31Z</time>
      </trkpt>
      <trkpt lat="43.318174" lon="-5.156053">
        <ele>294.309</ele>
        <time>2023-12-28T03:53:11Z</time>
      </trkpt>
      <trkpt lat="43.318254" lon="-5.155986">
        <ele>293.355</ele>
        <time>2023-12-28T03:53:51Z</time>
      </trkpt>
      <trkpt lat="43.318332" lon="-5.155914">
        <ele>292.479</ele>
        <time>2023-12-28T03:54:31Z</time>
      </trkpt>
      <trkpt lat="43.318444" lon="-5.155726">
        <ele>292.350</ele>
        <time>2023-12-28T03:55:11Z</time>
      </trkpt>
      <trkpt lat="43.318510" lon="-5.155605">
        <ele>292.540</ele>
        <time>2023-12-28T03:55:51Z</time>
      </trkpt>
      <trkpt lat="43.318567" lon="-5.155482">
        <ele>291.854</ele>
        <time>2023-12-28T03:56:31Z</time>
      </trkpt>
      <trkpt lat="43.318608" lon="-5.155383">
        <ele>290.799</ele>
        <time>2023-12-28T03:57:11Z</time>
      </trkpt>
      <trkpt lat="43.318623" lon="-5.155265">
        <ele>291.220</ele>
        <time>2023-12-28T03:57:51Z</time>
      </trkpt>
      <trkpt lat="43.318615" lon="-5.155144">
        <ele>291.847</ele>
        <time>2023-12-28T03:58:31Z</time>
      </trkpt>
      <trkpt lat="43.318623" lon="-5.154980">
        <ele>291.679</ele>
        <time>2023-12-28T03:59:11Z</time>
      </trkpt>
      <trkpt lat="43.318643" lon="-5.154878">
        <ele>292.266</ele>
        <time>2023-12-28T03:59:51Z</time>
      </trkpt>
      <trkpt lat="43.318709" lon="-5.154782">
        <ele>290.929</ele>
        <time>2023-12-28T04:00:31Z</time>
      </trkpt>
      <trkpt lat="43.318822" lon="-5.154750">
        <ele>286.921</ele>
        <time>2023-12-28T04:01:11Z</time>
      </trkpt>
      <trkpt lat="43.318916" lon="-5.154707">
        <ele>284.909</ele>
        <time>2023-12-28T04:01:51Z</time>
      </trkpt>
      <trkpt lat="43.319027" lon="-5.154616">
        <ele>284.987</ele>
        <time>2023-12-28T04:02:31Z</time>
      </trkpt>
      <trkpt lat="43.319164" lon="-5.154482">
        <ele>284.031</ele>
        <time>2023-12-28T04:03:11Z</time>
      </trkpt>
      <trkpt lat="43.319265" lon="-5.154374">
        <ele>282.342</ele>
        <time>2023-12-28T04:03:51Z</time>
      </trkpt>
      <trkpt lat="43.319363" lon="-5.154243">
        <ele>280.862</ele>
        <time>2023-12-28T04:04:31Z</time>
      </trkpt>
      <trkpt lat="43.319451" lon="-5.154058">
        <ele>279.136</ele>
        <time>2023-12-28T04:05:11Z</time>
      </trkpt>
      <trkpt lat="43.319534" lon="-5.153865">
        <ele>275.841</ele>
        <time>2023-12-28T04:05:51Z</time>
      </trkpt>
      <trkpt lat="43.319636" lon="-5.153650">
        <ele>271.742</ele>
        <time>2023-12-28T04:06:31Z</time>
      </trkpt>
      <trkpt lat="43.319691" lon="-5.153500">
        <ele>271.259</ele>
        <time>2023-12-28T04:07:11Z</time>
      </trkpt>
      <trkpt lat="43.319741" lon="-5.153331">
        <ele>272.581</ele>
        <time>2023-12-28T04:07:51Z</time>
      </trkpt>
      <trkpt lat="43.319804" lon="-5.153277">
        <ele>272.259</ele>
        <time>2023-12-28T04:08:31Z</time>
      </trkpt>
      <trkpt lat="43.319897" lon="-5.153221">
        <ele>271.003</ele>
        <time>2023-12-28T04:09:11Z</time>
      </trkpt>
      <trkpt lat="43.320009" lon="-5.153108">
        <ele>271.023</ele>
        <time>2023-12-28T04:09:51Z</time>
      </trkpt>
      <trkpt lat="43.320096" lon="-5.153006">
        <ele>270.609</ele>
        <time>2023-12-28T04:10:31Z</time>
      </trkpt>
      <trkpt lat="43.320182" lon="-5.152867">
        <ele>270.526</ele>
        <time>2023-12-28T04:11:11Z</time>
      </trkpt>
      <trkpt lat="43.320299" lon="-5.152845">
        <ele>267.930</ele>
        <time>2023-12-28T04:11:51Z</time>
      </trkpt>
      <trkpt lat="43.320405" lon="-5.152811">
        <ele>265.411</ele>
        <time>2023-12-28T04:12:31Z</time>
      </trkpt>
      <trkpt lat="43.320473" lon="-5.152770">
        <ele>264.361</ele>
        <time>2023-12-28T04:13:11Z</time>
      </trkpt>
      <trkpt lat="43.320537" lon="-5.152698">
        <ele>261.445</ele>
        <time>2023-12-28T04:13:51Z</time>
      </trkpt>
      <trkpt lat="43.320594" lon="-5.152604">
        <ele>257.820</ele>
        <time>2023-12-28T04:14:31Z</time>
      </trkpt>
      <trkpt lat="43.320623" lon="-5.152478">
        <ele>254.641</ele>
        <time>2023-12-28T04:15:11Z</time>
      </trkpt>
      <trkpt lat="43.320643" lon="-5.152363">
        <ele>251.178</ele>
        <time>2023-12-28T04:15:51Z</time>
      </trkpt>
      <trkpt lat="43.320641" lon="-5.152258">
        <ele>248.720</ele>
        <time>2023-12-28T04:16:31Z</time>
      </trkpt>
      <trkpt lat="43.320614" lon="-5.152180">
        <ele>248.376</ele>
        <time>2023-12-28T04:17:11Z</time>
      </trkpt>
      <trkpt lat="43.320567" lon="-5.152081">
        <ele>248.690</ele>
        <time>2023-12-28T04:17:51Z</time>
      </trkpt>
      <trkpt lat="43.320508" lon="-5.152011">
        <ele>249.919</ele>
        <time>2023-12-28T04:18:31Z</time>
      </trkpt>
      <trkpt lat="43.320483" lon="-5.151960">
        <ele>250.309</ele>
        <time>2023-12-28T04:19:11Z</time>
      </trkpt>
      <trkpt lat="43.320469" lon="-5.151928">
        <ele>250.948</ele>
        <time>2023-12-28T04:19:51Z</time>
      </trkpt>
      <trkpt lat="43.320578" lon="-5.151896">
        <ele>246.972</ele>
        <time>2023-12-28T04:20:31Z</time>
      </trkpt>
      <trkpt lat="43.320694" lon="-5.151858">
        <ele>244.563</ele>
        <time>2023-12-28T04:21:11Z</time>
      </trkpt>
      <trkpt lat="43.320824" lon="-5.151858">
        <ele>241.383</ele>
        <time>2023-12-28T04:21:51Z</time>
      </trkpt>
      <trkpt lat="43.320918" lon="-5.151815">
        <ele>240.227</ele>
        <time>2023-12-28T04:22:31Z</time>
      </trkpt>
      <trkpt lat="43.321025" lon="-5.151748">
        <ele>239.672</ele>
        <time>2023-12-28T04:23:11Z</time>
      </trkpt>
      <trkpt lat="43.321111" lon="-5.151711">
        <ele>238.413</ele>
        <time>2023-12-28T04:23:51Z</time>
      </trkpt>
      <trkpt lat="43.321199" lon="-5.151652">
        <ele>236.750</ele>
        <time>2023-12-28T04:24:31Z</time>
      </trkpt>
      <trkpt lat="43.321263" lon="-5.151595">
        <ele>235.672</ele>
        <time>2023-12-28T04:25:11Z</time>
      </trkpt>
      <trkpt lat="43.321341" lon="-5.151464">
        <ele>235.685</ele>
        <time>2023-12-28T04:25:51Z</time>
      </trkpt>
      <trkpt lat="43.321431" lon="-5.151333">
        <ele>232.289</ele>
        <time>2023-12-28T04:26:31Z</time>
      </trkpt>
      <trkpt lat="43.321509" lon="-5.151239">
        <ele>227.617</ele>
        <time>2023-12-28T04:27:11Z</time>
      </trkpt>
      <trkpt lat="43.321583" lon="-5.151174">
        <ele>223.409</ele>
        <time>2023-12-28T04:27:51Z</time>
      </trkpt>
      <trkpt lat="43.321642" lon="-5.151102">
        <ele>220.969</ele>
        <time>2023-12-28T04:28:31Z</time>
      </trkpt>
      <trkpt lat="43.321700" lon="-5.151027">
        <ele>219.233</ele>
        <time>2023-12-28T04:29:11Z</time>
      </trkpt>
      <trkpt lat="43.321741" lon="-5.150922">
        <ele>219.424</ele>
        <time>2023-12-28T04:29:51Z</time>
      </trkpt>
      <trkpt lat="43.321775" lon="-5.150799">
        <ele>219.924</ele>
        <time>2023-12-28T04:30:31Z</time>
      </trkpt>
      <trkpt lat="43.321804" lon="-5.150745">
        <ele>219.088</ele>
        <time>2023-12-28T04:31:11Z</time>
      </trkpt>
      <trkpt lat="43.321851" lon="-5.150662">
        <ele>217.673</ele>
        <time>2023-12-28T04:31:51Z</time>
      </trkpt>
      <trkpt lat="43.321935" lon="-5.150523">
        <ele>214.614</ele>
        <time>2023-12-28T04:32:31Z</time>
      </trkpt>
      <trkpt lat="43.322024" lon="-5.150450">
        <ele>209.791</ele>
        <time>2023-12-28T04:33:11Z</time>
      </trkpt>
      <trkpt lat="43.322149" lon="-5.150354">
        <ele>204.553</ele>
        <time>2023-12-28T04:33:51Z</time>
      </trkpt>
      <trkpt lat="43.322227" lon="-5.150295">
        <ele>202.339</ele>
        <time>2023-12-28T04:34:31Z</time>
      </trkpt>
      <trkpt lat="43.322325" lon="-5.150214">
        <ele>198.401</ele>
        <time>2023-12-28T04:35:11Z</time>
      </trkpt>
      <trkpt lat="43.322393" lon="-5.150128">
        <ele>196.121</ele>
        <time>2023-12-28T04:35:51Z</time>
      </trkpt>
      <trkpt lat="43.322432" lon="-5.150048">
        <ele>195.309</ele>
        <time>2023-12-28T04:36:31Z</time>
      </trkpt>
      <trkpt lat="43.322452" lon="-5.149946">
        <ele>194.634</ele>
        <time>2023-12-28T04:37:11Z</time>
      </trkpt>
      <trkpt lat="43.322462" lon="-5.149882">
        <ele>193.598</ele>
        <time>2023-12-28T04:37:51Z</time>
      </trkpt>
      <trkpt lat="43.322444" lon="-5.149793">
        <ele>193.529</ele>
        <time>2023-12-28T04:38:31Z</time>
      </trkpt>
      <trkpt lat="43.322417" lon="-5.149651">
        <ele>193.039</ele>
        <time>2023-12-28T04:39:11Z</time>
      </trkpt>
      <trkpt lat="43.322395" lon="-5.149514">
        <ele>191.893</ele>
        <time>2023-12-28T04:39:51Z</time>
      </trkpt>
      <trkpt lat="43.322387" lon="-5.149399">
        <ele>190.658</ele>
        <time>2023-12-28T04:40:31Z</time>
      </trkpt>
      <trkpt lat="43.322372" lon="-5.149286">
        <ele>190.099</ele>
        <time>2023-12-28T04:41:11Z</time>
      </trkpt>
      <trkpt lat="43.322360" lon="-5.149181">
        <ele>189.256</ele>
        <time>2023-12-28T04:41:51Z</time>
      </trkpt>
      <trkpt lat="43.322376" lon="-5.149106">
        <ele>186.618</ele>
        <time>2023-12-28T04:42:31Z</time>
      </trkpt>
      <trkpt lat="43.322430" lon="-5.149061">
        <ele>183.794</ele>
        <time>2023-12-28T04:43:11Z</time>
      </trkpt>
      <trkpt lat="43.322506" lon="-5.149085">
        <ele>182.057</ele>
        <time>2023-12-28T04:43:51Z</time>
      </trkpt>
      <trkpt lat="43.322540" lon="-5.149157">
        <ele>182.422</ele>
        <time>2023-12-28T04:44:31Z</time>
      </trkpt>
      <trkpt lat="43.322594" lon="-5.149313">
        <ele>181.109</ele>
        <time>2023-12-28T04:45:11Z</time>
      </trkpt>
      <trkpt lat="43.322629" lon="-5.149442">
        <ele>180.360</ele>
        <time>2023-12-28T04:45:51Z</time>
      </trkpt>
      <trkpt lat="43.322668" lon="-5.149509">
        <ele>179.694</ele>
        <time>2023-12-28T04:46:31Z</time>
      </trkpt>
      <trkpt lat="43.322727" lon="-5.149538">
        <ele>177.485</ele>
        <time>2023-12-28T04:47:11Z</time>
      </trkpt>
      <trkpt lat="43.322756" lon="-5.149501">
        <ele>176.185</ele>
        <time>2023-12-28T04:47:51Z</time>
      </trkpt>
      <trkpt lat="43.322787" lon="-5.149431">
        <ele>174.539</ele>
        <time>2023-12-28T04:48:31Z</time>
      </trkpt>
      <trkpt lat="43.322815" lon="-5.149334">
        <ele>172.624</ele>
        <time>2023-12-28T04:49:11Z</time>
      </trkpt>
      <trkpt lat="43.322848" lon="-5.149198">
        <ele>170.535</ele>
        <time>2023-12-28T04:49:51Z</time>
      </trkpt>
      <trkpt lat="43.322867" lon="-5.149104">
        <ele>168.662</ele>
        <time>2023-12-28T04:50:31Z</time>
      </trkpt>
      <trkpt lat="43.322867" lon="-5.149045">
        <ele>167.714</ele>
        <time>2023-12-28T04:51:11Z</time>
      </trkpt>
      <trkpt lat="43.322830" lon="-5.148953">
        <ele>168.064</ele>
        <time>2023-12-28T04:51:51Z</time>
      </trkpt>
      <trkpt lat="43.322758" lon="-5.148801">
        <ele>167.606</ele>
        <time>2023-12-28T04:52:31Z</time>
      </trkpt>
      <trkpt lat="43.322672" lon="-5.148677">
        <ele>166.416</ele>
        <time>2023-12-28T04:53:11Z</time>
      </trkpt>
      <trkpt lat="43.322618" lon="-5.148570">
        <ele>166.309</ele>
        <time>2023-12-28T04:53:51Z</time>
      </trkpt>
      <trkpt lat="43.322588" lon="-5.148484">
        <ele>169.097</ele>
        <time>2023-12-28T04:54:31Z</time>
      </trkpt>
      <trkpt lat="43.322608" lon="-5.148420">
        <ele>170.171</ele>
        <time>2023-12-28T04:55:11Z</time>
      </trkpt>
      <trkpt lat="43.322690" lon="-5.148396">
        <ele>168.982</ele>
        <time>2023-12-28T04:55:51Z</time>
      </trkpt>
      <trkpt lat="43.322770" lon="-5.148404">
        <ele>166.932</ele>
        <time>2023-12-28T04:56:31Z</time>
      </trkpt>
      <trkpt lat="43.322945" lon="-5.148498">
        <ele>163.676</ele>
        <time>2023-12-28T04:57:11Z</time>
      </trkpt>
      <trkpt lat="43.323010" lon="-5.148527">
        <ele>162.251</ele>
        <time>2023-12-28T04:57:51Z</time>
      </trkpt>
      <trkpt lat="43.323084" lon="-5.148538">
        <ele>161.562</ele>
        <time>2023-12-28T04:58:31Z</time>
      </trkpt>
      <trkpt lat="43.323242" lon="-5.148648">
        <ele>159.949</ele>
        <time>2023-12-28T04:59:11Z</time>
      </trkpt>
      <trkpt lat="43.323273" lon="-5.148696">
        <ele>159.561</ele>
        <time>2023-12-28T04:59:51Z</time>
      </trkpt>
      <trkpt lat="43.323336" lon="-5.148846">
        <ele>157.642</ele>
        <time>2023-12-28T05:00:31Z</time>
      </trkpt>
      <trkpt lat="43.323396" lon="-5.148967">
        <ele>153.922</ele>
        <time>2023-12-28T05:01:11Z</time>
      </trkpt>
      <trkpt lat="43.323486" lon="-5.149072">
        <ele>151.014</ele>
        <time>2023-12-28T05:01:51Z</time>
      </trkpt>
      <trkpt lat="43.323587" lon="-5.149155">
        <ele>150.009</ele>
        <time>2023-12-28T05:02:31Z</time>
      </trkpt>
      <trkpt lat="43.323660" lon="-5.149179">
        <ele>148.435</ele>
        <time>2023-12-28T05:03:11Z</time>
      </trkpt>
      <trkpt lat="43.323734" lon="-5.149131">
        <ele>147.769</ele>
        <time>2023-12-28T05:03:51Z</time>
      </trkpt>
      <trkpt lat="43.323784" lon="-5.149066">
        <ele>147.160</ele>
        <time>2023-12-28T05:04:31Z</time>
      </trkpt>
      <trkpt lat="43.323816" lon="-5.148994">
        <ele>147.090</ele>
        <time>2023-12-28T05:05:11Z</time>
      </trkpt>
      <trkpt lat="43.323866" lon="-5.148830">
        <ele>146.454</ele>
        <time>2023-12-28T05:05:51Z</time>
      </trkpt>
      <trkpt lat="43.323917" lon="-5.148709">
        <ele>144.529</ele>
        <time>2023-12-28T05:06:31Z</time>
      </trkpt>
      <trkpt lat="43.323950" lon="-5.148653">
        <ele>143.470</ele>
        <time>2023-12-28T05:07:11Z</time>
      </trkpt>
      <trkpt lat="43.324019" lon="-5.148650">
        <ele>141.437</ele>
        <time>2023-12-28T05:07:51Z</time>
      </trkpt>
      <trkpt lat="43.324067" lon="-5.148693">
        <ele>140.239</ele>
        <time>2023-12-28T05:08:31Z</time>
      </trkpt>
      <trkpt lat="43.324085" lon="-5.148752">
        <ele>139.914</ele>
        <time>2023-12-28T05:09:11Z</time>
      </trkpt>
      <trkpt lat="43.324087" lon="-5.148809">
        <ele>140.054</ele>
        <time>2023-12-28T05:09:51Z</time>
      </trkpt>
      <trkpt lat="43.324089" lon="-5.148868">
        <ele>140.209</ele>
        <time>2023-12-28T05:10:31Z</time>
      </trkpt>
      <trkpt lat="43.324079" lon="-5.148937">
        <ele>139.909</ele>
        <time>2023-12-28T05:11:11Z</time>
      </trkpt>
      <trkpt lat="43.324087" lon="-5.148999">
        <ele>138.952</ele>
        <time>2023-12-28T05:11:51Z</time>
      </trkpt>
      <trkpt lat="43.324138" lon="-5.149034">
        <ele>136.896</ele>
        <time>2023-12-28T05:12:31Z</time>
      </trkpt>
      <trkpt lat="43.324218" lon="-5.149018">
        <ele>133.967</ele>
        <time>2023-12-28T05:13:11Z</time>
      </trkpt>
      <trkpt lat="43.324278" lon="-5.148975">
        <ele>132.417</ele>
        <time>2023-12-28T05:13:51Z</time>
      </trkpt>
      <trkpt lat="43.324319" lon="-5.148903">
        <ele>133.291</ele>
        <time>2023-12-28T05:14:31Z</time>
      </trkpt>
      <trkpt lat="43.324343" lon="-5.148819">
        <ele>132.266</ele>
        <time>2023-12-28T05:15:11Z</time>
      </trkpt>
      <trkpt lat="43.324354" lon="-5.148717">
        <ele>130.797</ele>
        <time>2023-12-28T05:15:51Z</time>
      </trkpt>
      <trkpt lat="43.324350" lon="-5.148645">
        <ele>130.164</ele>
        <time>2023-12-28T05:16:31Z</time>
      </trkpt>
      <trkpt lat="43.324344" lon="-5.148548">
        <ele>128.986</ele>
        <time>2023-12-28T05:17:11Z</time>
      </trkpt>
      <trkpt lat="43.324378" lon="-5.148345">
        <ele>124.186</ele>
        <time>2023-12-28T05:17:51Z</time>
      </trkpt>
      <trkpt lat="43.324358" lon="-5.148251">
        <ele>123.060</ele>
        <time>2023-12-28T05:18:31Z</time>
      </trkpt>
      <trkpt lat="43.324319" lon="-5.148138">
        <ele>122.226</ele>
        <time>2023-12-28T05:19:11Z</time>
      </trkpt>
      <trkpt lat="43.324284" lon="-5.148058">
        <ele>122.009</ele>
        <time>2023-12-28T05:19:51Z</time>
      </trkpt>
      <trkpt lat="43.324229" lon="-5.147926">
        <ele>121.349</ele>
        <time>2023-12-28T05:20:31Z</time>
      </trkpt>
      <trkpt lat="43.324194" lon="-5.147803">
        <ele>119.613</ele>
        <time>2023-12-28T05:21:11Z</time>
      </trkpt>
      <trkpt lat="43.324190" lon="-5.147712">
        <ele>118.684</ele>
        <time>2023-12-28T05:21:51Z</time>
      </trkpt>
      <trkpt lat="43.324208" lon="-5.147669">
        <ele>117.544</ele>
        <time>2023-12-28T05:22:31Z</time>
      </trkpt>
      <trkpt lat="43.324255" lon="-5.147634">
        <ele>115.148</ele>
        <time>2023-12-28T05:23:11Z</time>
      </trkpt>
      <trkpt lat="43.324325" lon="-5.147674">
        <ele>112.733</ele>
        <time>2023-12-28T05:23:51Z</time>
      </trkpt>
      <trkpt lat="43.324389" lon="-5.147771">
        <ele>111.964</ele>
        <time>2023-12-28T05:24:31Z</time>
      </trkpt>
      <trkpt lat="43.324417" lon="-5.147835">
        <ele>112.111</ele>
        <time>2023-12-28T05:25:11Z</time>
      </trkpt>
      <trkpt lat="43.324497" lon="-5.147932">
        <ele>111.023</ele>
        <time>2023-12-28T05:25:51Z</time>
      </trkpt>
      <trkpt lat="43.324530" lon="-5.148015">
        <ele>111.126</ele>
        <time>2023-12-28T05:26:31Z</time>
      </trkpt>
      <trkpt lat="43.324573" lon="-5.147950">
        <ele>108.747</ele>
        <time>2023-12-28T05:27:11Z</time>
      </trkpt>
      <trkpt lat="43.324561" lon="-5.147875">
        <ele>108.211</ele>
        <time>2023-12-28T05:27:51Z</time>
      </trkpt>
      <trkpt lat="43.324567" lon="-5.147792">
        <ele>107.109</ele>
        <time>2023-12-28T05:28:31Z</time>
      </trkpt>
      <trkpt lat="43.324571" lon="-5.147712">
        <ele>105.953</ele>
        <time>2023-12-28T05:29:11Z</time>
      </trkpt>
      <trkpt lat="43.324573" lon="-5.147607">
        <ele>104.597</ele>
        <time>2023-12-28T05:29:51Z</time>
      </trkpt>
      <trkpt lat="43.324641" lon="-5.147476">
        <ele>102.278</ele>
        <time>2023-12-28T05:30:31Z</time>
      </trkpt>
      <trkpt lat="43.324705" lon="-5.147419">
        <ele>100.938</ele>
        <time>2023-12-28T05:31:11Z</time>
      </trkpt>
      <trkpt lat="43.324723" lon="-5.147341">
        <ele>99.822</ele>
        <time>2023-12-28T05:31:51Z</time>
      </trkpt>
      <trkpt lat="43.324770" lon="-5.147199">
        <ele>100.037</ele>
        <time>2023-12-28T05:32:31Z</time>
      </trkpt>
      <trkpt lat="43.324830" lon="-5.147046">
        <ele>99.238</ele>
        <time>2023-12-28T05:33:11Z</time>
      </trkpt>
      <trkpt lat="43.324916" lon="-5.146888">
        <ele>98.095</ele>
        <time>2023-12-28T05:33:51Z</time>
      </trkpt>
      <trkpt lat="43.325072" lon="-5.146663">
        <ele>98.047</ele>
        <time>2023-12-28T05:34:31Z</time>
      </trkpt>
      <trkpt lat="43.325209" lon="-5.146499">
        <ele>98.244</ele>
        <time>2023-12-28T05:35:11Z</time>
      </trkpt>
      <trkpt lat="43.325363" lon="-5.146298">
        <ele>99.605</ele>
        <time>2023-12-28T05:35:51Z</time>
      </trkpt>
      <trkpt lat="43.325478" lon="-5.146137">
        <ele>99.815</ele>
        <time>2023-12-28T05:36:31Z</time>
      </trkpt>
      <trkpt lat="43.325591" lon="-5.145957">
        <ele>98.509</ele>
        <time>2023-12-28T05:37:11Z</time>
      </trkpt>
      <trkpt lat="43.325662" lon="-5.145748">
        <ele>96.965</ele>
        <time>2023-12-28T05:37:51Z</time>
      </trkpt>
      <trkpt lat="43.325802" lon="-5.145424">
        <ele>95.539</ele>
        <time>2023-12-28T05:38:31Z</time>
      </trkpt>
      <trkpt lat="43.325937" lon="-5.145099">
        <ele>94.150</ele>
        <time>2023-12-28T05:39:11Z</time>
      </trkpt>
      <trkpt lat="43.326112" lon="-5.144683">
        <ele>89.280</ele>
        <time>2023-12-28T05:39:51Z</time>
      </trkpt>
      <trkpt lat="43.326185" lon="-5.144514">
        <ele>87.974</ele>
        <time>2023-12-28T05:40:31Z</time>
      </trkpt>
      <trkpt lat="43.326239" lon="-5.144426">
        <ele>87.949</ele>
        <time>2023-12-28T05:41:11Z</time>
      </trkpt>
      <trkpt lat="43.326227" lon="-5.144354">
        <ele>86.630</ele>
        <time>2023-12-28T05:41:51Z</time>
      </trkpt>
      <trkpt lat="43.326222" lon="-5.144262">
        <ele>85.457</ele>
        <time>2023-12-28T05:42:31Z</time>
      </trkpt>
      <trkpt lat="43.326222" lon="-5.144163">
        <ele>84.279</ele>
        <time>2023-12-28T05:43:11Z</time>
      </trkpt>
      <trkpt lat="43.326233" lon="-5.144045">
        <ele>83.196</ele>
        <time>2023-12-28T05:43:51Z</time>
      </trkpt>
      <trkpt lat="43.326235" lon="-5.143967">
        <ele>82.231</ele>
        <time>2023-12-28T05:44:31Z</time>
      </trkpt>
      <trkpt lat="43.326243" lon="-5.143887">
        <ele>81.424</ele>
        <time>2023-12-28T05:45:11Z</time>
      </trkpt>
      <trkpt lat="43.326263" lon="-5.143774">
        <ele>80.609</ele>
        <time>2023-12-28T05:45:51Z</time>
      </trkpt>
      <trkpt lat="43.326282" lon="-5.143680">
        <ele>79.960</ele>
        <time>2023-12-28T05:46:31Z</time>
      </trkpt>
      <trkpt lat="43.326331" lon="-5.143530">
        <ele>79.414</ele>
        <time>2023-12-28T05:47:11Z</time>
      </trkpt>
      <trkpt lat="43.326384" lon="-5.143407">
        <ele>79.225</ele>
        <time>2023-12-28T05:47:51Z</time>
      </trkpt>
      <trkpt lat="43.326430" lon="-5.143297">
        <ele>79.795</ele>
        <time>2023-12-28T05:48:31Z</time>
      </trkpt>
      <trkpt lat="43.326444" lon="-5.143238">
        <ele>79.999</ele>
        <time>2023-12-28T05:49:11Z</time>
      </trkpt>
      <trkpt lat="43.326403" lon="-5.143227">
        <ele>79.244</ele>
        <time>2023-12-28T05:49:51Z</time>
      </trkpt>
      <trkpt lat="43.326350" lon="-5.143246">
        <ele>78.895</ele>
        <time>2023-12-28T05:50:31Z</time>
      </trkpt>
      <trkpt lat="43.326276" lon="-5.143273">
        <ele>78.532</ele>
        <time>2023-12-28T05:51:11Z</time>
      </trkpt>
      <trkpt lat="43.326202" lon="-5.143259">
        <ele>78.134</ele>
        <time>2023-12-28T05:51:51Z</time>
      </trkpt>
      <trkpt lat="43.326130" lon="-5.143227">
        <ele>77.767</ele>
        <time>2023-12-28T05:52:31Z</time>
      </trkpt>
      <trkpt lat="43.326085" lon="-5.143181">
        <ele>78.181</ele>
        <time>2023-12-28T05:53:11Z</time>
      </trkpt>
      <trkpt lat="43.326032" lon="-5.143112">
        <ele>78.919</ele>
        <time>2023-12-28T05:53:51Z</time>
      </trkpt>
      <trkpt lat="43.325943" lon="-5.142996">
        <ele>79.609</ele>
        <time>2023-12-28T05:54:31Z</time>
      </trkpt>
      <trkpt lat="43.325880" lon="-5.142948">
        <ele>80.157</ele>
        <time>2023-12-28T05:55:11Z</time>
      </trkpt>
      <trkpt lat="43.325804" lon="-5.142886">
        <ele>80.781</ele>
        <time>2023-12-28T05:55:51Z</time>
      </trkpt>
      <trkpt lat="43.325753" lon="-5.142862">
        <ele>81.292</ele>
        <time>2023-12-28T05:56:31Z</time>
      </trkpt>
      <trkpt lat="43.325745" lon="-5.142857">
        <ele>81.312</ele>
        <time>2023-12-28T05:57:11Z</time>
      </trkpt>
      <trkpt lat="43.325779" lon="-5.142919">
        <ele>81.556</ele>
        <time>2023-12-28T05:57:51Z</time>
      </trkpt>
      <trkpt lat="43.325576" lon="-5.143203">
        <ele>92.751</ele>
        <time>2023-12-28T05:58:31Z</time>
      </trkpt>
      <trkpt lat="43.325863" lon="-5.143651">
        <ele>91.292</ele>
        <time>2023-12-28T05:59:11Z</time>
      </trkpt>
      <trkpt lat="43.325880" lon="-5.143758">
        <ele>89.719</ele>
        <time>2023-12-28T05:59:51Z</time>
      </trkpt>
      <trkpt lat="43.325843" lon="-5.143868">
        <ele>90.721</ele>
        <time>2023-12-28T06:00:31Z</time>
      </trkpt>
      <trkpt lat="43.325718" lon="-5.144029">
        <ele>97.656</ele>
        <time>2023-12-28T06:01:11Z</time>
      </trkpt>
      <trkpt lat="43.325312" lon="-5.144321">
        <ele>117.759</ele>
        <time>2023-12-28T06:01:51Z</time>
      </trkpt>
      <trkpt lat="43.325265" lon="-5.144415">
        <ele>118.114</ele>
        <time>2023-12-28T06:02:31Z</time>
      </trkpt>
      <trkpt lat="43.325205" lon="-5.144434">
        <ele>122.609</ele>
        <time>2023-12-28T06:03:11Z</time>
      </trkpt>
      <trkpt lat="43.325191" lon="-5.144367">
        <ele>125.996</ele>
        <time>2023-12-28T06:03:51Z</time>
      </trkpt>
      <trkpt lat="43.325209" lon="-5.144214">
        <ele>129.260</ele>
        <time>2023-12-28T06:04:31Z</time>
      </trkpt>
      <trkpt lat="43.325318" lon="-5.143785">
        <ele>131.241</ele>
        <time>2023-12-28T06:05:11Z</time>
      </trkpt>
      <trkpt lat="43.325225" lon="-5.143661">
        <ele>134.141</ele>
        <time>2023-12-28T06:05:51Z</time>
      </trkpt>
      <trkpt lat="43.325057" lon="-5.143538">
        <ele>134.195</ele>
        <time>2023-12-28T06:06:31Z</time>
      </trkpt>
      <trkpt lat="43.324867" lon="-5.143498">
        <ele>141.980</ele>
        <time>2023-12-28T06:07:11Z</time>
      </trkpt>
      <trkpt lat="43.324542" lon="-5.143348">
        <ele>157.631</ele>
        <time>2023-12-28T06:07:51Z</time>
      </trkpt>
      <trkpt lat="43.324401" lon="-5.143286">
        <ele>165.768</ele>
        <time>2023-12-28T06:08:31Z</time>
      </trkpt>
      <trkpt lat="43.324331" lon="-5.143184">
        <ele>164.920</ele>
        <time>2023-12-28T06:09:11Z</time>
      </trkpt>
      <trkpt lat="43.324302" lon="-5.143179">
        <ele>166.295</ele>
        <time>2023-12-28T06:09:51Z</time>
      </trkpt>
      <trkpt lat="43.324280" lon="-5.143179">
        <ele>167.349</ele>
        <time>2023-12-28T06:10:31Z</time>
      </trkpt>
      <trkpt lat="43.324225" lon="-5.143267">
        <ele>174.923</ele>
        <time>2023-12-28T06:11:11Z</time>
      </trkpt>
      <trkpt lat="43.323845" lon="-5.143393">
        <ele>190.709</ele>
        <time>2023-12-28T06:11:51Z</time>
      </trkpt>
      <trkpt lat="43.323578" lon="-5.143356">
        <ele>193.840</ele>
        <time>2023-12-28T06:12:31Z</time>
      </trkpt>
      <trkpt lat="43.323359" lon="-5.143334">
        <ele>197.564</ele>
        <time>2023-12-28T06:13:11Z</time>
      </trkpt>
      <trkpt lat="43.323119" lon="-5.143289">
        <ele>207.315</ele>
        <time>2023-12-28T06:13:51Z</time>
      </trkpt>
      <trkpt lat="43.323027" lon="-5.143232">
        <ele>210.685</ele>
        <time>2023-12-28T06:14:31Z</time>
      </trkpt>
      <trkpt lat="43.322840" lon="-5.143079">
        <ele>219.819</ele>
        <time>2023-12-28T06:15:11Z</time>
      </trkpt>
      <trkpt lat="43.322770" lon="-5.143015">
        <ele>224.494</ele>
        <time>2023-12-28T06:15:51Z</time>
      </trkpt>
      <trkpt lat="43.322674" lon="-5.142953">
        <ele>232.445</ele>
        <time>2023-12-28T06:16:31Z</time>
      </trkpt>
      <trkpt lat="43.322586" lon="-5.142728">
        <ele>239.142</ele>
        <time>2023-12-28T06:17:11Z</time>
      </trkpt>
      <trkpt lat="43.322469" lon="-5.142546">
        <ele>248.394</ele>
        <time>2023-12-28T06:17:51Z</time>
      </trkpt>
      <trkpt lat="43.322383" lon="-5.142331">
        <ele>249.213</ele>
        <time>2023-12-28T06:18:31Z</time>
      </trkpt>
      <trkpt lat="43.322313" lon="-5.142127">
        <ele>247.743</ele>
        <time>2023-12-28T06:19:11Z</time>
      </trkpt>
      <trkpt lat="43.322220" lon="-5.141945">
        <ele>246.007</ele>
        <time>2023-12-28T06:19:51Z</time>
      </trkpt>
      <trkpt lat="43.322173" lon="-5.141891">
        <ele>244.309</ele>
        <time>2023-12-28T06:20:31Z</time>
      </trkpt>
      <trkpt lat="43.322149" lon="-5.142224">
        <ele>256.192</ele>
        <time>2023-12-28T06:21:11Z</time>
      </trkpt>
      <trkpt lat="43.322204" lon="-5.142471">
        <ele>264.136</ele>
        <time>2023-12-28T06:21:51Z</time>
      </trkpt>
      <trkpt lat="43.322274" lon="-5.142599">
        <ele>262.467</ele>
        <time>2023-12-28T06:22:31Z</time>
      </trkpt>
      <trkpt lat="43.322329" lon="-5.142750">
        <ele>259.737</ele>
        <time>2023-12-28T06:23:11Z</time>
      </trkpt>
      <trkpt lat="43.322337" lon="-5.143211">
        <ele>264.631</ele>
        <time>2023-12-28T06:23:51Z</time>
      </trkpt>
      <trkpt lat="43.322282" lon="-5.143383">
        <ele>272.456</ele>
        <time>2023-12-28T06:24:31Z</time>
      </trkpt>
      <trkpt lat="43.322220" lon="-5.143554">
        <ele>279.557</ele>
        <time>2023-12-28T06:25:11Z</time>
      </trkpt>
      <trkpt lat="43.322188" lon="-5.143769">
        <ele>282.854</ele>
        <time>2023-12-28T06:25:51Z</time>
      </trkpt>
      <trkpt lat="43.322141" lon="-5.144058">
        <ele>289.636</ele>
        <time>2023-12-28T06:26:31Z</time>
      </trkpt>
      <trkpt lat="43.322165" lon="-5.144252">
        <ele>293.096</ele>
        <time>2023-12-28T06:27:11Z</time>
      </trkpt>
      <trkpt lat="43.322165" lon="-5.144466">
        <ele>296.931</ele>
        <time>2023-12-28T06:27:51Z</time>
      </trkpt>
      <trkpt lat="43.322157" lon="-5.144659">
        <ele>299.424</ele>
        <time>2023-12-28T06:28:31Z</time>
      </trkpt>
      <trkpt lat="43.322157" lon="-5.144852">
        <ele>300.709</ele>
        <time>2023-12-28T06:29:11Z</time>
      </trkpt>
      <trkpt lat="43.322095" lon="-5.145078">
        <ele>302.650</ele>
        <time>2023-12-28T06:29:51Z</time>
      </trkpt>
      <trkpt lat="43.322009" lon="-5.145260">
        <ele>303.634</ele>
        <time>2023-12-28T06:30:31Z</time>
      </trkpt>
      <trkpt lat="43.321931" lon="-5.145249">
        <ele>307.025</ele>
        <time>2023-12-28T06:31:11Z</time>
      </trkpt>
      <trkpt lat="43.321884" lon="-5.145056">
        <ele>311.415</ele>
        <time>2023-12-28T06:31:51Z</time>
      </trkpt>
      <trkpt lat="43.321845" lon="-5.144831">
        <ele>312.449</ele>
        <time>2023-12-28T06:32:31Z</time>
      </trkpt>
      <trkpt lat="43.321790" lon="-5.144616">
        <ele>311.544</ele>
        <time>2023-12-28T06:33:11Z</time>
      </trkpt>
      <trkpt lat="43.321447" lon="-5.144273">
        <ele>319.915</ele>
        <time>2023-12-28T06:33:51Z</time>
      </trkpt>
      <trkpt lat="43.321267" lon="-5.144112">
        <ele>321.292</ele>
        <time>2023-12-28T06:34:31Z</time>
      </trkpt>
      <trkpt lat="43.321041" lon="-5.144123">
        <ele>326.544</ele>
        <time>2023-12-28T06:35:11Z</time>
      </trkpt>
      <trkpt lat="43.320729" lon="-5.143672">
        <ele>321.184</ele>
        <time>2023-12-28T06:35:51Z</time>
      </trkpt>
      <trkpt lat="43.320635" lon="-5.143350">
        <ele>318.807</ele>
        <time>2023-12-28T06:36:31Z</time>
      </trkpt>
      <trkpt lat="43.320065" lon="-5.142857">
        <ele>322.717</ele>
        <time>2023-12-28T06:37:11Z</time>
      </trkpt>
      <trkpt lat="43.319909" lon="-5.142138">
        <ele>332.609</ele>
        <time>2023-12-28T06:37:51Z</time>
      </trkpt>
      <trkpt lat="43.319745" lon="-5.141891">
        <ele>338.169</ele>
        <time>2023-12-28T06:38:31Z</time>
      </trkpt>
      <trkpt lat="43.319694" lon="-5.141819">
        <ele>338.063</ele>
        <time>2023-12-28T06:39:11Z</time>
      </trkpt>
      <trkpt lat="43.319609" lon="-5.141717">
        <ele>336.594</ele>
        <time>2023-12-28T06:39:51Z</time>
      </trkpt>
      <trkpt lat="43.319550" lon="-5.141666">
        <ele>335.654</ele>
        <time>2023-12-28T06:40:31Z</time>
      </trkpt>
      <trkpt lat="43.319460" lon="-5.141636">
        <ele>335.188</ele>
        <time>2023-12-28T06:41:11Z</time>
      </trkpt>
      <trkpt lat="43.319365" lon="-5.141658">
        <ele>334.373</ele>
        <time>2023-12-28T06:41:51Z</time>
      </trkpt>
      <trkpt lat="43.319279" lon="-5.141741">
        <ele>334.964</ele>
        <time>2023-12-28T06:42:31Z</time>
      </trkpt>
      <trkpt lat="43.319162" lon="-5.141929">
        <ele>337.461</ele>
        <time>2023-12-28T06:43:11Z</time>
      </trkpt>
      <trkpt lat="43.319084" lon="-5.142151">
        <ele>339.373</ele>
        <time>2023-12-28T06:43:51Z</time>
      </trkpt>
      <trkpt lat="43.319015" lon="-5.142318">
        <ele>340.432</ele>
        <time>2023-12-28T06:44:31Z</time>
      </trkpt>
      <trkpt lat="43.318976" lon="-5.142428">
        <ele>341.692</ele>
        <time>2023-12-28T06:45:11Z</time>
      </trkpt>
      <trkpt lat="43.318894" lon="-5.142567">
        <ele>342.811</ele>
        <time>2023-12-28T06:45:51Z</time>
      </trkpt>
      <trkpt lat="43.318777" lon="-5.142664">
        <ele>341.609</ele>
        <time>2023-12-28T06:46:31Z</time>
      </trkpt>
      <trkpt lat="43.318645" lon="-5.142766">
        <ele>339.234</ele>
        <time>2023-12-28T06:47:11Z</time>
      </trkpt>
      <trkpt lat="43.318504" lon="-5.142809">
        <ele>338.628</ele>
        <time>2023-12-28T06:47:51Z</time>
      </trkpt>
      <trkpt lat="43.318379" lon="-5.142803">
        <ele>336.839</ele>
        <time>2023-12-28T06:48:31Z</time>
      </trkpt>
      <trkpt lat="43.318278" lon="-5.142878">
        <ele>337.929</ele>
        <time>2023-12-28T06:49:11Z</time>
      </trkpt>
      <trkpt lat="43.318192" lon="-5.143007">
        <ele>339.993</ele>
        <time>2023-12-28T06:49:51Z</time>
      </trkpt>
      <trkpt lat="43.318114" lon="-5.143120">
        <ele>339.918</ele>
        <time>2023-12-28T06:50:31Z</time>
      </trkpt>
      <trkpt lat="43.318016" lon="-5.143157">
        <ele>338.469</ele>
        <time>2023-12-28T06:51:11Z</time>
      </trkpt>
      <trkpt lat="43.317899" lon="-5.143173">
        <ele>339.156</ele>
        <time>2023-12-28T06:51:51Z</time>
      </trkpt>
      <trkpt lat="43.317805" lon="-5.143184">
        <ele>339.458</ele>
        <time>2023-12-28T06:52:31Z</time>
      </trkpt>
      <trkpt lat="43.317751" lon="-5.143211">
        <ele>338.746</ele>
        <time>2023-12-28T06:53:11Z</time>
      </trkpt>
      <trkpt lat="43.317735" lon="-5.143248">
        <ele>338.588</ele>
        <time>2023-12-28T06:53:51Z</time>
      </trkpt>
      <trkpt lat="43.317704" lon="-5.143383">
        <ele>339.716</ele>
        <time>2023-12-28T06:54:31Z</time>
      </trkpt>
      <trkpt lat="43.317610" lon="-5.143538">
        <ele>340.009</ele>
        <time>2023-12-28T06:55:11Z</time>
      </trkpt>
      <trkpt lat="43.317501" lon="-5.143656">
        <ele>339.855</ele>
        <time>2023-12-28T06:55:51Z</time>
      </trkpt>
      <trkpt lat="43.317333" lon="-5.143710">
        <ele>340.879</ele>
        <time>2023-12-28T06:56:31Z</time>
      </trkpt>
      <trkpt lat="43.317072" lon="-5.143806">
        <ele>343.680</ele>
        <time>2023-12-28T06:57:11Z</time>
      </trkpt>
      <trkpt lat="43.316908" lon="-5.143881">
        <ele>346.110</ele>
        <time>2023-12-28T06:57:51Z</time>
      </trkpt>
      <trkpt lat="43.316787" lon="-5.143924">
        <ele>345.944</ele>
        <time>2023-12-28T06:58:31Z</time>
      </trkpt>
      <trkpt lat="43.316705" lon="-5.143908">
        <ele>344.049</ele>
        <time>2023-12-28T06:59:11Z</time>
      </trkpt>
      <trkpt lat="43.316588" lon="-5.143860">
        <ele>342.370</ele>
        <time>2023-12-28T06:59:51Z</time>
      </trkpt>
      <trkpt lat="43.316459" lon="-5.143833">
        <ele>341.517</ele>
        <time>2023-12-28T07:00:31Z</time>
      </trkpt>
      <trkpt lat="43.316373" lon="-5.143844">
        <ele>341.479</ele>
        <time>2023-12-28T07:01:11Z</time>
      </trkpt>
      <trkpt lat="43.316279" lon="-5.143908">
        <ele>341.699</ele>
        <time>2023-12-28T07:01:51Z</time>
      </trkpt>
      <trkpt lat="43.316194" lon="-5.143994">
        <ele>342.707</ele>
        <time>2023-12-28T07:02:31Z</time>
      </trkpt>
      <trkpt lat="43.316108" lon="-5.144032">
        <ele>342.627</ele>
        <time>2023-12-28T07:03:11Z</time>
      </trkpt>
      <trkpt lat="43.316053" lon="-5.144032">
        <ele>342.209</ele>
        <time>2023-12-28T07:03:51Z</time>
      </trkpt>
      <trkpt lat="43.315936" lon="-5.144032">
        <ele>341.410</ele>
        <time>2023-12-28T07:04:31Z</time>
      </trkpt>
      <trkpt lat="43.315862" lon="-5.144048">
        <ele>341.434</ele>
        <time>2023-12-28T07:05:11Z</time>
      </trkpt>
      <trkpt lat="43.315721" lon="-5.144042">
        <ele>340.285</ele>
        <time>2023-12-28T07:05:51Z</time>
      </trkpt>
      <trkpt lat="43.315639" lon="-5.144053">
        <ele>339.915</ele>
        <time>2023-12-28T07:06:31Z</time>
      </trkpt>
      <trkpt lat="43.315557" lon="-5.144069">
        <ele>339.829</ele>
        <time>2023-12-28T07:07:11Z</time>
      </trkpt>
      <trkpt lat="43.315397" lon="-5.144080">
        <ele>339.464</ele>
        <time>2023-12-28T07:07:51Z</time>
      </trkpt>
      <trkpt lat="43.315222" lon="-5.144026">
        <ele>337.925</ele>
        <time>2023-12-28T07:08:31Z</time>
      </trkpt>
      <trkpt lat="43.315015" lon="-5.143973">
        <ele>338.052</ele>
        <time>2023-12-28T07:09:11Z</time>
      </trkpt>
      <trkpt lat="43.314757" lon="-5.143801">
        <ele>335.064</ele>
        <time>2023-12-28T07:09:51Z</time>
      </trkpt>
      <trkpt lat="43.314636" lon="-5.143710">
        <ele>332.532</ele>
        <time>2023-12-28T07:10:31Z</time>
      </trkpt>
      <trkpt lat="43.314488" lon="-5.143640">
        <ele>331.492</ele>
        <time>2023-12-28T07:11:11Z</time>
      </trkpt>
      <trkpt lat="43.314347" lon="-5.143549">
        <ele>331.911</ele>
        <time>2023-12-28T07:11:51Z</time>
      </trkpt>
      <trkpt lat="43.314180" lon="-5.143506">
        <ele>334.209</ele>
        <time>2023-12-28T07:12:31Z</time>
      </trkpt>
      <trkpt lat="43.314082" lon="-5.143474">
        <ele>337.464</ele>
        <time>2023-12-28T07:13:11Z</time>
      </trkpt>
      <trkpt lat="43.313973" lon="-5.143576">
        <ele>341.158</ele>
        <time>2023-12-28T07:13:51Z</time>
      </trkpt>
      <trkpt lat="43.313824" lon="-5.143753">
        <ele>346.819</ele>
        <time>2023-12-28T07:14:31Z</time>
      </trkpt>
      <trkpt lat="43.313715" lon="-5.144032">
        <ele>351.799</ele>
        <time>2023-12-28T07:15:11Z</time>
      </trkpt>
      <trkpt lat="43.313621" lon="-5.144214">
        <ele>355.143</ele>
        <time>2023-12-28T07:15:51Z</time>
      </trkpt>
      <trkpt lat="43.313563" lon="-5.144160">
        <ele>357.838</ele>
        <time>2023-12-28T07:16:31Z</time>
      </trkpt>
      <trkpt lat="43.313473" lon="-5.144075">
        <ele>364.339</ele>
        <time>2023-12-28T07:17:11Z</time>
      </trkpt>
      <trkpt lat="43.313368" lon="-5.143999">
        <ele>372.356</ele>
        <time>2023-12-28T07:17:51Z</time>
      </trkpt>
      <trkpt lat="43.313352" lon="-5.143881">
        <ele>375.888</ele>
        <time>2023-12-28T07:18:31Z</time>
      </trkpt>
      <trkpt lat="43.313309" lon="-5.143731">
        <ele>380.662</ele>
        <time>2023-12-28T07:19:11Z</time>
      </trkpt>
      <trkpt lat="43.313274" lon="-5.143629">
        <ele>383.483</ele>
        <time>2023-12-28T07:19:51Z</time>
      </trkpt>
      <trkpt lat="43.313204" lon="-5.143420">
        <ele>379.511</ele>
        <time>2023-12-28T07:20:31Z</time>
      </trkpt>
      <trkpt lat="43.313126" lon="-5.143302">
        <ele>376.909</ele>
        <time>2023-12-28T07:21:11Z</time>
      </trkpt>
      <trkpt lat="43.313067" lon="-5.143061">
        <ele>368.877</ele>
        <time>2023-12-28T07:21:51Z</time>
      </trkpt>
      <trkpt lat="43.313020" lon="-5.142873">
        <ele>362.941</ele>
        <time>2023-12-28T07:22:31Z</time>
      </trkpt>
      <trkpt lat="43.312934" lon="-5.142701">
        <ele>361.512</ele>
        <time>2023-12-28T07:23:11Z</time>
      </trkpt>
      <trkpt lat="43.312778" lon="-5.142535">
        <ele>363.672</ele>
        <time>2023-12-28T07:23:51Z</time>
      </trkpt>
      <trkpt lat="43.312458" lon="-5.142492">
        <ele>372.346</ele>
        <time>2023-12-28T07:24:31Z</time>
      </trkpt>
      <trkpt lat="43.312298" lon="-5.142465">
        <ele>377.361</ele>
        <time>2023-12-28T07:25:11Z</time>
      </trkpt>
      <trkpt lat="43.312181" lon="-5.142487">
        <ele>380.612</ele>
        <time>2023-12-28T07:25:51Z</time>
      </trkpt>
      <trkpt lat="43.312072" lon="-5.142465">
        <ele>384.679</ele>
        <time>2023-12-28T07:26:31Z</time>
      </trkpt>
      <trkpt lat="43.311861" lon="-5.142492">
        <ele>391.781</ele>
        <time>2023-12-28T07:27:11Z</time>
      </trkpt>
      <trkpt lat="43.311736" lon="-5.142503">
        <ele>395.882</ele>
        <time>2023-12-28T07:27:51Z</time>
      </trkpt>
      <trkpt lat="43.311455" lon="-5.142567">
        <ele>401.943</ele>
        <time>2023-12-28T07:28:31Z</time>
      </trkpt>
      <trkpt lat="43.311303" lon="-5.142696">
        <ele>405.617</ele>
        <time>2023-12-28T07:29:11Z</time>
      </trkpt>
      <trkpt lat="43.311166" lon="-5.142739">
        <ele>406.209</ele>
        <time>2023-12-28T07:29:51Z</time>
      </trkpt>
      <trkpt lat="43.311088" lon="-5.142787">
        <ele>406.779</ele>
        <time>2023-12-28T07:30:31Z</time>
      </trkpt>
      <trkpt lat="43.310959" lon="-5.142723">
        <ele>403.253</ele>
        <time>2023-12-28T07:31:11Z</time>
      </trkpt>
      <trkpt lat="43.310897" lon="-5.142615">
        <ele>400.494</ele>
        <time>2023-12-28T07:31:51Z</time>
      </trkpt>
      <trkpt lat="43.310834" lon="-5.142444">
        <ele>398.054</ele>
        <time>2023-12-28T07:32:31Z</time>
      </trkpt>
      <trkpt lat="43.310799" lon="-5.142331">
        <ele>396.988</ele>
        <time>2023-12-28T07:33:11Z</time>
      </trkpt>
      <trkpt lat="43.310776" lon="-5.142256">
        <ele>396.073</ele>
        <time>2023-12-28T07:33:51Z</time>
      </trkpt>
      <trkpt lat="43.310764" lon="-5.142213">
        <ele>395.744</ele>
        <time>2023-12-28T07:34:31Z</time>
      </trkpt>
      <trkpt lat="43.310764" lon="-5.142157">
        <ele>396.991</ele>
        <time>2023-12-28T07:35:11Z</time>
      </trkpt>
      <trkpt lat="43.310774" lon="-5.142100">
        <ele>398.653</ele>
        <time>2023-12-28T07:35:51Z</time>
      </trkpt>
      <trkpt lat="43.310751" lon="-5.142023">
        <ele>399.261</ele>
        <time>2023-12-28T07:36:31Z</time>
      </trkpt>
      <trkpt lat="43.310715" lon="-5.141985">
        <ele>398.321</ele>
        <time>2023-12-28T07:37:11Z</time>
      </trkpt>
      <trkpt lat="43.310680" lon="-5.141964">
        <ele>396.913</ele>
        <time>2023-12-28T07:37:51Z</time>
      </trkpt>
      <trkpt lat="43.310663" lon="-5.141910">
        <ele>396.409</ele>
        <time>2023-12-28T07:38:31Z</time>
      </trkpt>
      <trkpt lat="43.310700" lon="-5.141830">
        <ele>398.347</ele>
        <time>2023-12-28T07:39:11Z</time>
      </trkpt>
      <trkpt lat="43.310702" lon="-5.141749">
        <ele>398.551</ele>
        <time>2023-12-28T07:39:51Z</time>
      </trkpt>
      <trkpt lat="43.310708" lon="-5.141706">
        <ele>398.952</ele>
        <time>2023-12-28T07:40:31Z</time>
      </trkpt>
      <trkpt lat="43.310713" lon="-5.141636">
        <ele>398.572</ele>
        <time>2023-12-28T07:41:11Z</time>
      </trkpt>
      <trkpt lat="43.310733" lon="-5.141585">
        <ele>398.546</ele>
        <time>2023-12-28T07:41:51Z</time>
      </trkpt>
      <trkpt lat="43.310764" lon="-5.141532">
        <ele>399.211</ele>
        <time>2023-12-28T07:42:31Z</time>
      </trkpt>
      <trkpt lat="43.310809" lon="-5.141441">
        <ele>399.862</ele>
        <time>2023-12-28T07:43:11Z</time>
      </trkpt>
      <trkpt lat="43.310850" lon="-5.141387">
        <ele>400.929</ele>
        <time>2023-12-28T07:43:51Z</time>
      </trkpt>
      <trkpt lat="43.310881" lon="-5.141277">
        <ele>398.211</ele>
        <time>2023-12-28T07:44:31Z</time>
      </trkpt>
      <trkpt lat="43.310928" lon="-5.141186">
        <ele>397.329</ele>
        <time>2023-12-28T07:45:11Z</time>
      </trkpt>
      <trkpt lat="43.310977" lon="-5.141129">
        <ele>398.000</ele>
        <time>2023-12-28T07:45:51Z</time>
      </trkpt>
      <trkpt lat="43.311016" lon="-5.141062">
        <ele>397.220</ele>
        <time>2023-12-28T07:46:31Z</time>
      </trkpt>
      <trkpt lat="43.311090" lon="-5.140931">
        <ele>395.909</ele>
        <time>2023-12-28T07:47:11Z</time>
      </trkpt>
      <trkpt lat="43.311182" lon="-5.140856">
        <ele>396.893</ele>
        <time>2023-12-28T07:47:51Z</time>
      </trkpt>
      <trkpt lat="43.311272" lon="-5.140724">
        <ele>395.547</ele>
        <time>2023-12-28T07:48:31Z</time>
      </trkpt>
      <trkpt lat="43.311324" lon="-5.140625">
        <ele>394.398</ele>
        <time>2023-12-28T07:49:11Z</time>
      </trkpt>
      <trkpt lat="43.311371" lon="-5.140556">
        <ele>394.248</ele>
        <time>2023-12-28T07:49:51Z</time>
      </trkpt>
      <trkpt lat="43.311434" lon="-5.140486">
        <ele>391.922</ele>
        <time>2023-12-28T07:50:31Z</time>
      </trkpt>
      <trkpt lat="43.311504" lon="-5.140413">
        <ele>388.367</ele>
        <time>2023-12-28T07:51:11Z</time>
      </trkpt>
      <trkpt lat="43.311541" lon="-5.140287">
        <ele>382.798</ele>
        <time>2023-12-28T07:51:51Z</time>
      </trkpt>
      <trkpt lat="43.311535" lon="-5.140215">
        <ele>380.975</ele>
        <time>2023-12-28T07:52:31Z</time>
      </trkpt>
      <trkpt lat="43.311502" lon="-5.140126">
        <ele>379.387</ele>
        <time>2023-12-28T07:53:11Z</time>
      </trkpt>
      <trkpt lat="43.311453" lon="-5.140027">
        <ele>377.774</ele>
        <time>2023-12-28T07:53:51Z</time>
      </trkpt>
      <trkpt lat="43.311375" lon="-5.139968">
        <ele>377.556</ele>
        <time>2023-12-28T07:54:31Z</time>
      </trkpt>
      <trkpt lat="43.311287" lon="-5.139906">
        <ele>376.021</ele>
        <time>2023-12-28T07:55:11Z</time>
      </trkpt>
      <trkpt lat="43.311235" lon="-5.139863">
        <ele>375.309</ele>
        <time>2023-12-28T07:55:51Z</time>
      </trkpt>
      <trkpt lat="43.311188" lon="-5.139858">
        <ele>374.868</ele>
        <time>2023-12-28T07:56:31Z</time>
      </trkpt>
      <trkpt lat="43.311112" lon="-5.139963">
        <ele>373.392</ele>
        <time>2023-12-28T07:57:11Z</time>
      </trkpt>
      <trkpt lat="43.311037" lon="-5.140073">
        <ele>370.553</ele>
        <time>2023-12-28T07:57:51Z</time>
      </trkpt>
      <trkpt lat="43.310998" lon="-5.140105">
        <ele>369.043</ele>
        <time>2023-12-28T07:58:31Z</time>
      </trkpt>
      <trkpt lat="43.310940" lon="-5.140180">
        <ele>366.767</ele>
        <time>2023-12-28T07:59:11Z</time>
      </trkpt>
      <trkpt lat="43.310844" lon="-5.140274">
        <ele>362.522</ele>
        <time>2023-12-28T07:59:51Z</time>
      </trkpt>
      <trkpt lat="43.310792" lon="-5.140333">
        <ele>360.493</ele>
        <time>2023-12-28T08:00:31Z</time>
      </trkpt>
      <trkpt lat="43.310770" lon="-5.140384">
        <ele>359.640</ele>
        <time>2023-12-28T08:01:11Z</time>
      </trkpt>
      <trkpt lat="43.310749" lon="-5.140440">
        <ele>358.942</ele>
        <time>2023-12-28T08:01:51Z</time>
      </trkpt>
      <trkpt lat="43.310628" lon="-5.140518">
        <ele>354.092</ele>
        <time>2023-12-28T08:02:31Z</time>
      </trkpt>
      <trkpt lat="43.310510" lon="-5.140631">
        <ele>350.473</ele>
        <time>2023-12-28T08:03:11Z</time>
      </trkpt>
      <trkpt lat="43.310393" lon="-5.140684">
        <ele>347.020</ele>
        <time>2023-12-28T08:03:51Z</time>
      </trkpt>
      <trkpt lat="43.310183" lon="-5.140867">
        <ele>342.909</ele>
        <time>2023-12-28T08:04:31Z</time>
      </trkpt>
      <trkpt lat="43.309964" lon="-5.140877">
        <ele>336.850</ele>
        <time>2023-12-28T08:05:11Z</time>
      </trkpt>
      <trkpt lat="43.309882" lon="-5.140926">
        <ele>335.714</ele>
        <time>2023-12-28T08:05:51Z</time>
      </trkpt>
      <trkpt lat="43.309800" lon="-5.140990">
        <ele>335.315</ele>
        <time>2023-12-28T08:06:31Z</time>
      </trkpt>
      <trkpt lat="43.309560" lon="-5.141274">
        <ele>334.915</ele>
        <time>2023-12-28T08:07:11Z</time>
      </trkpt>
      <trkpt lat="43.309382" lon="-5.141226">
        <ele>332.039</ele>
        <time>2023-12-28T08:07:51Z</time>
      </trkpt>
      <trkpt lat="43.309345" lon="-5.141038">
        <ele>330.784</ele>
        <time>2023-12-28T08:08:31Z</time>
      </trkpt>
      <trkpt lat="43.309369" lon="-5.140751">
        <ele>327.345</ele>
        <time>2023-12-28T08:09:11Z</time>
      </trkpt>
      <trkpt lat="43.309396" lon="-5.140652">
        <ele>325.722</ele>
        <time>2023-12-28T08:09:51Z</time>
      </trkpt>
      <trkpt lat="43.309447" lon="-5.140467">
        <ele>322.034</ele>
        <time>2023-12-28T08:10:31Z</time>
      </trkpt>
      <trkpt lat="43.309486" lon="-5.140330">
        <ele>320.351</ele>
        <time>2023-12-28T08:11:11Z</time>
      </trkpt>
      <trkpt lat="43.309515" lon="-5.140118">
        <ele>317.501</ele>
        <time>2023-12-28T08:11:51Z</time>
      </trkpt>
      <trkpt lat="43.309529" lon="-5.139882">
        <ele>314.411</ele>
        <time>2023-12-28T08:12:31Z</time>
      </trkpt>
      <trkpt lat="43.309509" lon="-5.139603">
        <ele>311.309</ele>
        <time>2023-12-28T08:13:11Z</time>
      </trkpt>
      <trkpt lat="43.309517" lon="-5.139469">
        <ele>309.266</ele>
        <time>2023-12-28T08:13:51Z</time>
      </trkpt>
      <trkpt lat="43.309544" lon="-5.139196">
        <ele>309.620</ele>
        <time>2023-12-28T08:14:31Z</time>
      </trkpt>
      <trkpt lat="43.309570" lon="-5.138893">
        <ele>308.171</ele>
        <time>2023-12-28T08:15:11Z</time>
      </trkpt>
      <trkpt lat="43.309593" lon="-5.138791">
        <ele>304.681</ele>
        <time>2023-12-28T08:15:51Z</time>
      </trkpt>
      <trkpt lat="43.309581" lon="-5.138670">
        <ele>303.775</ele>
        <time>2023-12-28T08:16:31Z</time>
      </trkpt>
      <trkpt lat="43.309578" lon="-5.138504">
        <ele>302.410</ele>
        <time>2023-12-28T08:17:11Z</time>
      </trkpt>
      <trkpt lat="43.309617" lon="-5.138209">
        <ele>298.451</ele>
        <time>2023-12-28T08:17:51Z</time>
      </trkpt>
      <trkpt lat="43.309652" lon="-5.137873">
        <ele>296.558</ele>
        <time>2023-12-28T08:18:31Z</time>
      </trkpt>
      <trkpt lat="43.309671" lon="-5.137736">
        <ele>295.450</ele>
        <time>2023-12-28T08:19:11Z</time>
      </trkpt>
      <trkpt lat="43.309693" lon="-5.137610">
        <ele>294.065</ele>
        <time>2023-12-28T08:19:51Z</time>
      </trkpt>
      <trkpt lat="43.309745" lon="-5.137455">
        <ele>289.268</ele>
        <time>2023-12-28T08:20:31Z</time>
      </trkpt>
      <trkpt lat="43.309738" lon="-5.137294">
        <ele>286.914</ele>
        <time>2023-12-28T08:21:11Z</time>
      </trkpt>
      <trkpt lat="43.309734" lon="-5.137128">
        <ele>283.909</ele>
        <time>2023-12-28T08:21:51Z</time>
      </trkpt>
      <trkpt lat="43.309782" lon="-5.136835">
        <ele>273.267</ele>
        <time>2023-12-28T08:22:31Z</time>
      </trkpt>
      <trkpt lat="43.309786" lon="-5.136736">
        <ele>270.671</ele>
        <time>2023-12-28T08:23:11Z</time>
      </trkpt>
      <trkpt lat="43.309782" lon="-5.136452">
        <ele>262.812</ele>
        <time>2023-12-28T08:23:51Z</time>
      </trkpt>
      <trkpt lat="43.309773" lon="-5.136283">
        <ele>260.232</ele>
        <time>2023-12-28T08:24:31Z</time>
      </trkpt>
      <trkpt lat="43.309800" lon="-5.136197">
        <ele>257.026</ele>
        <time>2023-12-28T08:25:11Z</time>
      </trkpt>
      <trkpt lat="43.309851" lon="-5.135972">
        <ele>252.821</ele>
        <time>2023-12-28T08:25:51Z</time>
      </trkpt>
      <trkpt lat="43.309933" lon="-5.135722">
        <ele>248.722</ele>
        <time>2023-12-28T08:26:31Z</time>
      </trkpt>
      <trkpt lat="43.309997" lon="-5.135524">
        <ele>245.359</ele>
        <time>2023-12-28T08:27:11Z</time>
      </trkpt>
      <trkpt lat="43.310040" lon="-5.135371">
        <ele>241.721</ele>
        <time>2023-12-28T08:27:51Z</time>
      </trkpt>
      <trkpt lat="43.310075" lon="-5.135188">
        <ele>238.934</ele>
        <time>2023-12-28T08:28:31Z</time>
      </trkpt>
      <trkpt lat="43.310093" lon="-5.135065">
        <ele>237.655</ele>
        <time>2023-12-28T08:29:11Z</time>
      </trkpt>
      <trkpt lat="43.310153" lon="-5.134872">
        <ele>232.610</ele>
        <time>2023-12-28T08:29:51Z</time>
      </trkpt>
      <trkpt lat="43.310153" lon="-5.134791">
        <ele>232.409</ele>
        <time>2023-12-28T08:30:31Z</time>
      </trkpt>
      <trkpt lat="43.310192" lon="-5.134655">
        <ele>227.654</ele>
        <time>2023-12-28T08:31:11Z</time>
      </trkpt>
      <trkpt lat="43.310192" lon="-5.134596">
        <ele>225.678</ele>
        <time>2023-12-28T08:31:51Z</time>
      </trkpt>
      <trkpt lat="43.310263" lon="-5.134612">
        <ele>222.659</ele>
        <time>2023-12-28T08:32:31Z</time>
      </trkpt>
      <trkpt lat="43.310282" lon="-5.134706">
        <ele>224.289</ele>
        <time>2023-12-28T08:33:11Z</time>
      </trkpt>
      <trkpt lat="43.310280" lon="-5.134767">
        <ele>224.553</ele>
        <time>2023-12-28T08:33:51Z</time>
      </trkpt>
      <trkpt lat="43.310317" lon="-5.134858">
        <ele>220.668</ele>
        <time>2023-12-28T08:34:31Z</time>
      </trkpt>
      <trkpt lat="43.310337" lon="-5.134931">
        <ele>218.449</ele>
        <time>2023-12-28T08:35:11Z</time>
      </trkpt>
      <trkpt lat="43.310354" lon="-5.135009">
        <ele>216.456</ele>
        <time>2023-12-28T08:35:51Z</time>
      </trkpt>
      <trkpt lat="43.310417" lon="-5.135191">
        <ele>211.098</ele>
        <time>2023-12-28T08:36:31Z</time>
      </trkpt>
      <trkpt lat="43.310428" lon="-5.135245">
        <ele>210.156</ele>
        <time>2023-12-28T08:37:11Z</time>
      </trkpt>
      <trkpt lat="43.310438" lon="-5.135298">
        <ele>209.359</ele>
        <time>2023-12-28T08:37:51Z</time>
      </trkpt>
      <trkpt lat="43.310483" lon="-5.135349">
        <ele>205.714</ele>
        <time>2023-12-28T08:38:31Z</time>
      </trkpt>
      <trkpt lat="43.310497" lon="-5.135438">
        <ele>204.609</ele>
        <time>2023-12-28T08:39:11Z</time>
      </trkpt>
      <trkpt lat="43.310571" lon="-5.135457">
        <ele>198.826</ele>
        <time>2023-12-28T08:39:51Z</time>
      </trkpt>
      <trkpt lat="43.310624" lon="-5.135333">
        <ele>194.410</ele>
        <time>2023-12-28T08:40:31Z</time>
      </trkpt>
      <trkpt lat="43.310671" lon="-5.135180">
        <ele>190.141</ele>
        <time>2023-12-28T08:41:11Z</time>
      </trkpt>
      <trkpt lat="43.310733" lon="-5.134944">
        <ele>184.551</ele>
        <time>2023-12-28T08:41:51Z</time>
      </trkpt>
      <trkpt lat="43.310766" lon="-5.134791">
        <ele>181.965</ele>
        <time>2023-12-28T08:42:31Z</time>
      </trkpt>
      <trkpt lat="43.310784" lon="-5.134577">
        <ele>181.450</ele>
        <time>2023-12-28T08:43:11Z</time>
      </trkpt>
      <trkpt lat="43.310803" lon="-5.134472">
        <ele>180.491</ele>
        <time>2023-12-28T08:43:51Z</time>
      </trkpt>
      <trkpt lat="43.310801" lon="-5.134386">
        <ele>180.358</ele>
        <time>2023-12-28T08:44:31Z</time>
      </trkpt>
      <trkpt lat="43.310821" lon="-5.134290">
        <ele>178.380</ele>
        <time>2023-12-28T08:45:11Z</time>
      </trkpt>
      <trkpt lat="43.310832" lon="-5.134234">
        <ele>177.314</ele>
        <time>2023-12-28T08:45:51Z</time>
      </trkpt>
      <trkpt lat="43.310817" lon="-5.134132">
        <ele>176.754</ele>
        <time>2023-12-28T08:46:31Z</time>
      </trkpt>
      <trkpt lat="43.310788" lon="-5.134030">
        <ele>174.509</ele>
        <time>2023-12-28T08:47:11Z</time>
      </trkpt>
      <trkpt lat="43.310678" lon="-5.133818">
        <ele>170.509</ele>
        <time>2023-12-28T08:47:51Z</time>
      </trkpt>
      <trkpt lat="43.310647" lon="-5.133729">
        <ele>167.652</ele>
        <time>2023-12-28T08:48:31Z</time>
      </trkpt>
      <trkpt lat="43.310614" lon="-5.133630">
        <ele>164.266</ele>
        <time>2023-12-28T08:49:11Z</time>
      </trkpt>
      <trkpt lat="43.310561" lon="-5.133533">
        <ele>161.527</ele>
        <time>2023-12-28T08:49:51Z</time>
      </trkpt>
      <trkpt lat="43.310526" lon="-5.133450">
        <ele>158.957</ele>
        <time>2023-12-28T08:50:31Z</time>
      </trkpt>
      <trkpt lat="43.310495" lon="-5.133362">
        <ele>155.811</ele>
        <time>2023-12-28T08:51:11Z</time>
      </trkpt>
      <trkpt lat="43.310631" lon="-5.133297">
        <ele>149.286</ele>
        <time>2023-12-28T08:51:51Z</time>
      </trkpt>
      <trkpt lat="43.310799" lon="-5.133346">
        <ele>146.537</ele>
        <time>2023-12-28T08:52:31Z</time>
      </trkpt>
      <trkpt lat="43.310987" lon="-5.133346">
        <ele>140.064</ele>
        <time>2023-12-28T08:53:11Z</time>
      </trkpt>
      <trkpt lat="43.311162" lon="-5.133335">
        <ele>132.746</ele>
        <time>2023-12-28T08:53:51Z</time>
      </trkpt>
      <trkpt lat="43.311311" lon="-5.133399">
        <ele>127.943</ele>
        <time>2023-12-28T08:54:31Z</time>
      </trkpt>
      <trkpt lat="43.311451" lon="-5.133442">
        <ele>123.864</ele>
        <time>2023-12-28T08:55:11Z</time>
      </trkpt>
      <trkpt lat="43.311471" lon="-5.133238">
        <ele>118.510</ele>
        <time>2023-12-28T08:55:51Z</time>
      </trkpt>
      <trkpt lat="43.311463" lon="-5.133120">
        <ele>116.409</ele>
        <time>2023-12-28T08:56:31Z</time>
      </trkpt>
      <trkpt lat="43.311420" lon="-5.132713">
        <ele>108.725</ele>
        <time>2023-12-28T08:57:11Z</time>
      </trkpt>
      <trkpt lat="43.311397" lon="-5.132546">
        <ele>105.829</ele>
        <time>2023-12-28T08:57:51Z</time>
      </trkpt>
      <trkpt lat="43.311361" lon="-5.132466">
        <ele>104.950</ele>
        <time>2023-12-28T08:58:31Z</time>
      </trkpt>
      <trkpt lat="43.311279" lon="-5.132402">
        <ele>104.620</ele>
        <time>2023-12-28T08:59:11Z</time>
      </trkpt>
      <trkpt lat="43.311155" lon="-5.132337">
        <ele>103.824</ele>
        <time>2023-12-28T08:59:51Z</time>
      </trkpt>
      <trkpt lat="43.310987" lon="-5.132241">
        <ele>102.019</ele>
        <time>2023-12-28T09:00:31Z</time>
      </trkpt>
      <trkpt lat="43.310686" lon="-5.132187">
        <ele>101.690</ele>
        <time>2023-12-28T09:01:11Z</time>
      </trkpt>
      <trkpt lat="43.310323" lon="-5.132090">
        <ele>101.017</ele>
        <time>2023-12-28T09:01:51Z</time>
      </trkpt>
      <trkpt lat="43.309999" lon="-5.132053">
        <ele>101.349</ele>
        <time>2023-12-28T09:02:31Z</time>
      </trkpt>
      <trkpt lat="43.309656" lon="-5.132021">
        <ele>102.785</ele>
        <time>2023-12-28T09:03:11Z</time>
      </trkpt>
      <trkpt lat="43.309394" lon="-5.131956">
        <ele>103.189</ele>
        <time>2023-12-28T09:03:51Z</time>
      </trkpt>
      <trkpt lat="43.309156" lon="-5.131833">
        <ele>103.017</ele>
        <time>2023-12-28T09:04:31Z</time>
      </trkpt>
      <trkpt lat="43.308894" lon="-5.131752">
        <ele>101.809</ele>
        <time>2023-12-28T09:05:11Z</time>
      </trkpt>
      <trkpt lat="43.308652" lon="-5.131769">
        <ele>102.469</ele>
        <time>2023-12-28T09:05:51Z</time>
      </trkpt>
      <trkpt lat="43.308426" lon="-5.131715">
        <ele>100.873</ele>
        <time>2023-12-28T09:06:31Z</time>
      </trkpt>
      <trkpt lat="43.308336" lon="-5.131677">
        <ele>99.394</ele>
        <time>2023-12-28T09:07:11Z</time>
      </trkpt>
      <trkpt lat="43.308176" lon="-5.131656">
        <ele>98.344</ele>
        <time>2023-12-28T09:07:51Z</time>
      </trkpt>
      <trkpt lat="43.307829" lon="-5.131624">
        <ele>97.418</ele>
        <time>2023-12-28T09:08:31Z</time>
      </trkpt>
      <trkpt lat="43.307528" lon="-5.131602">
        <ele>97.843</ele>
        <time>2023-12-28T09:09:11Z</time>
      </trkpt>
      <trkpt lat="43.307403" lon="-5.131586">
        <ele>97.544</ele>
        <time>2023-12-28T09:09:51Z</time>
      </trkpt>
      <trkpt lat="43.307317" lon="-5.131592">
        <ele>97.771</ele>
        <time>2023-12-28T09:10:31Z</time>
      </trkpt>
      <trkpt lat="43.307274" lon="-5.131602">
        <ele>97.833</ele>
        <time>2023-12-28T09:11:11Z</time>
      </trkpt>
      <trkpt lat="43.307251" lon="-5.131570">
        <ele>97.312</ele>
        <time>2023-12-28T09:11:51Z</time>
      </trkpt>
      <trkpt lat="43.307204" lon="-5.131543">
        <ele>96.832</ele>
        <time>2023-12-28T09:12:31Z</time>
      </trkpt>
      <trkpt lat="43.307169" lon="-5.131457">
        <ele>95.405</ele>
        <time>2023-12-28T09:13:11Z</time>
      </trkpt>
      <trkpt lat="43.307136" lon="-5.131063">
        <ele>94.509</ele>
        <time>2023-12-28T09:13:51Z</time>
      </trkpt>
      <trkpt lat="43.307111" lon="-5.130967">
        <ele>95.342</ele>
        <time>2023-12-28T09:14:31Z</time>
      </trkpt>
      <trkpt lat="43.307073" lon="-5.130942">
        <ele>95.586</ele>
        <time>2023-12-28T09:15:11Z</time>
      </trkpt>
      <trkpt lat="43.307032" lon="-5.130940">
        <ele>95.417</ele>
        <time>2023-12-28T09:15:51Z</time>
      </trkpt>
      <trkpt lat="43.306974" lon="-5.130916">
        <ele>95.587</ele>
        <time>2023-12-28T09:16:31Z</time>
      </trkpt>
      <trkpt lat="43.306943" lon="-5.130819">
        <ele>96.231</ele>
        <time>2023-12-28T09:17:11Z</time>
      </trkpt>
      <trkpt lat="43.306913" lon="-5.130677">
        <ele>97.816</ele>
        <time>2023-12-28T09:17:51Z</time>
      </trkpt>
      <trkpt lat="43.306890" lon="-5.130532">
        <ele>99.167</ele>
        <time>2023-12-28T09:18:31Z</time>
      </trkpt>
      <trkpt lat="43.306876" lon="-5.130387">
        <ele>99.514</ele>
        <time>2023-12-28T09:19:11Z</time>
      </trkpt>
      <trkpt lat="43.306870" lon="-5.130267">
        <ele>99.756</ele>
        <time>2023-12-28T09:19:51Z</time>
      </trkpt>
      <trkpt lat="43.306919" lon="-5.130208">
        <ele>99.711</ele>
        <time>2023-12-28T09:20:31Z</time>
      </trkpt>
      <trkpt lat="43.306968" lon="-5.130127">
        <ele>100.021</ele>
        <time>2023-12-28T09:21:11Z</time>
      </trkpt>
      <trkpt lat="43.307046" lon="-5.130060">
        <ele>101.603</ele>
        <time>2023-12-28T09:21:51Z</time>
      </trkpt>
      <trkpt lat="43.307114" lon="-5.129942">
        <ele>102.609</ele>
        <time>2023-12-28T09:22:31Z</time>
      </trkpt>
      <trkpt lat="43.307204" lon="-5.129786">
        <ele>102.632</ele>
        <time>2023-12-28T09:23:11Z</time>
      </trkpt>
      <trkpt lat="43.307253" lon="-5.129617">
        <ele>102.456</ele>
        <time>2023-12-28T09:23:51Z</time>
      </trkpt>
      <trkpt lat="43.307312" lon="-5.129443">
        <ele>104.857</ele>
        <time>2023-12-28T09:24:31Z</time>
      </trkpt>
      <trkpt lat="43.307341" lon="-5.129365">
        <ele>105.857</ele>
        <time>2023-12-28T09:25:11Z</time>
      </trkpt>
      <trkpt lat="43.307395" lon="-5.129239">
        <ele>107.251</ele>
        <time>2023-12-28T09:25:51Z</time>
      </trkpt>
      <trkpt lat="43.307421" lon="-5.129172">
        <ele>107.416</ele>
        <time>2023-12-28T09:26:31Z</time>
      </trkpt>
      <trkpt lat="43.307446" lon="-5.129124">
        <ele>108.077</ele>
        <time>2023-12-28T09:27:11Z</time>
      </trkpt>
      <trkpt lat="43.307477" lon="-5.129041">
        <ele>108.344</ele>
        <time>2023-12-28T09:27:51Z</time>
      </trkpt>
      <trkpt lat="43.307485" lon="-5.128995">
        <ele>108.096</ele>
        <time>2023-12-28T09:28:31Z</time>
      </trkpt>
      <trkpt lat="43.307479" lon="-5.128899">
        <ele>106.612</ele>
        <time>2023-12-28T09:29:11Z</time>
      </trkpt>
      <trkpt lat="43.307460" lon="-5.128773">
        <ele>108.132</ele>
        <time>2023-12-28T09:29:51Z</time>
      </trkpt>
      <trkpt lat="43.307411" lon="-5.128531">
        <ele>110.305</ele>
        <time>2023-12-28T09:30:31Z</time>
      </trkpt>
      <trkpt lat="43.307374" lon="-5.128456">
        <ele>109.809</ele>
        <time>2023-12-28T09:31:11Z</time>
      </trkpt>
      <trkpt lat="43.307335" lon="-5.128394">
        <ele>108.812</ele>
        <time>2023-12-28T09:31:51Z</time>
      </trkpt>
      <trkpt lat="43.307253" lon="-5.128309">
        <ele>106.436</ele>
        <time>2023-12-28T09:32:31Z</time>
      </trkpt>
      <trkpt lat="43.307138" lon="-5.128228">
        <ele>108.847</ele>
        <time>2023-12-28T09:33:11Z</time>
      </trkpt>
      <trkpt lat="43.307027" lon="-5.128169">
        <ele>111.157</ele>
        <time>2023-12-28T09:33:51Z</time>
      </trkpt>
      <trkpt lat="43.306876" lon="-5.128118">
        <ele>111.861</ele>
        <time>2023-12-28T09:34:31Z</time>
      </trkpt>
      <trkpt lat="43.306689" lon="-5.128094">
        <ele>109.826</ele>
        <time>2023-12-28T09:35:11Z</time>
      </trkpt>
      <trkpt lat="43.306484" lon="-5.128089">
        <ele>108.417</ele>
        <time>2023-12-28T09:35:51Z</time>
      </trkpt>
      <trkpt lat="43.306267" lon="-5.128105">
        <ele>107.384</ele>
        <time>2023-12-28T09:36:31Z</time>
      </trkpt>
      <trkpt lat="43.306058" lon="-5.128137">
        <ele>106.446</ele>
        <time>2023-12-28T09:37:11Z</time>
      </trkpt>
      <trkpt lat="43.305748" lon="-5.128185">
        <ele>105.175</ele>
        <time>2023-12-28T09:37:51Z</time>
      </trkpt>
      <trkpt lat="43.305508" lon="-5.128174">
        <ele>105.528</ele>
        <time>2023-12-28T09:38:31Z</time>
      </trkpt>
      <trkpt lat="43.305133" lon="-5.128185">
        <ele>108.320</ele>
        <time>2023-12-28T09:39:11Z</time>
      </trkpt>
      <trkpt lat="43.304880" lon="-5.128228">
        <ele>109.409</ele>
        <time>2023-12-28T09:39:51Z</time>
      </trkpt>
      <trkpt lat="43.304509" lon="-5.128276">
        <ele>111.168</ele>
        <time>2023-12-28T09:40:31Z</time>
      </trkpt>
      <trkpt lat="43.304159" lon="-5.128292">
        <ele>113.692</ele>
        <time>2023-12-28T09:41:11Z</time>
      </trkpt>
      <trkpt lat="43.303968" lon="-5.128239">
        <ele>112.843</ele>
        <time>2023-12-28T09:41:51Z</time>
      </trkpt>
      <trkpt lat="43.303827" lon="-5.128164">
        <ele>111.433</ele>
        <time>2023-12-28T09:42:31Z</time>
      </trkpt>
      <trkpt lat="43.303734" lon="-5.128013">
        <ele>110.587</ele>
        <time>2023-12-28T09:43:11Z</time>
      </trkpt>
      <trkpt lat="43.303705" lon="-5.127836">
        <ele>110.912</ele>
        <time>2023-12-28T09:43:51Z</time>
      </trkpt>
      <trkpt lat="43.303693" lon="-5.127552">
        <ele>110.223</ele>
        <time>2023-12-28T09:44:31Z</time>
      </trkpt>
      <trkpt lat="43.303710" lon="-5.127324">
        <ele>110.130</ele>
        <time>2023-12-28T09:45:11Z</time>
      </trkpt>
      <trkpt lat="43.303710" lon="-5.127021">
        <ele>109.232</ele>
        <time>2023-12-28T09:45:51Z</time>
      </trkpt>
      <trkpt lat="43.303726" lon="-5.126675">
        <ele>110.696</ele>
        <time>2023-12-28T09:46:31Z</time>
      </trkpt>
      <trkpt lat="43.303732" lon="-5.126557">
        <ele>111.031</ele>
        <time>2023-12-28T09:47:11Z</time>
      </trkpt>
      <trkpt lat="43.303753" lon="-5.126361">
        <ele>112.324</ele>
        <time>2023-12-28T09:47:51Z</time>
      </trkpt>
      <trkpt lat="43.303796" lon="-5.126273">
        <ele>115.209</ele>
        <time>2023-12-28T09:48:31Z</time>
      </trkpt>
      <trkpt lat="43.303794" lon="-5.126238">
        <ele>115.290</ele>
        <time>2023-12-28T09:49:11Z</time>
      </trkpt>
      <trkpt lat="43.303806" lon="-5.126184">
        <ele>116.354</ele>
        <time>2023-12-28T09:49:51Z</time>
      </trkpt>
      <trkpt lat="43.303806" lon="-5.126098">
        <ele>117.015</ele>
        <time>2023-12-28T09:50:31Z</time>
      </trkpt>
      <trkpt lat="43.303788" lon="-5.126023">
        <ele>117.945</ele>
        <time>2023-12-28T09:51:11Z</time>
      </trkpt>
      <trkpt lat="43.303751" lon="-5.125943">
        <ele>117.359</ele>
        <time>2023-12-28T09:51:51Z</time>
      </trkpt>
      <trkpt lat="43.303681" lon="-5.125854">
        <ele>113.684</ele>
        <time>2023-12-28T09:52:31Z</time>
      </trkpt>
      <trkpt lat="43.303628" lon="-5.125801">
        <ele>111.145</ele>
        <time>2023-12-28T09:53:11Z</time>
      </trkpt>
      <trkpt lat="43.303566" lon="-5.125723">
        <ele>112.632</ele>
        <time>2023-12-28T09:53:51Z</time>
      </trkpt>
      <trkpt lat="43.303527" lon="-5.125680">
        <ele>113.754</ele>
        <time>2023-12-28T09:54:31Z</time>
      </trkpt>
      <trkpt lat="43.303500" lon="-5.125591">
        <ele>116.938</ele>
        <time>2023-12-28T09:55:11Z</time>
      </trkpt>
      <trkpt lat="43.303468" lon="-5.125519">
        <ele>120.170</ele>
        <time>2023-12-28T09:55:51Z</time>
      </trkpt>
      <trkpt lat="43.303433" lon="-5.125516">
        <ele>119.317</ele>
        <time>2023-12-28T09:56:31Z</time>
      </trkpt>
      <trkpt lat="43.303367" lon="-5.125516">
        <ele>117.409</ele>
        <time>2023-12-28T09:57:11Z</time>
      </trkpt>
      <trkpt lat="43.303187" lon="-5.125511">
        <ele>116.774</ele>
        <time>2023-12-28T09:57:51Z</time>
      </trkpt>
      <trkpt lat="43.303025" lon="-5.125508">
        <ele>116.668</ele>
        <time>2023-12-28T09:58:31Z</time>
      </trkpt>
      <trkpt lat="43.302892" lon="-5.125495">
        <ele>116.659</ele>
        <time>2023-12-28T09:59:11Z</time>
      </trkpt>
      <trkpt lat="43.302799" lon="-5.125500">
        <ele>115.959</ele>
        <time>2023-12-28T09:59:51Z</time>
      </trkpt>
      <trkpt lat="43.302672" lon="-5.125535">
        <ele>115.423</ele>
        <time>2023-12-28T10:00:31Z</time>
      </trkpt>
      <trkpt lat="43.302533" lon="-5.125605">
        <ele>115.028</ele>
        <time>2023-12-28T10:01:11Z</time>
      </trkpt>
      <trkpt lat="43.302096" lon="-5.125768">
        <ele>116.199</ele>
        <time>2023-12-28T10:01:51Z</time>
      </trkpt>
      <trkpt lat="43.301762" lon="-5.125878">
        <ele>116.916</ele>
        <time>2023-12-28T10:02:31Z</time>
      </trkpt>
      <trkpt lat="43.301561" lon="-5.125937">
        <ele>116.958</ele>
        <time>2023-12-28T10:03:11Z</time>
      </trkpt>
      <trkpt lat="43.301399" lon="-5.125970">
        <ele>116.593</ele>
        <time>2023-12-28T10:03:51Z</time>
      </trkpt>
      <trkpt lat="43.301259" lon="-5.125937">
        <ele>116.365</ele>
        <time>2023-12-28T10:04:31Z</time>
      </trkpt>
      <trkpt lat="43.301001" lon="-5.125803">
        <ele>116.221</ele>
        <time>2023-12-28T10:05:11Z</time>
      </trkpt>
      <trkpt lat="43.300777" lon="-5.125656">
        <ele>116.409</ele>
        <time>2023-12-28T10:05:51Z</time>
      </trkpt>
      <trkpt lat="43.300697" lon="-5.125583">
        <ele>116.440</ele>
        <time>2023-12-28T10:06:31Z</time>
      </trkpt>
      <trkpt lat="43.300519" lon="-5.125406">
        <ele>116.024</ele>
        <time>2023-12-28T10:07:11Z</time>
      </trkpt>
      <trkpt lat="43.300408" lon="-5.125211">
        <ele>115.795</ele>
        <time>2023-12-28T10:07:51Z</time>
      </trkpt>
      <trkpt lat="43.300290" lon="-5.124961">
        <ele>114.795</ele>
        <time>2023-12-28T10:08:31Z</time>
      </trkpt>
      <trkpt lat="43.300191" lon="-5.124755">
        <ele>113.689</ele>
        <time>2023-12-28T10:09:11Z</time>
      </trkpt>
      <trkpt lat="43.300062" lon="-5.124489">
        <ele>112.274</ele>
        <time>2023-12-28T10:09:51Z</time>
      </trkpt>
      <trkpt lat="43.300007" lon="-5.124291">
        <ele>110.355</ele>
        <time>2023-12-28T10:10:31Z</time>
      </trkpt>
      <trkpt lat="43.299988" lon="-5.124148">
        <ele>110.282</ele>
        <time>2023-12-28T10:11:11Z</time>
      </trkpt>
      <trkpt lat="43.299988" lon="-5.123945">
        <ele>109.584</ele>
        <time>2023-12-28T10:11:51Z</time>
      </trkpt>
      <trkpt lat="43.300013" lon="-5.123856">
        <ele>109.872</ele>
        <time>2023-12-28T10:12:31Z</time>
      </trkpt>
      <trkpt lat="43.300027" lon="-5.123789">
        <ele>110.813</ele>
        <time>2023-12-28T10:13:11Z</time>
      </trkpt>
      <trkpt lat="43.300087" lon="-5.123738">
        <ele>114.114</ele>
        <time>2023-12-28T10:13:51Z</time>
      </trkpt>
      <trkpt lat="43.300166" lon="-5.123746">
        <ele>118.209</ele>
        <time>2023-12-28T10:14:31Z</time>
      </trkpt>
      <trkpt lat="43.300212" lon="-5.123690">
        <ele>120.958</ele>
        <time>2023-12-28T10:15:11Z</time>
      </trkpt>
      <trkpt lat="43.300277" lon="-5.123625">
        <ele>124.982</ele>
        <time>2023-12-28T10:15:51Z</time>
      </trkpt>
      <trkpt lat="43.300384" lon="-5.123505">
        <ele>131.693</ele>
        <time>2023-12-28T10:16:31Z</time>
      </trkpt>
      <trkpt lat="43.300408" lon="-5.123432">
        <ele>134.263</ele>
        <time>2023-12-28T10:17:11Z</time>
      </trkpt>
      <trkpt lat="43.300439" lon="-5.123392">
        <ele>136.417</ele>
        <time>2023-12-28T10:17:51Z</time>
      </trkpt>
      <trkpt lat="43.300533" lon="-5.123405">
        <ele>140.462</ele>
        <time>2023-12-28T10:18:31Z</time>
      </trkpt>
      <trkpt lat="43.300632" lon="-5.123389">
        <ele>144.723</ele>
        <time>2023-12-28T10:19:11Z</time>
      </trkpt>
      <trkpt lat="43.300747" lon="-5.123338">
        <ele>149.880</ele>
        <time>2023-12-28T10:19:51Z</time>
      </trkpt>
      <trkpt lat="43.300829" lon="-5.123354">
        <ele>152.592</ele>
        <time>2023-12-28T10:20:31Z</time>
      </trkpt>
      <trkpt lat="43.300911" lon="-5.123320">
        <ele>156.936</ele>
        <time>2023-12-28T10:21:11Z</time>
      </trkpt>
      <trkpt lat="43.300997" lon="-5.123333">
        <ele>159.517</ele>
        <time>2023-12-28T10:21:51Z</time>
      </trkpt>
      <trkpt lat="43.301079" lon="-5.123301">
        <ele>164.618</ele>
        <time>2023-12-28T10:22:31Z</time>
      </trkpt>
      <trkpt lat="43.301167" lon="-5.123314">
        <ele>167.309</ele>
        <time>2023-12-28T10:23:11Z</time>
      </trkpt>
      <trkpt lat="43.301276" lon="-5.123274">
        <ele>173.954</ele>
        <time>2023-12-28T10:23:51Z</time>
      </trkpt>
      <trkpt lat="43.301388" lon="-5.123269">
        <ele>178.738</ele>
        <time>2023-12-28T10:24:31Z</time>
      </trkpt>
      <trkpt lat="43.301505" lon="-5.123212">
        <ele>186.019</ele>
        <time>2023-12-28T10:25:11Z</time>
      </trkpt>
      <trkpt lat="43.301612" lon="-5.123180">
        <ele>191.349</ele>
        <time>2023-12-28T10:25:51Z</time>
      </trkpt>
      <trkpt lat="43.301717" lon="-5.123199">
        <ele>193.813</ele>
        <time>2023-12-28T10:26:31Z</time>
      </trkpt>
      <trkpt lat="43.301825" lon="-5.123169">
        <ele>198.458</ele>
        <time>2023-12-28T10:27:11Z</time>
      </trkpt>
      <trkpt lat="43.301952" lon="-5.123110">
        <ele>204.369</ele>
        <time>2023-12-28T10:27:51Z</time>
      </trkpt>
      <trkpt lat="43.302077" lon="-5.123097">
        <ele>209.716</ele>
        <time>2023-12-28T10:28:31Z</time>
      </trkpt>
      <trkpt lat="43.302168" lon="-5.123127">
        <ele>212.188</ele>
        <time>2023-12-28T10:29:11Z</time>
      </trkpt>
      <trkpt lat="43.302293" lon="-5.123140">
        <ele>215.952</ele>
        <time>2023-12-28T10:29:51Z</time>
      </trkpt>
      <trkpt lat="43.302408" lon="-5.123132">
        <ele>220.053</ele>
        <time>2023-12-28T10:30:31Z</time>
      </trkpt>
      <trkpt lat="43.302537" lon="-5.123116">
        <ele>224.508</ele>
        <time>2023-12-28T10:31:11Z</time>
      </trkpt>
      <trkpt lat="43.302666" lon="-5.123076">
        <ele>228.909</ele>
        <time>2023-12-28T10:31:51Z</time>
      </trkpt>
      <trkpt lat="43.302785" lon="-5.123035">
        <ele>233.866</ele>
        <time>2023-12-28T10:32:31Z</time>
      </trkpt>
      <trkpt lat="43.302922" lon="-5.122998">
        <ele>238.470</ele>
        <time>2023-12-28T10:33:11Z</time>
      </trkpt>
      <trkpt lat="43.303041" lon="-5.122963">
        <ele>242.251</ele>
        <time>2023-12-28T10:33:51Z</time>
      </trkpt>
      <trkpt lat="43.303154" lon="-5.122912">
        <ele>248.131</ele>
        <time>2023-12-28T10:34:31Z</time>
      </trkpt>
      <trkpt lat="43.303267" lon="-5.122899">
        <ele>251.445</ele>
        <time>2023-12-28T10:35:11Z</time>
      </trkpt>
      <trkpt lat="43.303382" lon="-5.122899">
        <ele>253.780</ele>
        <time>2023-12-28T10:35:51Z</time>
      </trkpt>
      <trkpt lat="43.303488" lon="-5.122850">
        <ele>257.921</ele>
        <time>2023-12-28T10:36:31Z</time>
      </trkpt>
      <trkpt lat="43.303595" lon="-5.122813">
        <ele>261.258</ele>
        <time>2023-12-28T10:37:11Z</time>
      </trkpt>
      <trkpt lat="43.303691" lon="-5.122794">
        <ele>263.870</ele>
        <time>2023-12-28T10:37:51Z</time>
      </trkpt>
      <trkpt lat="43.303806" lon="-5.122810">
        <ele>265.317</ele>
        <time>2023-12-28T10:38:31Z</time>
      </trkpt>
      <trkpt lat="43.303917" lon="-5.122778">
        <ele>268.787</ele>
        <time>2023-12-28T10:39:11Z</time>
      </trkpt>
      <trkpt lat="43.304013" lon="-5.122713">
        <ele>275.015</ele>
        <time>2023-12-28T10:39:51Z</time>
      </trkpt>
      <trkpt lat="43.304101" lon="-5.122665">
        <ele>279.709</ele>
        <time>2023-12-28T10:40:31Z</time>
      </trkpt>
      <trkpt lat="43.304192" lon="-5.122649">
        <ele>282.772</ele>
        <time>2023-12-28T10:41:11Z</time>
      </trkpt>
      <trkpt lat="43.304192" lon="-5.122612">
        <ele>284.766</ele>
        <time>2023-12-28T10:41:51Z</time>
      </trkpt>
      <trkpt lat="43.304136" lon="-5.122585">
        <ele>284.997</ele>
        <time>2023-12-28T10:42:31Z</time>
      </trkpt>
      <trkpt lat="43.304068" lon="-5.122555">
        <ele>285.497</ele>
        <time>2023-12-28T10:43:11Z</time>
      </trkpt>
      <trkpt lat="43.303960" lon="-5.122555">
        <ele>283.621</ele>
        <time>2023-12-28T10:43:51Z</time>
      </trkpt>
      <trkpt lat="43.303863" lon="-5.122547">
        <ele>282.666</ele>
        <time>2023-12-28T10:44:31Z</time>
      </trkpt>
      <trkpt lat="43.303767" lon="-5.122526">
        <ele>282.957</ele>
        <time>2023-12-28T10:45:11Z</time>
      </trkpt>
      <trkpt lat="43.303644" lon="-5.122499">
        <ele>283.414</ele>
        <time>2023-12-28T10:45:51Z</time>
      </trkpt>
      <trkpt lat="43.303580" lon="-5.122499">
        <ele>282.516</ele>
        <time>2023-12-28T10:46:31Z</time>
      </trkpt>
      <trkpt lat="43.303537" lon="-5.122485">
        <ele>282.888</ele>
        <time>2023-12-28T10:47:11Z</time>
      </trkpt>
      <trkpt lat="43.303466" lon="-5.122434">
        <ele>285.524</ele>
        <time>2023-12-28T10:47:51Z</time>
      </trkpt>
      <trkpt lat="43.303412" lon="-5.122408">
        <ele>286.626</ele>
        <time>2023-12-28T10:48:31Z</time>
      </trkpt>
      <trkpt lat="43.303345" lon="-5.122410">
        <ele>285.309</ele>
        <time>2023-12-28T10:49:11Z</time>
      </trkpt>
      <trkpt lat="43.303281" lon="-5.122418">
        <ele>284.299</ele>
        <time>2023-12-28T10:49:51Z</time>
      </trkpt>
      <trkpt lat="43.303205" lon="-5.122426">
        <ele>283.263</ele>
        <time>2023-12-28T10:50:31Z</time>
      </trkpt>
      <trkpt lat="43.303095" lon="-5.122405">
        <ele>284.144</ele>
        <time>2023-12-28T10:51:11Z</time>
      </trkpt>
      <trkpt lat="43.303014" lon="-5.122397">
        <ele>283.464</ele>
        <time>2023-12-28T10:51:51Z</time>
      </trkpt>
      <trkpt lat="43.302967" lon="-5.122375">
        <ele>283.898</ele>
        <time>2023-12-28T10:52:31Z</time>
      </trkpt>
      <trkpt lat="43.302896" lon="-5.122341">
        <ele>284.263</ele>
        <time>2023-12-28T10:53:11Z</time>
      </trkpt>
      <trkpt lat="43.302797" lon="-5.122284">
        <ele>285.114</ele>
        <time>2023-12-28T10:53:51Z</time>
      </trkpt>
      <trkpt lat="43.302678" lon="-5.122201">
        <ele>285.771</ele>
        <time>2023-12-28T10:54:31Z</time>
      </trkpt>
      <trkpt lat="43.302535" lon="-5.122099">
        <ele>286.873</ele>
        <time>2023-12-28T10:55:11Z</time>
      </trkpt>
      <trkpt lat="43.302428" lon="-5.122046">
        <ele>286.328</ele>
        <time>2023-12-28T10:55:51Z</time>
      </trkpt>
      <trkpt lat="43.302315" lon="-5.121995">
        <ele>285.489</ele>
        <time>2023-12-28T10:56:31Z</time>
      </trkpt>
      <trkpt lat="43.302266" lon="-5.121968">
        <ele>285.217</ele>
        <time>2023-12-28T10:57:11Z</time>
      </trkpt>
      <trkpt lat="43.302192" lon="-5.121906">
        <ele>285.209</ele>
        <time>2023-12-28T10:57:51Z</time>
      </trkpt>
      <trkpt lat="43.302172" lon="-5.121852">
        <ele>286.093</ele>
        <time>2023-12-28T10:58:31Z</time>
      </trkpt>
      <trkpt lat="43.302135" lon="-5.121783">
        <ele>286.667</ele>
        <time>2023-12-28T10:59:11Z</time>
      </trkpt>
      <trkpt lat="43.302114" lon="-5.121724">
        <ele>287.358</ele>
        <time>2023-12-28T10:59:51Z</time>
      </trkpt>
      <trkpt lat="43.302178" lon="-5.121641">
        <ele>289.278</ele>
        <time>2023-12-28T11:00:31Z</time>
      </trkpt>
      <trkpt lat="43.302278" lon="-5.121563">
        <ele>287.582</ele>
        <time>2023-12-28T11:01:11Z</time>
      </trkpt>
      <trkpt lat="43.302387" lon="-5.121544">
        <ele>291.557</ele>
        <time>2023-12-28T11:01:51Z</time>
      </trkpt>
      <trkpt lat="43.302502" lon="-5.121523">
        <ele>295.838</ele>
        <time>2023-12-28T11:02:31Z</time>
      </trkpt>
      <trkpt lat="43.302613" lon="-5.121493">
        <ele>300.275</ele>
        <time>2023-12-28T11:03:11Z</time>
      </trkpt>
      <trkpt lat="43.302729" lon="-5.121474">
        <ele>305.887</ele>
        <time>2023-12-28T11:03:51Z</time>
      </trkpt>
      <trkpt lat="43.302846" lon="-5.121429">
        <ele>310.166</ele>
        <time>2023-12-28T11:04:31Z</time>
      </trkpt>
      <trkpt lat="43.302943" lon="-5.121364">
        <ele>312.329</ele>
        <time>2023-12-28T11:05:11Z</time>
      </trkpt>
      <trkpt lat="43.302980" lon="-5.121278">
        <ele>308.321</ele>
        <time>2023-12-28T11:05:51Z</time>
      </trkpt>
      <trkpt lat="43.303002" lon="-5.121179">
        <ele>302.509</ele>
        <time>2023-12-28T11:06:31Z</time>
      </trkpt>
      <trkpt lat="43.303025" lon="-5.121061">
        <ele>296.757</ele>
        <time>2023-12-28T11:07:11Z</time>
      </trkpt>
      <trkpt lat="43.303047" lon="-5.120927">
        <ele>291.961</ele>
        <time>2023-12-28T11:07:51Z</time>
      </trkpt>
      <trkpt lat="43.303068" lon="-5.120739">
        <ele>286.922</ele>
        <time>2023-12-28T11:08:31Z</time>
      </trkpt>
      <trkpt lat="43.303086" lon="-5.120576">
        <ele>284.882</ele>
        <time>2023-12-28T11:09:11Z</time>
      </trkpt>
      <trkpt lat="43.303094" lon="-5.120377">
        <ele>284.136</ele>
        <time>2023-12-28T11:09:51Z</time>
      </trkpt>
      <trkpt lat="43.303097" lon="-5.120184">
        <ele>284.851</ele>
        <time>2023-12-28T11:10:31Z</time>
      </trkpt>
      <trkpt lat="43.303092" lon="-5.119986">
        <ele>286.992</ele>
        <time>2023-12-28T11:11:11Z</time>
      </trkpt>
      <trkpt lat="43.303094" lon="-5.119927">
        <ele>289.089</ele>
        <time>2023-12-28T11:11:51Z</time>
      </trkpt>
      <trkpt lat="43.303076" lon="-5.119854">
        <ele>290.931</ele>
        <time>2023-12-28T11:12:31Z</time>
      </trkpt>
      <trkpt lat="43.302998" lon="-5.119742">
        <ele>292.856</ele>
        <time>2023-12-28T11:13:11Z</time>
      </trkpt>
      <trkpt lat="43.302861" lon="-5.119618">
        <ele>293.959</ele>
        <time>2023-12-28T11:13:51Z</time>
      </trkpt>
      <trkpt lat="43.302742" lon="-5.119546">
        <ele>294.414</ele>
        <time>2023-12-28T11:14:31Z</time>
      </trkpt>
      <trkpt lat="43.302629" lon="-5.119438">
        <ele>297.209</ele>
        <time>2023-12-28T11:15:11Z</time>
      </trkpt>
      <trkpt lat="43.302547" lon="-5.119363">
        <ele>300.316</ele>
        <time>2023-12-28T11:15:51Z</time>
      </trkpt>
      <trkpt lat="43.302457" lon="-5.119286">
        <ele>303.590</ele>
        <time>2023-12-28T11:16:31Z</time>
      </trkpt>
      <trkpt lat="43.302340" lon="-5.119181">
        <ele>307.411</ele>
        <time>2023-12-28T11:17:11Z</time>
      </trkpt>
      <trkpt lat="43.302137" lon="-5.119036">
        <ele>312.551</ele>
        <time>2023-12-28T11:17:51Z</time>
      </trkpt>
      <trkpt lat="43.302022" lon="-5.118929">
        <ele>316.985</ele>
        <time>2023-12-28T11:18:31Z</time>
      </trkpt>
      <trkpt lat="43.301965" lon="-5.118848">
        <ele>320.760</ele>
        <time>2023-12-28T11:19:11Z</time>
      </trkpt>
      <trkpt lat="43.301819" lon="-5.118650">
        <ele>329.321</ele>
        <time>2023-12-28T11:19:51Z</time>
      </trkpt>
      <trkpt lat="43.301647" lon="-5.118524">
        <ele>334.028</ele>
        <time>2023-12-28T11:20:31Z</time>
      </trkpt>
      <trkpt lat="43.301516" lon="-5.118406">
        <ele>340.110</ele>
        <time>2023-12-28T11:21:11Z</time>
      </trkpt>
      <trkpt lat="43.301456" lon="-5.118307">
        <ele>346.476</ele>
        <time>2023-12-28T11:21:51Z</time>
      </trkpt>
      <trkpt lat="43.301323" lon="-5.118189">
        <ele>346.690</ele>
        <time>2023-12-28T11:22:31Z</time>
      </trkpt>
      <trkpt lat="43.301087" lon="-5.118079">
        <ele>340.019</ele>
        <time>2023-12-28T11:23:11Z</time>
      </trkpt>
      <trkpt lat="43.300911" lon="-5.117928">
        <ele>342.309</ele>
        <time>2023-12-28T11:23:51Z</time>
      </trkpt>
      <trkpt lat="43.300361" lon="-5.117612">
        <ele>337.198</ele>
        <time>2023-12-28T11:24:31Z</time>
      </trkpt>
      <trkpt lat="43.300248" lon="-5.117531">
        <ele>338.162</ele>
        <time>2023-12-28T11:25:11Z</time>
      </trkpt>
      <trkpt lat="43.300138" lon="-5.117408">
        <ele>337.133</ele>
        <time>2023-12-28T11:25:51Z</time>
      </trkpt>
      <trkpt lat="43.300138" lon="-5.117258">
        <ele>339.093</ele>
        <time>2023-12-28T11:26:31Z</time>
      </trkpt>
      <trkpt lat="43.300251" lon="-5.117033">
        <ele>344.467</ele>
        <time>2023-12-28T11:27:11Z</time>
      </trkpt>
      <trkpt lat="43.300404" lon="-5.116775">
        <ele>353.392</ele>
        <time>2023-12-28T11:27:51Z</time>
      </trkpt>
      <trkpt lat="43.300697" lon="-5.117161">
        <ele>365.143</ele>
        <time>2023-12-28T11:28:31Z</time>
      </trkpt>
      <trkpt lat="43.300939" lon="-5.116673">
        <ele>388.380</ele>
        <time>2023-12-28T11:29:11Z</time>
      </trkpt>
      <trkpt lat="43.301021" lon="-5.116587">
        <ele>392.792</ele>
        <time>2023-12-28T11:29:51Z</time>
      </trkpt>
      <trkpt lat="43.301099" lon="-5.116668">
        <ele>396.424</ele>
        <time>2023-12-28T11:30:31Z</time>
      </trkpt>
      <trkpt lat="43.301243" lon="-5.116598">
        <ele>402.704</ele>
        <time>2023-12-28T11:31:11Z</time>
      </trkpt>
      <trkpt lat="43.301290" lon="-5.116421">
        <ele>406.114</ele>
        <time>2023-12-28T11:31:51Z</time>
      </trkpt>
      <trkpt lat="43.301446" lon="-5.116469">
        <ele>413.409</ele>
        <time>2023-12-28T11:32:31Z</time>
      </trkpt>
      <trkpt lat="43.301676" lon="-5.116636">
        <ele>423.873</ele>
        <time>2023-12-28T11:33:11Z</time>
      </trkpt>
      <trkpt lat="43.301856" lon="-5.116416">
        <ele>434.117</ele>
        <time>2023-12-28T11:33:51Z</time>
      </trkpt>
      <trkpt lat="43.302231" lon="-5.116469">
        <ele>445.538</ele>
        <time>2023-12-28T11:34:31Z</time>
      </trkpt>
      <trkpt lat="43.302375" lon="-5.116324">
        <ele>452.228</ele>
        <time>2023-12-28T11:35:11Z</time>
      </trkpt>
      <trkpt lat="43.302524" lon="-5.116163">
        <ele>457.832</ele>
        <time>2023-12-28T11:35:51Z</time>
      </trkpt>
      <trkpt lat="43.302656" lon="-5.116040">
        <ele>461.837</ele>
        <time>2023-12-28T11:36:31Z</time>
      </trkpt>
      <trkpt lat="43.302797" lon="-5.115917">
        <ele>465.928</ele>
        <time>2023-12-28T11:37:11Z</time>
      </trkpt>
      <trkpt lat="43.302930" lon="-5.115836">
        <ele>469.165</ele>
        <time>2023-12-28T11:37:51Z</time>
      </trkpt>
      <trkpt lat="43.303078" lon="-5.115729">
        <ele>473.847</ele>
        <time>2023-12-28T11:38:31Z</time>
      </trkpt>
      <trkpt lat="43.303215" lon="-5.115675">
        <ele>476.573</ele>
        <time>2023-12-28T11:39:11Z</time>
      </trkpt>
      <trkpt lat="43.303453" lon="-5.115681">
        <ele>478.285</ele>
        <time>2023-12-28T11:39:51Z</time>
      </trkpt>
      <trkpt lat="43.303714" lon="-5.115697">
        <ele>481.313</ele>
        <time>2023-12-28T11:40:31Z</time>
      </trkpt>
      <trkpt lat="43.303976" lon="-5.115842">
        <ele>482.309</ele>
        <time>2023-12-28T11:41:11Z</time>
      </trkpt>
      <trkpt lat="43.304179" lon="-5.115879">
        <ele>484.778</ele>
        <time>2023-12-28T11:41:51Z</time>
      </trkpt>
      <trkpt lat="43.304456" lon="-5.115783">
        <ele>491.892</ele>
        <time>2023-12-28T11:42:31Z</time>
      </trkpt>
      <trkpt lat="43.304706" lon="-5.115665">
        <ele>498.673</ele>
        <time>2023-12-28T11:43:11Z</time>
      </trkpt>
      <trkpt lat="43.304944" lon="-5.115514">
        <ele>506.383</ele>
        <time>2023-12-28T11:43:51Z</time>
      </trkpt>
      <trkpt lat="43.305120" lon="-5.115429">
        <ele>510.247</ele>
        <time>2023-12-28T11:44:31Z</time>
      </trkpt>
      <trkpt lat="43.305190" lon="-5.115235">
        <ele>517.742</ele>
        <time>2023-12-28T11:45:11Z</time>
      </trkpt>
      <trkpt lat="43.305428" lon="-5.115257">
        <ele>521.293</ele>
        <time>2023-12-28T11:45:51Z</time>
      </trkpt>
      <trkpt lat="43.305592" lon="-5.115219">
        <ele>526.040</ele>
        <time>2023-12-28T11:46:31Z</time>
      </trkpt>
      <trkpt lat="43.305748" lon="-5.115150">
        <ele>530.772</ele>
        <time>2023-12-28T11:47:11Z</time>
      </trkpt>
      <trkpt lat="43.306170" lon="-5.115134">
        <ele>536.874</ele>
        <time>2023-12-28T11:47:51Z</time>
      </trkpt>
      <trkpt lat="43.306455" lon="-5.115107">
        <ele>543.256</ele>
        <time>2023-12-28T11:48:31Z</time>
      </trkpt>
      <trkpt lat="43.306646" lon="-5.115128">
        <ele>547.621</ele>
        <time>2023-12-28T11:49:11Z</time>
      </trkpt>
      <trkpt lat="43.306771" lon="-5.115311">
        <ele>551.009</ele>
        <time>2023-12-28T11:49:51Z</time>
      </trkpt>
      <trkpt lat="43.306810" lon="-5.115471">
        <ele>553.868</ele>
        <time>2023-12-28T11:50:31Z</time>
      </trkpt>
      <trkpt lat="43.306826" lon="-5.115643">
        <ele>555.712</ele>
        <time>2023-12-28T11:51:11Z</time>
      </trkpt>
      <trkpt lat="43.306849" lon="-5.115745">
        <ele>557.633</ele>
        <time>2023-12-28T11:51:51Z</time>
      </trkpt>
      <trkpt lat="43.306939" lon="-5.115681">
        <ele>562.683</ele>
        <time>2023-12-28T11:52:31Z</time>
      </trkpt>
      <trkpt lat="43.306993" lon="-5.115573">
        <ele>562.687</ele>
        <time>2023-12-28T11:53:11Z</time>
      </trkpt>
      <trkpt lat="43.307099" lon="-5.115434">
        <ele>563.322</ele>
        <time>2023-12-28T11:53:51Z</time>
      </trkpt>
      <trkpt lat="43.307263" lon="-5.115327">
        <ele>564.893</ele>
        <time>2023-12-28T11:54:31Z</time>
      </trkpt>
      <trkpt lat="43.307419" lon="-5.115171">
        <ele>564.020</ele>
        <time>2023-12-28T11:55:11Z</time>
      </trkpt>
      <trkpt lat="43.307606" lon="-5.114989">
        <ele>563.972</ele>
        <time>2023-12-28T11:55:51Z</time>
      </trkpt>
      <trkpt lat="43.307747" lon="-5.114822">
        <ele>564.174</ele>
        <time>2023-12-28T11:56:31Z</time>
      </trkpt>
      <trkpt lat="43.307864" lon="-5.114694">
        <ele>564.456</ele>
        <time>2023-12-28T11:57:11Z</time>
      </trkpt>
      <trkpt lat="43.307997" lon="-5.114586">
        <ele>564.021</ele>
        <time>2023-12-28T11:57:51Z</time>
      </trkpt>
      <trkpt lat="43.308176" lon="-5.114517">
        <ele>563.509</ele>
        <time>2023-12-28T11:58:31Z</time>
      </trkpt>
      <trkpt lat="43.308399" lon="-5.114474">
        <ele>562.958</ele>
        <time>2023-12-28T11:59:11Z</time>
      </trkpt>
      <trkpt lat="43.308598" lon="-5.114447">
        <ele>563.062</ele>
        <time>2023-12-28T11:59:51Z</time>
      </trkpt>
      <trkpt lat="43.308828" lon="-5.114484">
        <ele>562.153</ele>
        <time>2023-12-28T12:00:31Z</time>
      </trkpt>
      <trkpt lat="43.308996" lon="-5.114522">
        <ele>560.883</ele>
        <time>2023-12-28T12:01:11Z</time>
      </trkpt>
      <trkpt lat="43.309156" lon="-5.114495">
        <ele>560.317</ele>
        <time>2023-12-28T12:01:51Z</time>
      </trkpt>
      <trkpt lat="43.309296" lon="-5.114372">
        <ele>557.722</ele>
        <time>2023-12-28T12:02:31Z</time>
      </trkpt>
      <trkpt lat="43.309418" lon="-5.114189">
        <ele>555.713</ele>
        <time>2023-12-28T12:03:11Z</time>
      </trkpt>
      <trkpt lat="43.309492" lon="-5.113986">
        <ele>554.360</ele>
        <time>2023-12-28T12:03:51Z</time>
      </trkpt>
      <trkpt lat="43.309585" lon="-5.113717">
        <ele>554.262</ele>
        <time>2023-12-28T12:04:31Z</time>
      </trkpt>
      <trkpt lat="43.309644" lon="-5.113589">
        <ele>555.037</ele>
        <time>2023-12-28T12:05:11Z</time>
      </trkpt>
      <trkpt lat="43.309753" lon="-5.113487">
        <ele>555.549</ele>
        <time>2023-12-28T12:05:51Z</time>
      </trkpt>
      <trkpt lat="43.309995" lon="-5.113353">
        <ele>556.413</ele>
        <time>2023-12-28T12:06:31Z</time>
      </trkpt>
      <trkpt lat="43.310167" lon="-5.113245">
        <ele>558.109</ele>
        <time>2023-12-28T12:07:11Z</time>
      </trkpt>
      <trkpt lat="43.310331" lon="-5.113181">
        <ele>557.354</ele>
        <time>2023-12-28T12:07:51Z</time>
      </trkpt>
      <trkpt lat="43.310452" lon="-5.113095">
        <ele>558.998</ele>
        <time>2023-12-28T12:08:31Z</time>
      </trkpt>
      <trkpt lat="43.310671" lon="-5.113009">
        <ele>560.079</ele>
        <time>2023-12-28T12:09:11Z</time>
      </trkpt>
      <trkpt lat="43.310893" lon="-5.112907">
        <ele>562.849</ele>
        <time>2023-12-28T12:09:51Z</time>
      </trkpt>
      <trkpt lat="43.311100" lon="-5.112784">
        <ele>567.753</ele>
        <time>2023-12-28T12:10:31Z</time>
      </trkpt>
      <trkpt lat="43.311365" lon="-5.112634">
        <ele>574.348</ele>
        <time>2023-12-28T12:11:11Z</time>
      </trkpt>
      <trkpt lat="43.311611" lon="-5.112521">
        <ele>578.459</ele>
        <time>2023-12-28T12:11:51Z</time>
      </trkpt>
      <trkpt lat="43.311791" lon="-5.112446">
        <ele>582.046</ele>
        <time>2023-12-28T12:12:31Z</time>
      </trkpt>
      <trkpt lat="43.311959" lon="-5.112392">
        <ele>584.888</ele>
        <time>2023-12-28T12:13:11Z</time>
      </trkpt>
      <trkpt lat="43.312142" lon="-5.112441">
        <ele>588.011</ele>
        <time>2023-12-28T12:13:51Z</time>
      </trkpt>
      <trkpt lat="43.312259" lon="-5.112516">
        <ele>590.821</ele>
        <time>2023-12-28T12:14:31Z</time>
      </trkpt>
      <trkpt lat="43.312271" lon="-5.112677">
        <ele>592.103</ele>
        <time>2023-12-28T12:15:11Z</time>
      </trkpt>
      <trkpt lat="43.312294" lon="-5.112789">
        <ele>593.909</ele>
        <time>2023-12-28T12:15:51Z</time>
      </trkpt>
      <trkpt lat="43.312372" lon="-5.112907">
        <ele>598.832</ele>
        <time>2023-12-28T12:16:31Z</time>
      </trkpt>
      <trkpt lat="43.312384" lon="-5.113063">
        <ele>600.376</ele>
        <time>2023-12-28T12:17:11Z</time>
      </trkpt>
      <trkpt lat="43.312509" lon="-5.113165">
        <ele>607.917</ele>
        <time>2023-12-28T12:17:51Z</time>
      </trkpt>
      <trkpt lat="43.312552" lon="-5.113272">
        <ele>610.647</ele>
        <time>2023-12-28T12:18:31Z</time>
      </trkpt>
      <trkpt lat="43.312587" lon="-5.113465">
        <ele>613.011</ele>
        <time>2023-12-28T12:19:11Z</time>
      </trkpt>
      <trkpt lat="43.312626" lon="-5.113642">
        <ele>615.036</ele>
        <time>2023-12-28T12:19:51Z</time>
      </trkpt>
      <trkpt lat="43.312657" lon="-5.113707">
        <ele>615.657</ele>
        <time>2023-12-28T12:20:31Z</time>
      </trkpt>
      <trkpt lat="43.312735" lon="-5.113701">
        <ele>619.464</ele>
        <time>2023-12-28T12:21:11Z</time>
      </trkpt>
      <trkpt lat="43.312843" lon="-5.113741">
        <ele>623.496</ele>
        <time>2023-12-28T12:21:51Z</time>
      </trkpt>
      <trkpt lat="43.312923" lon="-5.113699">
        <ele>627.712</ele>
        <time>2023-12-28T12:22:31Z</time>
      </trkpt>
      <trkpt lat="43.313059" lon="-5.113586">
        <ele>636.332</ele>
        <time>2023-12-28T12:23:11Z</time>
      </trkpt>
      <trkpt lat="43.313145" lon="-5.113610">
        <ele>640.205</ele>
        <time>2023-12-28T12:23:51Z</time>
      </trkpt>
      <trkpt lat="43.313200" lon="-5.113575">
        <ele>643.009</ele>
        <time>2023-12-28T12:24:31Z</time>
      </trkpt>
      <trkpt lat="43.313268" lon="-5.113599">
        <ele>646.092</ele>
        <time>2023-12-28T12:25:11Z</time>
      </trkpt>
      <trkpt lat="43.313413" lon="-5.113505">
        <ele>653.646</ele>
        <time>2023-12-28T12:25:51Z</time>
      </trkpt>
      <trkpt lat="43.313471" lon="-5.113535">
        <ele>656.157</ele>
        <time>2023-12-28T12:26:31Z</time>
      </trkpt>
      <trkpt lat="43.313537" lon="-5.113457">
        <ele>660.067</ele>
        <time>2023-12-28T12:27:11Z</time>
      </trkpt>
      <trkpt lat="43.313649" lon="-5.113446">
        <ele>665.641</ele>
        <time>2023-12-28T12:27:51Z</time>
      </trkpt>
      <trkpt lat="43.313750" lon="-5.113395">
        <ele>671.136</ele>
        <time>2023-12-28T12:28:31Z</time>
      </trkpt>
      <trkpt lat="43.313863" lon="-5.113390">
        <ele>676.767</ele>
        <time>2023-12-28T12:29:11Z</time>
      </trkpt>
      <trkpt lat="43.313961" lon="-5.113355">
        <ele>681.424</ele>
        <time>2023-12-28T12:29:51Z</time>
      </trkpt>
      <trkpt lat="43.314061" lon="-5.113318">
        <ele>685.716</ele>
        <time>2023-12-28T12:30:31Z</time>
      </trkpt>
      <trkpt lat="43.314158" lon="-5.113261">
        <ele>689.166</ele>
        <time>2023-12-28T12:31:11Z</time>
      </trkpt>
      <trkpt lat="43.314254" lon="-5.113245">
        <ele>692.229</ele>
        <time>2023-12-28T12:31:51Z</time>
      </trkpt>
      <trkpt lat="43.314390" lon="-5.113331">
        <ele>696.421</ele>
        <time>2023-12-28T12:32:31Z</time>
      </trkpt>
      <trkpt lat="43.314468" lon="-5.113374">
        <ele>697.709</ele>
        <time>2023-12-28T12:33:11Z</time>
      </trkpt>
      <trkpt lat="43.314572" lon="-5.113387">
        <ele>699.517</ele>
        <time>2023-12-28T12:33:51Z</time>
      </trkpt>
      <trkpt lat="43.314703" lon="-5.113390">
        <ele>702.041</ele>
        <time>2023-12-28T12:34:31Z</time>
      </trkpt>
      <trkpt lat="43.314829" lon="-5.113395">
        <ele>703.762</ele>
        <time>2023-12-28T12:35:11Z</time>
      </trkpt>
      <trkpt lat="43.314958" lon="-5.113347">
        <ele>705.532</ele>
        <time>2023-12-28T12:35:51Z</time>
      </trkpt>
      <trkpt lat="43.315120" lon="-5.113283">
        <ele>707.996</ele>
        <time>2023-12-28T12:36:31Z</time>
      </trkpt>
      <trkpt lat="43.315315" lon="-5.113248">
        <ele>710.741</ele>
        <time>2023-12-28T12:37:11Z</time>
      </trkpt>
      <trkpt lat="43.315473" lon="-5.113275">
        <ele>712.252</ele>
        <time>2023-12-28T12:37:51Z</time>
      </trkpt>
      <trkpt lat="43.315618" lon="-5.113304">
        <ele>713.079</ele>
        <time>2023-12-28T12:38:31Z</time>
      </trkpt>
      <trkpt lat="43.315774" lon="-5.113433">
        <ele>711.341</ele>
        <time>2023-12-28T12:39:11Z</time>
      </trkpt>
      <trkpt lat="43.315918" lon="-5.113572">
        <ele>709.757</ele>
        <time>2023-12-28T12:39:51Z</time>
      </trkpt>
      <trkpt lat="43.315983" lon="-5.113640">
        <ele>708.500</ele>
        <time>2023-12-28T12:40:31Z</time>
      </trkpt>
      <trkpt lat="43.316112" lon="-5.113693">
        <ele>707.520</ele>
        <time>2023-12-28T12:41:11Z</time>
      </trkpt>
      <trkpt lat="43.316350" lon="-5.113766">
        <ele>707.309</ele>
        <time>2023-12-28T12:41:51Z</time>
      </trkpt>
      <trkpt lat="43.316543" lon="-5.113846">
        <ele>706.896</ele>
        <time>2023-12-28T12:42:31Z</time>
      </trkpt>
      <trkpt lat="43.316746" lon="-5.113975">
        <ele>704.030</ele>
        <time>2023-12-28T12:43:11Z</time>
      </trkpt>
      <trkpt lat="43.316857" lon="-5.114015">
        <ele>703.311</ele>
        <time>2023-12-28T12:43:51Z</time>
      </trkpt>
      <trkpt lat="43.317003" lon="-5.114020">
        <ele>703.331</ele>
        <time>2023-12-28T12:44:31Z</time>
      </trkpt>
      <trkpt lat="43.317218" lon="-5.113967">
        <ele>704.175</ele>
        <time>2023-12-28T12:45:11Z</time>
      </trkpt>
      <trkpt lat="43.317403" lon="-5.113924">
        <ele>703.610</ele>
        <time>2023-12-28T12:45:51Z</time>
      </trkpt>
      <trkpt lat="43.317565" lon="-5.113873">
        <ele>703.641</ele>
        <time>2023-12-28T12:46:31Z</time>
      </trkpt>
      <trkpt lat="43.317722" lon="-5.113809">
        <ele>703.798</ele>
        <time>2023-12-28T12:47:11Z</time>
      </trkpt>
      <trkpt lat="43.317874" lon="-5.113768">
        <ele>704.040</ele>
        <time>2023-12-28T12:47:51Z</time>
      </trkpt>
      <trkpt lat="43.317979" lon="-5.113736">
        <ele>704.723</ele>
        <time>2023-12-28T12:48:31Z</time>
      </trkpt>
      <trkpt lat="43.318092" lon="-5.113782">
        <ele>702.383</ele>
        <time>2023-12-28T12:49:11Z</time>
      </trkpt>
      <trkpt lat="43.318313" lon="-5.113819">
        <ele>702.111</ele>
        <time>2023-12-28T12:49:51Z</time>
      </trkpt>
      <trkpt lat="43.318588" lon="-5.113881">
        <ele>702.109</ele>
        <time>2023-12-28T12:50:31Z</time>
      </trkpt>
      <trkpt lat="43.318830" lon="-5.113940">
        <ele>702.223</ele>
        <time>2023-12-28T12:51:11Z</time>
      </trkpt>
      <trkpt lat="43.319078" lon="-5.113996">
        <ele>702.427</ele>
        <time>2023-12-28T12:51:51Z</time>
      </trkpt>
      <trkpt lat="43.319292" lon="-5.114042">
        <ele>702.118</ele>
        <time>2023-12-28T12:52:31Z</time>
      </trkpt>
      <trkpt lat="43.319447" lon="-5.114063">
        <ele>702.118</ele>
        <time>2023-12-28T12:53:11Z</time>
      </trkpt>
      <trkpt lat="43.319560" lon="-5.114045">
        <ele>702.052</ele>
        <time>2023-12-28T12:53:51Z</time>
      </trkpt>
      <trkpt lat="43.319718" lon="-5.113986">
        <ele>703.287</ele>
        <time>2023-12-28T12:54:31Z</time>
      </trkpt>
      <trkpt lat="43.319895" lon="-5.113878">
        <ele>703.098</ele>
        <time>2023-12-28T12:55:11Z</time>
      </trkpt>
      <trkpt lat="43.320032" lon="-5.113758">
        <ele>703.275</ele>
        <time>2023-12-28T12:55:51Z</time>
      </trkpt>
      <trkpt lat="43.320192" lon="-5.113581">
        <ele>703.697</ele>
        <time>2023-12-28T12:56:31Z</time>
      </trkpt>
      <trkpt lat="43.320303" lon="-5.113412">
        <ele>703.926</ele>
        <time>2023-12-28T12:57:11Z</time>
      </trkpt>
      <trkpt lat="43.320372" lon="-5.113318">
        <ele>703.347</ele>
        <time>2023-12-28T12:57:51Z</time>
      </trkpt>
      <trkpt lat="43.320555" lon="-5.113082">
        <ele>702.311</ele>
        <time>2023-12-28T12:58:31Z</time>
      </trkpt>
      <trkpt lat="43.320655" lon="-5.112913">
        <ele>702.509</ele>
        <time>2023-12-28T12:59:11Z</time>
      </trkpt>
      <trkpt lat="43.320762" lon="-5.112752">
        <ele>702.873</ele>
        <time>2023-12-28T12:59:51Z</time>
      </trkpt>
      <trkpt lat="43.320873" lon="-5.112596">
        <ele>702.687</ele>
        <time>2023-12-28T13:00:31Z</time>
      </trkpt>
      <trkpt lat="43.320961" lon="-5.112500">
        <ele>701.928</ele>
        <time>2023-12-28T13:01:11Z</time>
      </trkpt>
      <trkpt lat="43.321060" lon="-5.112331">
        <ele>701.028</ele>
        <time>2023-12-28T13:01:51Z</time>
      </trkpt>
      <trkpt lat="43.321111" lon="-5.112186">
        <ele>700.912</ele>
        <time>2023-12-28T13:02:31Z</time>
      </trkpt>
      <trkpt lat="43.321140" lon="-5.112054">
        <ele>699.627</ele>
        <time>2023-12-28T13:03:11Z</time>
      </trkpt>
      <trkpt lat="43.321179" lon="-5.112003">
        <ele>698.448</ele>
        <time>2023-12-28T13:03:51Z</time>
      </trkpt>
      <trkpt lat="43.321388" lon="-5.111947">
        <ele>693.045</ele>
        <time>2023-12-28T13:04:31Z</time>
      </trkpt>
      <trkpt lat="43.321583" lon="-5.111891">
        <ele>686.687</ele>
        <time>2023-12-28T13:05:11Z</time>
      </trkpt>
      <trkpt lat="43.321700" lon="-5.111834">
        <ele>682.364</ele>
        <time>2023-12-28T13:05:51Z</time>
      </trkpt>
      <trkpt lat="43.321876" lon="-5.111808">
        <ele>676.906</ele>
        <time>2023-12-28T13:06:31Z</time>
      </trkpt>
      <trkpt lat="43.322077" lon="-5.111754">
        <ele>671.516</ele>
        <time>2023-12-28T13:07:11Z</time>
      </trkpt>
      <trkpt lat="43.322292" lon="-5.111719">
        <ele>667.009</ele>
        <time>2023-12-28T13:07:51Z</time>
      </trkpt>
      <trkpt lat="43.322430" lon="-5.111687">
        <ele>664.957</ele>
        <time>2023-12-28T13:08:31Z</time>
      </trkpt>
      <trkpt lat="43.322520" lon="-5.111692">
        <ele>663.341</ele>
        <time>2023-12-28T13:09:11Z</time>
      </trkpt>
      <trkpt lat="43.322622" lon="-5.111671">
        <ele>663.092</ele>
        <time>2023-12-28T13:09:51Z</time>
      </trkpt>
      <trkpt lat="43.322721" lon="-5.111679">
        <ele>662.192</ele>
        <time>2023-12-28T13:10:31Z</time>
      </trkpt>
      <trkpt lat="43.322789" lon="-5.111722">
        <ele>660.586</ele>
        <time>2023-12-28T13:11:11Z</time>
      </trkpt>
      <trkpt lat="43.322885" lon="-5.111738">
        <ele>659.351</ele>
        <time>2023-12-28T13:11:51Z</time>
      </trkpt>
      <trkpt lat="43.323014" lon="-5.111783">
        <ele>657.622</ele>
        <time>2023-12-28T13:12:31Z</time>
      </trkpt>
      <trkpt lat="43.323096" lon="-5.111837">
        <ele>656.189</ele>
        <time>2023-12-28T13:13:11Z</time>
      </trkpt>
      <trkpt lat="43.323195" lon="-5.111864">
        <ele>654.981</ele>
        <time>2023-12-28T13:13:51Z</time>
      </trkpt>
      <trkpt lat="43.323318" lon="-5.111875">
        <ele>653.939</ele>
        <time>2023-12-28T13:14:31Z</time>
      </trkpt>
      <trkpt lat="43.323437" lon="-5.111856">
        <ele>651.601</ele>
        <time>2023-12-28T13:15:11Z</time>
      </trkpt>
      <trkpt lat="43.323587" lon="-5.111867">
        <ele>648.621</ele>
        <time>2023-12-28T13:15:51Z</time>
      </trkpt>
      <trkpt lat="43.323757" lon="-5.111885">
        <ele>644.309</ele>
        <time>2023-12-28T13:16:31Z</time>
      </trkpt>
      <trkpt lat="43.323907" lon="-5.111891">
        <ele>640.454</ele>
        <time>2023-12-28T13:17:11Z</time>
      </trkpt>
      <trkpt lat="43.324064" lon="-5.111888">
        <ele>636.458</ele>
        <time>2023-12-28T13:17:51Z</time>
      </trkpt>
      <trkpt lat="43.324315" lon="-5.111888">
        <ele>631.889</ele>
        <time>2023-12-28T13:18:31Z</time>
      </trkpt>
      <trkpt lat="43.324524" lon="-5.111883">
        <ele>628.479</ele>
        <time>2023-12-28T13:19:11Z</time>
      </trkpt>
      <trkpt lat="43.324631" lon="-5.111904">
        <ele>626.843</ele>
        <time>2023-12-28T13:19:51Z</time>
      </trkpt>
      <trkpt lat="43.324785" lon="-5.111893">
        <ele>623.518</ele>
        <time>2023-12-28T13:20:31Z</time>
      </trkpt>
      <trkpt lat="43.324869" lon="-5.111899">
        <ele>621.829</ele>
        <time>2023-12-28T13:21:11Z</time>
      </trkpt>
      <trkpt lat="43.325008" lon="-5.111901">
        <ele>618.826</ele>
        <time>2023-12-28T13:21:51Z</time>
      </trkpt>
      <trkpt lat="43.325098" lon="-5.111910">
        <ele>615.828</ele>
        <time>2023-12-28T13:22:31Z</time>
      </trkpt>
      <trkpt lat="43.325137" lon="-5.111861">
        <ele>613.678</ele>
        <time>2023-12-28T13:23:11Z</time>
      </trkpt>
      <trkpt lat="43.325242" lon="-5.111867">
        <ele>610.133</ele>
        <time>2023-12-28T13:23:51Z</time>
      </trkpt>
      <trkpt lat="43.325527" lon="-5.111869">
        <ele>599.926</ele>
        <time>2023-12-28T13:24:31Z</time>
      </trkpt>
      <trkpt lat="43.325742" lon="-5.111883">
        <ele>592.909</ele>
        <time>2023-12-28T13:25:11Z</time>
      </trkpt>
      <trkpt lat="43.325919" lon="-5.111918">
        <ele>588.038</ele>
        <time>2023-12-28T13:25:51Z</time>
      </trkpt>
      <trkpt lat="43.326192" lon="-5.111971">
        <ele>580.612</ele>
        <time>2023-12-28T13:26:31Z</time>
      </trkpt>
      <trkpt lat="43.326356" lon="-5.111987">
        <ele>576.413</ele>
        <time>2023-12-28T13:27:11Z</time>
      </trkpt>
      <trkpt lat="43.326493" lon="-5.111990">
        <ele>573.613</ele>
        <time>2023-12-28T13:27:51Z</time>
      </trkpt>
      <trkpt lat="43.326614" lon="-5.111993">
        <ele>571.367</ele>
        <time>2023-12-28T13:28:31Z</time>
      </trkpt>
      <trkpt lat="43.326707" lon="-5.111955">
        <ele>570.332</ele>
        <time>2023-12-28T13:29:11Z</time>
      </trkpt>
      <trkpt lat="43.326744" lon="-5.111918">
        <ele>569.483</ele>
        <time>2023-12-28T13:29:51Z</time>
      </trkpt>
      <trkpt lat="43.326840" lon="-5.111920">
        <ele>568.250</ele>
        <time>2023-12-28T13:30:31Z</time>
      </trkpt>
      <trkpt lat="43.326961" lon="-5.111888">
        <ele>566.582</ele>
        <time>2023-12-28T13:31:11Z</time>
      </trkpt>
      <trkpt lat="43.327086" lon="-5.111899">
        <ele>566.014</ele>
        <time>2023-12-28T13:31:51Z</time>
      </trkpt>
      <trkpt lat="43.327234" lon="-5.111926">
        <ele>565.054</ele>
        <time>2023-12-28T13:32:31Z</time>
      </trkpt>
      <trkpt lat="43.327326" lon="-5.111931">
        <ele>563.609</ele>
        <time>2023-12-28T13:33:11Z</time>
      </trkpt>
      <trkpt lat="43.327455" lon="-5.111891">
        <ele>562.409</ele>
        <time>2023-12-28T13:33:51Z</time>
      </trkpt>
      <trkpt lat="43.327587" lon="-5.111797">
        <ele>561.092</ele>
        <time>2023-12-28T13:34:31Z</time>
      </trkpt>
      <trkpt lat="43.327685" lon="-5.111722">
        <ele>559.956</ele>
        <time>2023-12-28T13:35:11Z</time>
      </trkpt>
      <trkpt lat="43.327857" lon="-5.111690">
        <ele>556.337</ele>
        <time>2023-12-28T13:35:51Z</time>
      </trkpt>
      <trkpt lat="43.327980" lon="-5.111708">
        <ele>552.597</ele>
        <time>2023-12-28T13:36:31Z</time>
      </trkpt>
      <trkpt lat="43.328106" lon="-5.111719">
        <ele>549.341</ele>
        <time>2023-12-28T13:37:11Z</time>
      </trkpt>
      <trkpt lat="43.328309" lon="-5.111692">
        <ele>545.926</ele>
        <time>2023-12-28T13:37:51Z</time>
      </trkpt>
      <trkpt lat="43.328538" lon="-5.111644">
        <ele>542.337</ele>
        <time>2023-12-28T13:38:31Z</time>
      </trkpt>
      <trkpt lat="43.328785" lon="-5.111623">
        <ele>539.664</ele>
        <time>2023-12-28T13:39:11Z</time>
      </trkpt>
      <trkpt lat="43.328918" lon="-5.111593">
        <ele>537.956</ele>
        <time>2023-12-28T13:39:51Z</time>
      </trkpt>
      <trkpt lat="43.329139" lon="-5.111539">
        <ele>534.391</ele>
        <time>2023-12-28T13:40:31Z</time>
      </trkpt>
      <trkpt lat="43.329384" lon="-5.111432">
        <ele>530.181</ele>
        <time>2023-12-28T13:41:11Z</time>
      </trkpt>
      <trkpt lat="43.329603" lon="-5.111341">
        <ele>524.119</ele>
        <time>2023-12-28T13:41:51Z</time>
      </trkpt>
      <trkpt lat="43.329903" lon="-5.111287">
        <ele>514.609</ele>
        <time>2023-12-28T13:42:31Z</time>
      </trkpt>
      <trkpt lat="43.330177" lon="-5.111223">
        <ele>507.450</ele>
        <time>2023-12-28T13:43:11Z</time>
      </trkpt>
      <trkpt lat="43.330578" lon="-5.111180">
        <ele>500.014</ele>
        <time>2023-12-28T13:43:51Z</time>
      </trkpt>
      <trkpt lat="43.330930" lon="-5.111137">
        <ele>496.635</ele>
        <time>2023-12-28T13:44:31Z</time>
      </trkpt>
      <trkpt lat="43.331265" lon="-5.111067">
        <ele>488.215</ele>
        <time>2023-12-28T13:45:11Z</time>
      </trkpt>
      <trkpt lat="43.331558" lon="-5.111014">
        <ele>479.169</ele>
        <time>2023-12-28T13:45:51Z</time>
      </trkpt>
      <trkpt lat="43.331815" lon="-5.110981">
        <ele>473.984</ele>
        <time>2023-12-28T13:46:31Z</time>
      </trkpt>
      <trkpt lat="43.332077" lon="-5.110901">
        <ele>470.185</ele>
        <time>2023-12-28T13:47:11Z</time>
      </trkpt>
      <trkpt lat="43.332276" lon="-5.110869">
        <ele>467.572</ele>
        <time>2023-12-28T13:47:51Z</time>
      </trkpt>
      <trkpt lat="43.332541" lon="-5.110885">
        <ele>463.074</ele>
        <time>2023-12-28T13:48:31Z</time>
      </trkpt>
      <trkpt lat="43.332760" lon="-5.110896">
        <ele>460.344</ele>
        <time>2023-12-28T13:49:11Z</time>
      </trkpt>
      <trkpt lat="43.332916" lon="-5.110901">
        <ele>455.005</ele>
        <time>2023-12-28T13:49:51Z</time>
      </trkpt>
      <trkpt lat="43.332978" lon="-5.110981">
        <ele>452.515</ele>
        <time>2023-12-28T13:50:31Z</time>
      </trkpt>
      <trkpt lat="43.332990" lon="-5.111099">
        <ele>451.709</ele>
        <time>2023-12-28T13:51:11Z</time>
      </trkpt>
      <trkpt lat="43.333025" lon="-5.111239">
        <ele>447.345</ele>
        <time>2023-12-28T13:51:51Z</time>
      </trkpt>
      <trkpt lat="43.333290" lon="-5.111405">
        <ele>434.969</ele>
        <time>2023-12-28T13:52:31Z</time>
      </trkpt>
      <trkpt lat="43.333325" lon="-5.111470">
        <ele>431.910</ele>
        <time>2023-12-28T13:53:11Z</time>
      </trkpt>
      <trkpt lat="43.333345" lon="-5.111513">
        <ele>429.860</ele>
        <time>2023-12-28T13:53:51Z</time>
      </trkpt>
      <trkpt lat="43.333370" lon="-5.111480">
        <ele>429.154</ele>
        <time>2023-12-28T13:54:31Z</time>
      </trkpt>
      <trkpt lat="43.333400" lon="-5.111510">
        <ele>426.779</ele>
        <time>2023-12-28T13:55:11Z</time>
      </trkpt>
      <trkpt lat="43.333429" lon="-5.111437">
        <ele>425.950</ele>
        <time>2023-12-28T13:55:51Z</time>
      </trkpt>
      <trkpt lat="43.333450" lon="-5.111392">
        <ele>424.787</ele>
        <time>2023-12-28T13:56:31Z</time>
      </trkpt>
      <trkpt lat="43.333501" lon="-5.111456">
        <ele>420.859</ele>
        <time>2023-12-28T13:57:11Z</time>
      </trkpt>
      <trkpt lat="43.333521" lon="-5.111531">
        <ele>419.936</ele>
        <time>2023-12-28T13:57:51Z</time>
      </trkpt>
      <trkpt lat="43.333546" lon="-5.111588">
        <ele>419.117</ele>
        <time>2023-12-28T13:58:31Z</time>
      </trkpt>
      <trkpt lat="43.333579" lon="-5.111558">
        <ele>417.218</ele>
        <time>2023-12-28T13:59:11Z</time>
      </trkpt>
      <trkpt lat="43.333597" lon="-5.111609">
        <ele>417.309</ele>
        <time>2023-12-28T13:59:51Z</time>
      </trkpt>
      <trkpt lat="43.333624" lon="-5.111574">
        <ele>415.184</ele>
        <time>2023-12-28T14:00:31Z</time>
      </trkpt>
      <trkpt lat="43.333638" lon="-5.111698">
        <ele>414.948</ele>
        <time>2023-12-28T14:01:11Z</time>
      </trkpt>
      <trkpt lat="43.333704" lon="-5.111663">
        <ele>411.969</ele>
        <time>2023-12-28T14:01:51Z</time>
      </trkpt>
      <trkpt lat="43.333729" lon="-5.111783">
        <ele>406.239</ele>
        <time>2023-12-28T14:02:31Z</time>
      </trkpt>
      <trkpt lat="43.333815" lon="-5.111732">
        <ele>402.913</ele>
        <time>2023-12-28T14:03:11Z</time>
      </trkpt>
      <trkpt lat="43.333831" lon="-5.111826">
        <ele>399.528</ele>
        <time>2023-12-28T14:03:51Z</time>
      </trkpt>
      <trkpt lat="43.333905" lon="-5.111805">
        <ele>396.029</ele>
        <time>2023-12-28T14:04:31Z</time>
      </trkpt>
      <trkpt lat="43.333913" lon="-5.111888">
        <ele>394.076</ele>
        <time>2023-12-28T14:05:11Z</time>
      </trkpt>
      <trkpt lat="43.333983" lon="-5.111910">
        <ele>390.388</ele>
        <time>2023-12-28T14:05:51Z</time>
      </trkpt>
      <trkpt lat="43.334041" lon="-5.111969">
        <ele>386.286</ele>
        <time>2023-12-28T14:06:31Z</time>
      </trkpt>
      <trkpt lat="43.334123" lon="-5.111928">
        <ele>383.760</ele>
        <time>2023-12-28T14:07:11Z</time>
      </trkpt>
      <trkpt lat="43.334223" lon="-5.111896">
        <ele>377.926</ele>
        <time>2023-12-28T14:07:51Z</time>
      </trkpt>
      <trkpt lat="43.334340" lon="-5.111958">
        <ele>371.509</ele>
        <time>2023-12-28T14:08:31Z</time>
      </trkpt>
      <trkpt lat="43.334426" lon="-5.112019">
        <ele>364.869</ele>
        <time>2023-12-28T14:09:11Z</time>
      </trkpt>
      <trkpt lat="43.334521" lon="-5.112038">
        <ele>358.173</ele>
        <time>2023-12-28T14:09:51Z</time>
      </trkpt>
      <trkpt lat="43.334611" lon="-5.112097">
        <ele>351.444</ele>
        <time>2023-12-28T14:10:31Z</time>
      </trkpt>
      <trkpt lat="43.334701" lon="-5.112124">
        <ele>345.934</ele>
        <time>2023-12-28T14:11:11Z</time>
      </trkpt>
      <trkpt lat="43.334783" lon="-5.112154">
        <ele>341.258</ele>
        <time>2023-12-28T14:11:51Z</time>
      </trkpt>
      <trkpt lat="43.334859" lon="-5.112188">
        <ele>337.213</ele>
        <time>2023-12-28T14:12:31Z</time>
      </trkpt>
      <trkpt lat="43.334908" lon="-5.112264">
        <ele>333.664</ele>
        <time>2023-12-28T14:13:11Z</time>
      </trkpt>
      <trkpt lat="43.334960" lon="-5.112301">
        <ele>329.721</ele>
        <time>2023-12-28T14:13:51Z</time>
      </trkpt>
      <trkpt lat="43.334960" lon="-5.112355">
        <ele>328.143</ele>
        <time>2023-12-28T14:14:31Z</time>
      </trkpt>
      <trkpt lat="43.334966" lon="-5.112438">
        <ele>325.227</ele>
        <time>2023-12-28T14:15:11Z</time>
      </trkpt>
      <trkpt lat="43.334960" lon="-5.112467">
        <ele>324.668</ele>
        <time>2023-12-28T14:15:51Z</time>
      </trkpt>
      <trkpt lat="43.334939" lon="-5.112516">
        <ele>323.614</ele>
        <time>2023-12-28T14:16:31Z</time>
      </trkpt>
      <trkpt lat="43.334904" lon="-5.112543">
        <ele>323.709</ele>
        <time>2023-12-28T14:17:11Z</time>
      </trkpt>
      <trkpt lat="43.334873" lon="-5.112575">
        <ele>323.393</ele>
        <time>2023-12-28T14:17:51Z</time>
      </trkpt>
      <trkpt lat="43.334837" lon="-5.112620">
        <ele>322.357</ele>
        <time>2023-12-28T14:18:31Z</time>
      </trkpt>
      <trkpt lat="43.334826" lon="-5.112634">
        <ele>322.068</ele>
        <time>2023-12-28T14:19:11Z</time>
      </trkpt>
      <trkpt lat="43.334904" lon="-5.112644">
        <ele>318.718</ele>
        <time>2023-12-28T14:19:51Z</time>
      </trkpt>
      <trkpt lat="43.334867" lon="-5.112671">
        <ele>318.712</ele>
        <time>2023-12-28T14:20:31Z</time>
      </trkpt>
      <trkpt lat="43.334851" lon="-5.112698">
        <ele>317.977</ele>
        <time>2023-12-28T14:21:11Z</time>
      </trkpt>
      <trkpt lat="43.334816" lon="-5.112752">
        <ele>316.368</ele>
        <time>2023-12-28T14:21:51Z</time>
      </trkpt>
      <trkpt lat="43.334757" lon="-5.112821">
        <ele>314.535</ele>
        <time>2023-12-28T14:22:31Z</time>
      </trkpt>
      <trkpt lat="43.334707" lon="-5.112870">
        <ele>313.647</ele>
        <time>2023-12-28T14:23:11Z</time>
      </trkpt>
      <trkpt lat="43.334670" lon="-5.112889">
        <ele>314.086</ele>
        <time>2023-12-28T14:23:51Z</time>
      </trkpt>
      <trkpt lat="43.334605" lon="-5.112913">
        <ele>315.360</ele>
        <time>2023-12-28T14:24:31Z</time>
      </trkpt>
      <trkpt lat="43.334576" lon="-5.112915">
        <ele>316.426</ele>
        <time>2023-12-28T14:25:11Z</time>
      </trkpt>
      <trkpt lat="43.334545" lon="-5.112956">
        <ele>315.609</ele>
        <time>2023-12-28T14:25:51Z</time>
      </trkpt>
      <trkpt lat="43.334498" lon="-5.113031">
        <ele>313.929</ele>
        <time>2023-12-28T14:26:31Z</time>
      </trkpt>
      <trkpt lat="43.334471" lon="-5.113071">
        <ele>313.483</ele>
        <time>2023-12-28T14:27:11Z</time>
      </trkpt>
      <trkpt lat="43.334445" lon="-5.113103">
        <ele>313.644</ele>
        <time>2023-12-28T14:27:51Z</time>
      </trkpt>
      <trkpt lat="43.334438" lon="-5.113151">
        <ele>312.514</ele>
        <time>2023-12-28T14:28:31Z</time>
      </trkpt>
      <trkpt lat="43.334404" lon="-5.113237">
        <ele>311.028</ele>
        <time>2023-12-28T14:29:11Z</time>
      </trkpt>
      <trkpt lat="43.334371" lon="-5.113331">
        <ele>308.983</ele>
        <time>2023-12-28T14:29:51Z</time>
      </trkpt>
      <trkpt lat="43.334330" lon="-5.113430">
        <ele>308.014</ele>
        <time>2023-12-28T14:30:31Z</time>
      </trkpt>
      <trkpt lat="43.334297" lon="-5.113497">
        <ele>307.551</ele>
        <time>2023-12-28T14:31:11Z</time>
      </trkpt>
      <trkpt lat="43.334258" lon="-5.113540">
        <ele>307.563</ele>
        <time>2023-12-28T14:31:51Z</time>
      </trkpt>
      <trkpt lat="43.334213" lon="-5.113648">
        <ele>306.225</ele>
        <time>2023-12-28T14:32:31Z</time>
      </trkpt>
      <trkpt lat="43.334283" lon="-5.113696">
        <ele>303.726</ele>
        <time>2023-12-28T14:33:11Z</time>
      </trkpt>
      <trkpt lat="43.334344" lon="-5.113744">
        <ele>301.308</ele>
        <time>2023-12-28T14:33:51Z</time>
      </trkpt>
      <trkpt lat="43.334420" lon="-5.113771">
        <ele>299.109</ele>
        <time>2023-12-28T14:34:31Z</time>
      </trkpt>
      <trkpt lat="43.334574" lon="-5.113747">
        <ele>294.433</ele>
        <time>2023-12-28T14:35:11Z</time>
      </trkpt>
      <trkpt lat="43.334666" lon="-5.113717">
        <ele>291.787</ele>
        <time>2023-12-28T14:35:51Z</time>
      </trkpt>
      <trkpt lat="43.334876" lon="-5.113699">
        <ele>284.918</ele>
        <time>2023-12-28T14:36:31Z</time>
      </trkpt>
      <trkpt lat="43.335027" lon="-5.113618">
        <ele>280.778</ele>
        <time>2023-12-28T14:37:11Z</time>
      </trkpt>
      <trkpt lat="43.335204" lon="-5.113428">
        <ele>277.342</ele>
        <time>2023-12-28T14:37:51Z</time>
      </trkpt>
      <trkpt lat="43.335327" lon="-5.113336">
        <ele>274.657</ele>
        <time>2023-12-28T14:38:31Z</time>
      </trkpt>
      <trkpt lat="43.335456" lon="-5.113312">
        <ele>269.498</ele>
        <time>2023-12-28T14:39:11Z</time>
      </trkpt>
      <trkpt lat="43.335622" lon="-5.113049">
        <ele>269.495</ele>
        <time>2023-12-28T14:39:51Z</time>
      </trkpt>
      <trkpt lat="43.335762" lon="-5.112889">
        <ele>265.617</ele>
        <time>2023-12-28T14:40:31Z</time>
      </trkpt>
      <trkpt lat="43.335897" lon="-5.112840">
        <ele>259.122</ele>
        <time>2023-12-28T14:41:11Z</time>
      </trkpt>
      <trkpt lat="43.335992" lon="-5.112736">
        <ele>256.762</ele>
        <time>2023-12-28T14:41:51Z</time>
      </trkpt>
      <trkpt lat="43.336178" lon="-5.112494">
        <ele>251.108</ele>
        <time>2023-12-28T14:42:31Z</time>
      </trkpt>
      <trkpt lat="43.336256" lon="-5.112371">
        <ele>247.509</ele>
        <time>2023-12-28T14:43:11Z</time>
      </trkpt>
      <trkpt lat="43.336373" lon="-5.112151">
        <ele>242.053</ele>
        <time>2023-12-28T14:43:51Z</time>
      </trkpt>
      <trkpt lat="43.336424" lon="-5.112111">
        <ele>240.247</ele>
        <time>2023-12-28T14:44:31Z</time>
      </trkpt>
      <trkpt lat="43.336502" lon="-5.112057">
        <ele>237.878</ele>
        <time>2023-12-28T14:45:11Z</time>
      </trkpt>
      <trkpt lat="43.336613" lon="-5.112030">
        <ele>234.518</ele>
        <time>2023-12-28T14:45:51Z</time>
      </trkpt>
      <trkpt lat="43.336724" lon="-5.112049">
        <ele>231.192</ele>
        <time>2023-12-28T14:46:31Z</time>
      </trkpt>
      <trkpt lat="43.336849" lon="-5.112054">
        <ele>227.817</ele>
        <time>2023-12-28T14:47:11Z</time>
      </trkpt>
      <trkpt lat="43.337001" lon="-5.112084">
        <ele>223.248</ele>
        <time>2023-12-28T14:47:51Z</time>
      </trkpt>
      <trkpt lat="43.337026" lon="-5.112170">
        <ele>221.325</ele>
        <time>2023-12-28T14:48:31Z</time>
      </trkpt>
      <trkpt lat="43.336997" lon="-5.112384">
        <ele>218.917</ele>
        <time>2023-12-28T14:49:11Z</time>
      </trkpt>
      <trkpt lat="43.336941" lon="-5.112561">
        <ele>217.343</ele>
        <time>2023-12-28T14:49:51Z</time>
      </trkpt>
      <trkpt lat="43.336870" lon="-5.112730">
        <ele>218.564</ele>
        <time>2023-12-28T14:50:31Z</time>
      </trkpt>
      <trkpt lat="43.336790" lon="-5.112883">
        <ele>220.910</ele>
        <time>2023-12-28T14:51:11Z</time>
      </trkpt>
      <trkpt lat="43.336693" lon="-5.113028">
        <ele>220.509</ele>
        <time>2023-12-28T14:51:51Z</time>
      </trkpt>
      <trkpt lat="43.336630" lon="-5.113090">
        <ele>221.565</ele>
        <time>2023-12-28T14:52:31Z</time>
      </trkpt>
      <trkpt lat="43.336582" lon="-5.113176">
        <ele>222.699</ele>
        <time>2023-12-28T14:53:11Z</time>
      </trkpt>
      <trkpt lat="43.336574" lon="-5.113280">
        <ele>221.870</ele>
        <time>2023-12-28T14:53:51Z</time>
      </trkpt>
      <trkpt lat="43.336765" lon="-5.113251">
        <ele>222.990</ele>
        <time>2023-12-28T14:54:31Z</time>
      </trkpt>
      <trkpt lat="43.336868" lon="-5.113192">
        <ele>222.924</ele>
        <time>2023-12-28T14:55:11Z</time>
      </trkpt>
      <trkpt lat="43.337050" lon="-5.113074">
        <ele>220.849</ele>
        <time>2023-12-28T14:55:51Z</time>
      </trkpt>
      <trkpt lat="43.337175" lon="-5.112985">
        <ele>221.890</ele>
        <time>2023-12-28T14:56:31Z</time>
      </trkpt>
      <trkpt lat="43.337245" lon="-5.112875">
        <ele>220.277</ele>
        <time>2023-12-28T14:57:11Z</time>
      </trkpt>
      <trkpt lat="43.337319" lon="-5.112736">
        <ele>218.389</ele>
        <time>2023-12-28T14:57:51Z</time>
      </trkpt>
      <trkpt lat="43.337403" lon="-5.112674">
        <ele>218.783</ele>
        <time>2023-12-28T14:58:31Z</time>
      </trkpt>
      <trkpt lat="43.337537" lon="-5.112741">
        <ele>221.725</ele>
        <time>2023-12-28T14:59:11Z</time>
      </trkpt>
      <trkpt lat="43.337686" lon="-5.112902">
        <ele>223.417</ele>
        <time>2023-12-28T14:59:51Z</time>
      </trkpt>
      <trkpt lat="43.337768" lon="-5.112948">
        <ele>223.709</ele>
        <time>2023-12-28T15:00:31Z</time>
      </trkpt>
      <trkpt lat="43.337861" lon="-5.112988">
        <ele>225.359</ele>
        <time>2023-12-28T15:01:11Z</time>
      </trkpt>
      <trkpt lat="43.337965" lon="-5.112990">
        <ele>226.343</ele>
        <time>2023-12-28T15:01:51Z</time>
      </trkpt>
      <trkpt lat="43.338088" lon="-5.112953">
        <ele>225.944</ele>
        <time>2023-12-28T15:02:31Z</time>
      </trkpt>
      <trkpt lat="43.338345" lon="-5.112966">
        <ele>228.954</ele>
        <time>2023-12-28T15:03:11Z</time>
      </trkpt>
      <trkpt lat="43.338511" lon="-5.112972">
        <ele>230.578</ele>
        <time>2023-12-28T15:03:51Z</time>
      </trkpt>
      <trkpt lat="43.338612" lon="-5.112948">
        <ele>229.853</ele>
        <time>2023-12-28T15:04:31Z</time>
      </trkpt>
      <trkpt lat="43.338726" lon="-5.112886">
        <ele>228.834</ele>
        <time>2023-12-28T15:05:11Z</time>
      </trkpt>
      <trkpt lat="43.338837" lon="-5.112843">
        <ele>229.121</ele>
        <time>2023-12-28T15:05:51Z</time>
      </trkpt>
      <trkpt lat="43.338944" lon="-5.112805">
        <ele>229.383</ele>
        <time>2023-12-28T15:06:31Z</time>
      </trkpt>
      <trkpt lat="43.339081" lon="-5.112789">
        <ele>230.914</ele>
        <time>2023-12-28T15:07:11Z</time>
      </trkpt>
      <trkpt lat="43.339184" lon="-5.112789">
        <ele>232.854</ele>
        <time>2023-12-28T15:07:51Z</time>
      </trkpt>
      <trkpt lat="43.339272" lon="-5.112733">
        <ele>233.109</ele>
        <time>2023-12-28T15:08:31Z</time>
      </trkpt>
      <trkpt lat="43.339414" lon="-5.112607">
        <ele>233.109</ele>
        <time>2023-12-28T15:09:11Z</time>
      </trkpt>
      <trkpt lat="43.339504" lon="-5.112516">
        <ele>232.652</ele>
        <time>2023-12-28T15:09:51Z</time>
      </trkpt>
      <trkpt lat="43.339590" lon="-5.112465">
        <ele>232.466</ele>
        <time>2023-12-28T15:10:31Z</time>
      </trkpt>
      <trkpt lat="43.339695" lon="-5.112521">
        <ele>236.387</ele>
        <time>2023-12-28T15:11:11Z</time>
      </trkpt>
      <trkpt lat="43.339785" lon="-5.112556">
        <ele>238.377</ele>
        <time>2023-12-28T15:11:51Z</time>
      </trkpt>
      <trkpt lat="43.339960" lon="-5.112599">
        <ele>241.011</ele>
        <time>2023-12-28T15:12:31Z</time>
      </trkpt>
      <trkpt lat="43.340027" lon="-5.112639">
        <ele>242.456</ele>
        <time>2023-12-28T15:13:11Z</time>
      </trkpt>
      <trkpt lat="43.340120" lon="-5.112706">
        <ele>243.037</ele>
        <time>2023-12-28T15:13:51Z</time>
      </trkpt>
      <trkpt lat="43.340167" lon="-5.112789">
        <ele>245.214</ele>
        <time>2023-12-28T15:14:31Z</time>
      </trkpt>
      <trkpt lat="43.340220" lon="-5.112910">
        <ele>248.026</ele>
        <time>2023-12-28T15:15:11Z</time>
      </trkpt>
      <trkpt lat="43.340263" lon="-5.113052">
        <ele>252.177</ele>
        <time>2023-12-28T15:15:51Z</time>
      </trkpt>
      <trkpt lat="43.340296" lon="-5.113143">
        <ele>253.961</ele>
        <time>2023-12-28T15:16:31Z</time>
      </trkpt>
      <trkpt lat="43.340317" lon="-5.113218">
        <ele>255.627</ele>
        <time>2023-12-28T15:17:11Z</time>
      </trkpt>
      <trkpt lat="43.340380" lon="-5.113302">
        <ele>257.409</ele>
        <time>2023-12-28T15:17:51Z</time>
      </trkpt>
      <trkpt lat="43.340493" lon="-5.113366">
        <ele>258.338</ele>
        <time>2023-12-28T15:18:31Z</time>
      </trkpt>
      <trkpt lat="43.340639" lon="-5.113409">
        <ele>257.272</ele>
        <time>2023-12-28T15:19:11Z</time>
      </trkpt>
      <trkpt lat="43.340737" lon="-5.113465">
        <ele>256.753</ele>
        <time>2023-12-28T15:19:51Z</time>
      </trkpt>
      <trkpt lat="43.340836" lon="-5.113559">
        <ele>257.543</ele>
        <time>2023-12-28T15:20:31Z</time>
      </trkpt>
      <trkpt lat="43.340961" lon="-5.113618">
        <ele>258.497</ele>
        <time>2023-12-28T15:21:11Z</time>
      </trkpt>
      <trkpt lat="43.341105" lon="-5.113648">
        <ele>258.542</ele>
        <time>2023-12-28T15:21:51Z</time>
      </trkpt>
      <trkpt lat="43.341252" lon="-5.113642">
        <ele>260.663</ele>
        <time>2023-12-28T15:22:31Z</time>
      </trkpt>
      <trkpt lat="43.341423" lon="-5.113631">
        <ele>263.220</ele>
        <time>2023-12-28T15:23:11Z</time>
      </trkpt>
      <trkpt lat="43.341605" lon="-5.113653">
        <ele>266.992</ele>
        <time>2023-12-28T15:23:51Z</time>
      </trkpt>
      <trkpt lat="43.341757" lon="-5.113680">
        <ele>269.751</ele>
        <time>2023-12-28T15:24:31Z</time>
      </trkpt>
      <trkpt lat="43.341837" lon="-5.113736">
        <ele>271.401</ele>
        <time>2023-12-28T15:25:11Z</time>
      </trkpt>
      <trkpt lat="43.341899" lon="-5.113803">
        <ele>272.411</ele>
        <time>2023-12-28T15:25:51Z</time>
      </trkpt>
      <trkpt lat="43.341929" lon="-5.113859">
        <ele>272.909</ele>
        <time>2023-12-28T15:26:31Z</time>
      </trkpt>
      <trkpt lat="43.341933" lon="-5.113921">
        <ele>272.916</ele>
        <time>2023-12-28T15:27:11Z</time>
      </trkpt>
      <trkpt lat="43.341909" lon="-5.113953">
        <ele>272.820</ele>
        <time>2023-12-28T15:27:51Z</time>
      </trkpt>
      <trkpt lat="43.341815" lon="-5.113956">
        <ele>272.911</ele>
        <time>2023-12-28T15:28:31Z</time>
      </trkpt>
      <trkpt lat="43.341661" lon="-5.113994">
        <ele>273.071</ele>
        <time>2023-12-28T15:29:11Z</time>
      </trkpt>
      <trkpt lat="43.341511" lon="-5.114031">
        <ele>272.795</ele>
        <time>2023-12-28T15:29:51Z</time>
      </trkpt>
      <trkpt lat="43.341392" lon="-5.114069">
        <ele>272.920</ele>
        <time>2023-12-28T15:30:31Z</time>
      </trkpt>
      <trkpt lat="43.341320" lon="-5.114063">
        <ele>272.831</ele>
        <time>2023-12-28T15:31:11Z</time>
      </trkpt>
      <trkpt lat="43.341254" lon="-5.114144">
        <ele>274.148</ele>
        <time>2023-12-28T15:31:51Z</time>
      </trkpt>
      <trkpt lat="43.341172" lon="-5.114281">
        <ele>274.410</ele>
        <time>2023-12-28T15:32:31Z</time>
      </trkpt>
      <trkpt lat="43.341096" lon="-5.114471">
        <ele>275.161</ele>
        <time>2023-12-28T15:33:11Z</time>
      </trkpt>
      <trkpt lat="43.341018" lon="-5.114645">
        <ele>275.321</ele>
        <time>2023-12-28T15:33:51Z</time>
      </trkpt>
      <trkpt lat="43.340945" lon="-5.114742">
        <ele>276.313</ele>
        <time>2023-12-28T15:34:31Z</time>
      </trkpt>
      <trkpt lat="43.340840" lon="-5.114844">
        <ele>276.009</ele>
        <time>2023-12-28T15:35:11Z</time>
      </trkpt>
      <trkpt lat="43.340713" lon="-5.114965">
        <ele>275.297</ele>
        <time>2023-12-28T15:35:51Z</time>
      </trkpt>
      <trkpt lat="43.340635" lon="-5.115007">
        <ele>276.141</ele>
        <time>2023-12-28T15:36:31Z</time>
      </trkpt>
      <trkpt lat="43.340544" lon="-5.115053">
        <ele>276.952</ele>
        <time>2023-12-28T15:37:11Z</time>
      </trkpt>
      <trkpt lat="43.340452" lon="-5.115128">
        <ele>276.752</ele>
        <time>2023-12-28T15:37:51Z</time>
      </trkpt>
      <trkpt lat="43.340271" lon="-5.115313">
        <ele>275.736</ele>
        <time>2023-12-28T15:38:31Z</time>
      </trkpt>
      <trkpt lat="43.340128" lon="-5.115388">
        <ele>276.331</ele>
        <time>2023-12-28T15:39:11Z</time>
      </trkpt>
      <trkpt lat="43.340011" lon="-5.115461">
        <ele>276.152</ele>
        <time>2023-12-28T15:39:51Z</time>
      </trkpt>
      <trkpt lat="43.339888" lon="-5.115571">
        <ele>275.829</ele>
        <time>2023-12-28T15:40:31Z</time>
      </trkpt>
      <trkpt lat="43.339812" lon="-5.115675">
        <ele>274.381</ele>
        <time>2023-12-28T15:41:11Z</time>
      </trkpt>
      <trkpt lat="43.339748" lon="-5.115788">
        <ele>271.983</ele>
        <time>2023-12-28T15:41:51Z</time>
      </trkpt>
      <trkpt lat="43.339707" lon="-5.115863">
        <ele>270.625</ele>
        <time>2023-12-28T15:42:31Z</time>
      </trkpt>
      <trkpt lat="43.339619" lon="-5.115984">
        <ele>269.417</ele>
        <time>2023-12-28T15:43:11Z</time>
      </trkpt>
      <trkpt lat="43.339521" lon="-5.116072">
        <ele>268.809</ele>
        <time>2023-12-28T15:43:51Z</time>
      </trkpt>
      <trkpt lat="43.339408" lon="-5.116121">
        <ele>269.489</ele>
        <time>2023-12-28T15:44:31Z</time>
      </trkpt>
      <trkpt lat="43.339338" lon="-5.116169">
        <ele>269.373</ele>
        <time>2023-12-28T15:45:11Z</time>
      </trkpt>
      <trkpt lat="43.339293" lon="-5.116244">
        <ele>268.224</ele>
        <time>2023-12-28T15:45:51Z</time>
      </trkpt>
      <trkpt lat="43.339229" lon="-5.116357">
        <ele>267.024</ele>
        <time>2023-12-28T15:46:31Z</time>
      </trkpt>
      <trkpt lat="43.339125" lon="-5.116539">
        <ele>265.778</ele>
        <time>2023-12-28T15:47:11Z</time>
      </trkpt>
      <trkpt lat="43.339057" lon="-5.116603">
        <ele>266.683</ele>
        <time>2023-12-28T15:47:51Z</time>
      </trkpt>
      <trkpt lat="43.339006" lon="-5.116641">
        <ele>267.474</ele>
        <time>2023-12-28T15:48:31Z</time>
      </trkpt>
      <trkpt lat="43.338956" lon="-5.116673">
        <ele>268.621</ele>
        <time>2023-12-28T15:49:11Z</time>
      </trkpt>
      <trkpt lat="43.338889" lon="-5.116748">
        <ele>271.973</ele>
        <time>2023-12-28T15:49:51Z</time>
      </trkpt>
      <trkpt lat="43.338848" lon="-5.116888">
        <ele>274.783</ele>
        <time>2023-12-28T15:50:31Z</time>
      </trkpt>
      <trkpt lat="43.338839" lon="-5.117000">
        <ele>277.325</ele>
        <time>2023-12-28T15:51:11Z</time>
      </trkpt>
      <trkpt lat="43.338909" lon="-5.117118">
        <ele>278.917</ele>
        <time>2023-12-28T15:51:51Z</time>
      </trkpt>
      <trkpt lat="43.338991" lon="-5.117285">
        <ele>281.809</ele>
        <time>2023-12-28T15:52:31Z</time>
      </trkpt>
      <trkpt lat="43.339075" lon="-5.117438">
        <ele>284.849</ele>
        <time>2023-12-28T15:53:11Z</time>
      </trkpt>
      <trkpt lat="43.339227" lon="-5.117719">
        <ele>289.393</ele>
        <time>2023-12-28T15:53:51Z</time>
      </trkpt>
      <trkpt lat="43.339293" lon="-5.117840">
        <ele>291.314</ele>
        <time>2023-12-28T15:54:31Z</time>
      </trkpt>
      <trkpt lat="43.339373" lon="-5.117963">
        <ele>294.094</ele>
        <time>2023-12-28T15:55:11Z</time>
      </trkpt>
      <trkpt lat="43.339506" lon="-5.118025">
        <ele>295.078</ele>
        <time>2023-12-28T15:55:51Z</time>
      </trkpt>
      <trkpt lat="43.339748" lon="-5.118151">
        <ele>297.733</ele>
        <time>2023-12-28T15:56:31Z</time>
      </trkpt>
      <trkpt lat="43.339910" lon="-5.118205">
        <ele>299.254</ele>
        <time>2023-12-28T15:57:11Z</time>
      </trkpt>
      <trkpt lat="43.340058" lon="-5.118237">
        <ele>299.851</ele>
        <time>2023-12-28T15:57:51Z</time>
      </trkpt>
      <trkpt lat="43.340218" lon="-5.118282">
        <ele>300.543</ele>
        <time>2023-12-28T15:58:31Z</time>
      </trkpt>
      <trkpt lat="43.340368" lon="-5.118341">
        <ele>301.193</ele>
        <time>2023-12-28T15:59:11Z</time>
      </trkpt>
      <trkpt lat="43.340538" lon="-5.118454">
        <ele>300.165</ele>
        <time>2023-12-28T15:59:51Z</time>
      </trkpt>
      <trkpt lat="43.340667" lon="-5.118537">
        <ele>298.521</ele>
        <time>2023-12-28T16:00:31Z</time>
      </trkpt>
      <trkpt lat="43.340762" lon="-5.118642">
        <ele>298.509</ele>
        <time>2023-12-28T16:01:11Z</time>
      </trkpt>
      <trkpt lat="43.340926" lon="-5.118722">
        <ele>296.390</ele>
        <time>2023-12-28T16:01:51Z</time>
      </trkpt>
      <trkpt lat="43.341072" lon="-5.118848">
        <ele>294.474</ele>
        <time>2023-12-28T16:02:31Z</time>
      </trkpt>
      <trkpt lat="43.341254" lon="-5.118937">
        <ele>291.415</ele>
        <time>2023-12-28T16:03:11Z</time>
      </trkpt>
      <trkpt lat="43.341320" lon="-5.119039">
        <ele>290.895</ele>
        <time>2023-12-28T16:03:51Z</time>
      </trkpt>
      <trkpt lat="43.341437" lon="-5.119240">
        <ele>289.169</ele>
        <time>2023-12-28T16:04:31Z</time>
      </trkpt>
      <trkpt lat="43.341550" lon="-5.119412">
        <ele>286.824</ele>
        <time>2023-12-28T16:05:11Z</time>
      </trkpt>
      <trkpt lat="43.341626" lon="-5.119586">
        <ele>284.775</ele>
        <time>2023-12-28T16:05:51Z</time>
      </trkpt>
      <trkpt lat="43.341665" lon="-5.119728">
        <ele>283.052</ele>
        <time>2023-12-28T16:06:31Z</time>
      </trkpt>
      <trkpt lat="43.341700" lon="-5.119811">
        <ele>281.574</ele>
        <time>2023-12-28T16:07:11Z</time>
      </trkpt>
      <trkpt lat="43.341788" lon="-5.119758">
        <ele>279.722</ele>
        <time>2023-12-28T16:07:51Z</time>
      </trkpt>
      <trkpt lat="43.341878" lon="-5.119691">
        <ele>277.662</ele>
        <time>2023-12-28T16:08:31Z</time>
      </trkpt>
      <trkpt lat="43.341995" lon="-5.119597">
        <ele>273.808</ele>
        <time>2023-12-28T16:09:11Z</time>
      </trkpt>
      <trkpt lat="43.342083" lon="-5.119519">
        <ele>270.909</ele>
        <time>2023-12-28T16:09:51Z</time>
      </trkpt>
      <trkpt lat="43.342155" lon="-5.119444">
        <ele>268.943</ele>
        <time>2023-12-28T16:10:31Z</time>
      </trkpt>
      <trkpt lat="43.342266" lon="-5.119393">
        <ele>265.567</ele>
        <time>2023-12-28T16:11:11Z</time>
      </trkpt>
      <trkpt lat="43.342354" lon="-5.119347">
        <ele>263.018</ele>
        <time>2023-12-28T16:11:51Z</time>
      </trkpt>
      <trkpt lat="43.342451" lon="-5.119294">
        <ele>260.798</ele>
        <time>2023-12-28T16:12:31Z</time>
      </trkpt>
      <trkpt lat="43.342526" lon="-5.119253">
        <ele>259.122</ele>
        <time>2023-12-28T16:13:11Z</time>
      </trkpt>
      <trkpt lat="43.342623" lon="-5.119237">
        <ele>257.037</ele>
        <time>2023-12-28T16:13:51Z</time>
      </trkpt>
      <trkpt lat="43.342678" lon="-5.119160">
        <ele>256.138</ele>
        <time>2023-12-28T16:14:31Z</time>
      </trkpt>
      <trkpt lat="43.342758" lon="-5.119098">
        <ele>253.965</ele>
        <time>2023-12-28T16:15:11Z</time>
      </trkpt>
      <trkpt lat="43.342840" lon="-5.119079">
        <ele>251.687</ele>
        <time>2023-12-28T16:15:51Z</time>
      </trkpt>
      <trkpt lat="43.342886" lon="-5.119143">
        <ele>250.753</ele>
        <time>2023-12-28T16:16:31Z</time>
      </trkpt>
      <trkpt lat="43.342927" lon="-5.119186">
        <ele>249.604</ele>
        <time>2023-12-28T16:17:11Z</time>
      </trkpt>
      <trkpt lat="43.343023" lon="-5.119205">
        <ele>246.714</ele>
        <time>2023-12-28T16:17:51Z</time>
      </trkpt>
      <trkpt lat="43.343103" lon="-5.119243">
        <ele>244.609</ele>
        <time>2023-12-28T16:18:31Z</time>
      </trkpt>
      <trkpt lat="43.343204" lon="-5.119302">
        <ele>242.626</ele>
        <time>2023-12-28T16:19:11Z</time>
      </trkpt>
      <trkpt lat="43.343331" lon="-5.119366">
        <ele>240.380</ele>
        <time>2023-12-28T16:19:51Z</time>
      </trkpt>
      <trkpt lat="43.343454" lon="-5.119414">
        <ele>236.941</ele>
        <time>2023-12-28T16:20:31Z</time>
      </trkpt>
      <trkpt lat="43.343536" lon="-5.119433">
        <ele>234.881</ele>
        <time>2023-12-28T16:21:11Z</time>
      </trkpt>
      <trkpt lat="43.343618" lon="-5.119425">
        <ele>232.745</ele>
        <time>2023-12-28T16:21:51Z</time>
      </trkpt>
      <trkpt lat="43.343725" lon="-5.119420">
        <ele>230.250</ele>
        <time>2023-12-28T16:22:31Z</time>
      </trkpt>
      <trkpt lat="43.343813" lon="-5.119417">
        <ele>228.111</ele>
        <time>2023-12-28T16:23:11Z</time>
      </trkpt>
      <trkpt lat="43.343924" lon="-5.119385">
        <ele>224.648</ele>
        <time>2023-12-28T16:23:51Z</time>
      </trkpt>
      <trkpt lat="43.343996" lon="-5.119345">
        <ele>221.850</ele>
        <time>2023-12-28T16:24:31Z</time>
      </trkpt>
      <trkpt lat="43.344141" lon="-5.119302">
        <ele>217.519</ele>
        <time>2023-12-28T16:25:11Z</time>
      </trkpt>
      <trkpt lat="43.344228" lon="-5.119310">
        <ele>215.509</ele>
        <time>2023-12-28T16:25:51Z</time>
      </trkpt>
      <trkpt lat="43.344308" lon="-5.119353">
        <ele>214.119</ele>
        <time>2023-12-28T16:26:31Z</time>
      </trkpt>
      <trkpt lat="43.344371" lon="-5.119315">
        <ele>212.009</ele>
        <time>2023-12-28T16:27:11Z</time>
      </trkpt>
      <trkpt lat="43.344463" lon="-5.119283">
        <ele>209.352</ele>
        <time>2023-12-28T16:27:51Z</time>
      </trkpt>
      <trkpt lat="43.344552" lon="-5.119259">
        <ele>207.396</ele>
        <time>2023-12-28T16:28:31Z</time>
      </trkpt>
      <trkpt lat="43.344663" lon="-5.119248">
        <ele>205.097</ele>
        <time>2023-12-28T16:29:11Z</time>
      </trkpt>
      <trkpt lat="43.344755" lon="-5.119248">
        <ele>203.527</ele>
        <time>2023-12-28T16:29:51Z</time>
      </trkpt>
      <trkpt lat="43.344862" lon="-5.119235">
        <ele>202.481</ele>
        <time>2023-12-28T16:30:31Z</time>
      </trkpt>
      <trkpt lat="43.344946" lon="-5.119205">
        <ele>201.516</ele>
        <time>2023-12-28T16:31:11Z</time>
      </trkpt>
      <trkpt lat="43.345040" lon="-5.119227">
        <ele>200.197</ele>
        <time>2023-12-28T16:31:51Z</time>
      </trkpt>
      <trkpt lat="43.345108" lon="-5.119286">
        <ele>198.584</ele>
        <time>2023-12-28T16:32:31Z</time>
      </trkpt>
      <trkpt lat="43.345167" lon="-5.119377">
        <ele>196.946</ele>
        <time>2023-12-28T16:33:11Z</time>
      </trkpt>
      <trkpt lat="43.345235" lon="-5.119554">
        <ele>194.114</ele>
        <time>2023-12-28T16:33:51Z</time>
      </trkpt>
      <trkpt lat="43.345295" lon="-5.119653">
        <ele>192.054</ele>
        <time>2023-12-28T16:34:31Z</time>
      </trkpt>
      <trkpt lat="43.345358" lon="-5.119720">
        <ele>189.709</ele>
        <time>2023-12-28T16:35:11Z</time>
      </trkpt>
      <trkpt lat="43.345465" lon="-5.119653">
        <ele>187.109</ele>
        <time>2023-12-28T16:35:51Z</time>
      </trkpt>
      <trkpt lat="43.345520" lon="-5.119567">
        <ele>186.182</ele>
        <time>2023-12-28T16:36:31Z</time>
      </trkpt>
      <trkpt lat="43.345606" lon="-5.119393">
        <ele>184.246</ele>
        <time>2023-12-28T16:37:11Z</time>
      </trkpt>
      <trkpt lat="43.345648" lon="-5.119318">
        <ele>182.837</ele>
        <time>2023-12-28T16:37:51Z</time>
      </trkpt>
      <trkpt lat="43.345697" lon="-5.119176">
        <ele>181.467</ele>
        <time>2023-12-28T16:38:31Z</time>
      </trkpt>
      <trkpt lat="43.345760" lon="-5.118996">
        <ele>178.351</ele>
        <time>2023-12-28T16:39:11Z</time>
      </trkpt>
      <trkpt lat="43.345830" lon="-5.118918">
        <ele>176.266</ele>
        <time>2023-12-28T16:39:51Z</time>
      </trkpt>
      <trkpt lat="43.345900" lon="-5.118953">
        <ele>174.937</ele>
        <time>2023-12-28T16:40:31Z</time>
      </trkpt>
      <trkpt lat="43.345920" lon="-5.119023">
        <ele>174.644</ele>
        <time>2023-12-28T16:41:11Z</time>
      </trkpt>
      <trkpt lat="43.345906" lon="-5.119181">
        <ele>175.166</ele>
        <time>2023-12-28T16:41:51Z</time>
      </trkpt>
      <trkpt lat="43.345855" lon="-5.119294">
        <ele>176.039</ele>
        <time>2023-12-28T16:42:31Z</time>
      </trkpt>
      <trkpt lat="43.345795" lon="-5.119449">
        <ele>177.401</ele>
        <time>2023-12-28T16:43:11Z</time>
      </trkpt>
      <trkpt lat="43.345762" lon="-5.119570">
        <ele>178.021</ele>
        <time>2023-12-28T16:43:51Z</time>
      </trkpt>
      <trkpt lat="43.345738" lon="-5.119763">
        <ele>177.609</ele>
        <time>2023-12-28T16:44:31Z</time>
      </trkpt>
      <trkpt lat="43.345709" lon="-5.119951">
        <ele>176.294</ele>
        <time>2023-12-28T16:45:11Z</time>
      </trkpt>
      <trkpt lat="43.345652" lon="-5.120216">
        <ele>169.768</ele>
        <time>2023-12-28T16:45:51Z</time>
      </trkpt>
      <trkpt lat="43.345600" lon="-5.120428">
        <ele>161.689</ele>
        <time>2023-12-28T16:46:31Z</time>
      </trkpt>
      <trkpt lat="43.345559" lon="-5.120514">
        <ele>157.959</ele>
        <time>2023-12-28T16:47:11Z</time>
      </trkpt>
      <trkpt lat="43.345543" lon="-5.120562">
        <ele>155.983</ele>
        <time>2023-12-28T16:47:51Z</time>
      </trkpt>
      <trkpt lat="43.345559" lon="-5.120651">
        <ele>151.958</ele>
        <time>2023-12-28T16:48:31Z</time>
      </trkpt>
      <trkpt lat="43.345621" lon="-5.120710">
        <ele>149.019</ele>
        <time>2023-12-28T16:49:11Z</time>
      </trkpt>
      <trkpt lat="43.345658" lon="-5.120798">
        <ele>144.866</ele>
        <time>2023-12-28T16:49:51Z</time>
      </trkpt>
      <trkpt lat="43.345719" lon="-5.120908">
        <ele>140.468</ele>
        <time>2023-12-28T16:50:31Z</time>
      </trkpt>
      <trkpt lat="43.345787" lon="-5.120965">
        <ele>137.899</ele>
        <time>2023-12-28T16:51:11Z</time>
      </trkpt>
      <trkpt lat="43.345951" lon="-5.121088">
        <ele>134.107</ele>
        <time>2023-12-28T16:51:51Z</time>
      </trkpt>
      <trkpt lat="43.346111" lon="-5.121185">
        <ele>132.927</ele>
        <time>2023-12-28T16:52:31Z</time>
      </trkpt>
      <trkpt lat="43.346263" lon="-5.121405">
        <ele>131.209</ele>
        <time>2023-12-28T16:53:11Z</time>
      </trkpt>
      <trkpt lat="43.346431" lon="-5.121619">
        <ele>128.760</ele>
        <time>2023-12-28T16:53:51Z</time>
      </trkpt>
      <trkpt lat="43.346532" lon="-5.121823">
        <ele>127.844</ele>
        <time>2023-12-28T16:54:31Z</time>
      </trkpt>
      <trkpt lat="43.346598" lon="-5.121979">
        <ele>126.495</ele>
        <time>2023-12-28T16:55:11Z</time>
      </trkpt>
      <trkpt lat="43.346665" lon="-5.122177">
        <ele>122.265</ele>
        <time>2023-12-28T16:55:51Z</time>
      </trkpt>
      <trkpt lat="43.346832" lon="-5.122247">
        <ele>124.159</ele>
        <time>2023-12-28T16:56:31Z</time>
      </trkpt>
      <trkpt lat="43.346856" lon="-5.122381">
        <ele>121.644</ele>
        <time>2023-12-28T16:57:11Z</time>
      </trkpt>
      <trkpt lat="43.346938" lon="-5.122654">
        <ele>116.265</ele>
        <time>2023-12-28T16:57:51Z</time>
      </trkpt>
      <trkpt lat="43.346985" lon="-5.122789">
        <ele>114.052</ele>
        <time>2023-12-28T16:58:31Z</time>
      </trkpt>
      <trkpt lat="43.347133" lon="-5.122864">
        <ele>116.064</ele>
        <time>2023-12-28T16:59:11Z</time>
      </trkpt>
      <trkpt lat="43.347172" lon="-5.123116">
        <ele>112.695</ele>
        <time>2023-12-28T16:59:51Z</time>
      </trkpt>
      <trkpt lat="43.347312" lon="-5.123325">
        <ele>110.149</ele>
        <time>2023-12-28T17:00:31Z</time>
      </trkpt>
      <trkpt lat="43.347468" lon="-5.123373">
        <ele>111.023</ele>
        <time>2023-12-28T17:01:11Z</time>
      </trkpt>
      <trkpt lat="43.347457" lon="-5.123454">
        <ele>109.709</ele>
        <time>2023-12-28T17:01:51Z</time>
      </trkpt>
      <trkpt lat="43.347546" lon="-5.123652">
        <ele>105.920</ele>
        <time>2023-12-28T17:02:31Z</time>
      </trkpt>
      <trkpt lat="43.347749" lon="-5.123904">
        <ele>97.534</ele>
        <time>2023-12-28T17:03:11Z</time>
      </trkpt>
      <trkpt lat="43.347897" lon="-5.124065">
        <ele>100.245</ele>
        <time>2023-12-28T17:03:51Z</time>
      </trkpt>
      <trkpt lat="43.348042" lon="-5.124215">
        <ele>96.815</ele>
        <time>2023-12-28T17:04:31Z</time>
      </trkpt>
      <trkpt lat="43.348147" lon="-5.124393">
        <ele>96.619</ele>
        <time>2023-12-28T17:05:11Z</time>
      </trkpt>
      <trkpt lat="43.348268" lon="-5.124666">
        <ele>94.114</ele>
        <time>2023-12-28T17:05:51Z</time>
      </trkpt>
      <trkpt lat="43.348323" lon="-5.124800">
        <ele>93.195</ele>
        <time>2023-12-28T17:06:31Z</time>
      </trkpt>
      <trkpt lat="43.348327" lon="-5.124859">
        <ele>93.672</ele>
        <time>2023-12-28T17:07:11Z</time>
      </trkpt>
      <trkpt lat="43.348358" lon="-5.124967">
        <ele>94.284</ele>
        <time>2023-12-28T17:07:51Z</time>
      </trkpt>
      <trkpt lat="43.348467" lon="-5.125262">
        <ele>93.037</ele>
        <time>2023-12-28T17:08:31Z</time>
      </trkpt>
      <trkpt lat="43.348541" lon="-5.125460">
        <ele>91.849</ele>
        <time>2023-12-28T17:09:11Z</time>
      </trkpt>
      <trkpt lat="43.348697" lon="-5.125659">
        <ele>90.613</ele>
        <time>2023-12-28T17:09:51Z</time>
      </trkpt>
      <trkpt lat="43.348787" lon="-5.125905">
        <ele>89.509</ele>
        <time>2023-12-28T17:10:31Z</time>
      </trkpt>
      <trkpt lat="43.348849" lon="-5.126125">
        <ele>88.274</ele>
        <time>2023-12-28T17:11:11Z</time>
      </trkpt>
      <trkpt lat="43.348857" lon="-5.126334">
        <ele>87.448</ele>
        <time>2023-12-28T17:11:51Z</time>
      </trkpt>
      <trkpt lat="43.348834" lon="-5.126554">
        <ele>86.769</ele>
        <time>2023-12-28T17:12:31Z</time>
      </trkpt>
      <trkpt lat="43.348767" lon="-5.126871">
        <ele>85.319</ele>
        <time>2023-12-28T17:13:11Z</time>
      </trkpt>
      <trkpt lat="43.348697" lon="-5.127096">
        <ele>84.323</ele>
        <time>2023-12-28T17:13:51Z</time>
      </trkpt>
      <trkpt lat="43.348682" lon="-5.127182">
        <ele>83.858</ele>
        <time>2023-12-28T17:14:31Z</time>
      </trkpt>
      <trkpt lat="43.348760" lon="-5.127268">
        <ele>82.399</ele>
        <time>2023-12-28T17:15:11Z</time>
      </trkpt>
      <trkpt lat="43.349200" lon="-5.127590">
        <ele>76.826</ele>
        <time>2023-12-28T17:15:51Z</time>
      </trkpt>
      <trkpt lat="43.349583" lon="-5.127874">
        <ele>72.518</ele>
        <time>2023-12-28T17:16:31Z</time>
      </trkpt>
      <trkpt lat="43.349774" lon="-5.128003">
        <ele>70.052</ele>
        <time>2023-12-28T17:17:11Z</time>
      </trkpt>
      <trkpt lat="43.350074" lon="-5.128121">
        <ele>66.353</ele>
        <time>2023-12-28T17:17:51Z</time>
      </trkpt>
      <trkpt lat="43.349988" lon="-5.128421">
        <ele>65.908</ele>
        <time>2023-12-28T17:18:31Z</time>
      </trkpt>
      <trkpt lat="43.349945" lon="-5.128534">
        <ele>66.009</ele>
        <time>2023-12-28T17:19:11Z</time>
      </trkpt>
      <trkpt lat="43.349883" lon="-5.128899">
        <ele>65.416</ele>
        <time>2023-12-28T17:19:51Z</time>
      </trkpt>
    </trkseg>
  </trk></gpx>